{
  "events": [
    {
      "event": "call",
      "http_server_request": {
        "headers": {
          "Cookie": "appland_session=bFU5p0cvqrcXlz2oQfgEZG3%2BQjfds2AwmlOA%2Fx5fhQLjPvVHIKrHyvnbeq5nw8c5sME56znPsnpSSzB3nr%2BHfdk9sEC9MgOgNKjgjD8qlzGqDVuwRPr30ch96LWGIDwuITrAUwQGqlUw7%2Fdsq0tjrfHFPTlemq71kQtCAIi9JTRWo5tLPJlG%2F9JtfTuiWIfWg8X67ZkAOuaapIHdaA5w5QtwMr7h34LfseImCERQpzoz9xTqJYqSi2SJ9RE1eVw2jyYFG9IGPA4d1USUIXvAmeaMOQ9Z%2BDmKhiIRXve6%2BzO47%2F2RW1kaH2PND2r0EKz%2BaWMbrXswEaj2kjwx09pTJANR5arO0I9c2RelyrURJyvI%2FZ8OwnG99VyxbE2scovqFvxwhmhXr1KDOxpRle3VOJSpxXtFaDjv2TSSbtqGkIj4T51u58xasM4KbZUpapu5OQ5ENf%2FSMADW4DHmCrSQJ14SgVbNtrazlgwdph5p0AKax1l0Bw7j0jz2SGT9C5HMnzVyZdV59G6paFrgLqvtGuXdWr4VeJt2tPVftjki2S0LpmpTAacYMTeiz0JRvAUI2MTy5coFmozGwP2tYolztMsGb%2Bss8Pp0ZRYy8EsEs78L1J1nDMR5VCJ5yVhSq8JXZA7Misee05vblyt4OMHf9CA4AMzWpe2NbExRxiHuW%2Bkx%2F83vj%2Btrqn1QRG33cQUOn3jl8nfSuSLj5p0K5PYVYnXJu8E7RhAyqpC6J23a%2F8B4qsDAOrIrUYPQAWaYOsjd0i3Q5y49d77RlVc7zyyLJxFNVWLlYCD5BrfOMpyF2f9InowPEQei23xjT4UE0W3dXZP1xhk5wDvQ--zbb2b%2Flld908TQxF--8LcY2kn8%2BBw8bSaDiyP6LQ%3D%3D",
          "Accept": "application/json, text/plain, */*",
          "Connection": "keep-alive",
          "User-Agent": "Mozilla/5.0 (Macintosh; Intel Mac OS X 10_15_7) AppleWebKit/537.36 (KHTML, like Gecko) Chrome/125.0.0.0 Safari/537.36",
          "Referer": "http://localhost:8080/",
          "Sec-Fetch-Site": "same-origin",
          "Sec-Fetch-Dest": "empty",
          "Host": "localhost:8080",
          "Accept-Encoding": "gzip, deflate, br, zstd",
          "Sec-Fetch-Mode": "cors",
          "sec-ch-ua": "\"Google Chrome\";v=\"125\", \"Chromium\";v=\"125\", \"Not.A/Brand\";v=\"24\"",
          "sec-ch-ua-mobile": "?0",
          "Cache-Control": "max-age=0",
          "sec-ch-ua-platform": "\"macOS\"",
          "If-Modified-Since": "0",
          "Accept-Language": "en-US,en;q=0.9"
        },
        "path_info": "/api/static-panel/group",
        "protocol": "HTTP/1.1",
        "request_method": "GET"
      },
      "id": 1,
      "thread_id": 34
    },
    {
      "defined_class": "org.finos.waltz.web.endpoints.auth.JWTAuthenticationFilter",
      "event": "call",
      "id": 2,
      "lineno": 62,
      "method_id": "handle",
      "parameters": [
        {
          "class": "spark.http.matching.RequestWrapper",
          "kind": "req",
          "name": "request",
          "object_id": 400375284,
          "value": "spark.Request@53fb6a7f"
        },
        {
          "class": "spark.http.matching.ResponseWrapper",
          "kind": "req",
          "name": "response",
          "object_id": 600310362,
          "value": "spark.Response@444fff15"
        }
      ],
      "path": "waltz-web/src/main/java/org/finos/waltz/web/endpoints/auth/JWTAuthenticationFilter.java",
      "receiver": {
        "class": "org.finos.waltz.web.endpoints.auth.JWTAuthenticationFilter",
        "object_id": 1161636242,
        "value": "org.finos.waltz.web.endpoints.auth.JWTAuthenticationFilter@453d2992"
      },
      "static": false,
      "thread_id": 34
    },
    {
      "elapsed": 0.000023,
      "event": "return",
      "id": 3,
      "parent_id": 2,
      "thread_id": 34
    },
    {
      "defined_class": "org.finos.waltz.service.static_panel.StaticPanelService",
      "event": "call",
      "id": 4,
      "lineno": 45,
      "method_id": "findByGroups",
      "parameters": [
        {
          "class": "[Ljava.lang.String;",
          "kind": "req",
          "name": "groups",
          "object_id": 973293813,
          "value": "[Ljava.lang.String;@3a0348f5"
        }
      ],
      "path": "waltz-service/src/main/java/org/finos/waltz/service/static_panel/StaticPanelService.java",
      "receiver": {
        "class": "org.finos.waltz.service.static_panel.StaticPanelService",
        "object_id": 1069944969,
        "value": "org.finos.waltz.service.static_panel.StaticPanelService@3fc61089"
      },
      "static": false,
      "thread_id": 34
    },
    {
      "defined_class": "org.finos.waltz.common.ArrayUtilities",
      "event": "call",
      "id": 5,
      "lineno": 53,
      "method_id": "isEmpty",
      "parameters": [
        {
          "class": "[Ljava.lang.String;",
          "kind": "req",
          "name": "arr",
          "object_id": 973293813,
          "value": "[Ljava.lang.String;@3a0348f5"
        }
      ],
      "path": "waltz-common/src/main/java/org/finos/waltz/common/ArrayUtilities.java",
      "static": true,
      "thread_id": 34
    },
    {
      "elapsed": 0.0000102,
      "event": "return",
      "id": 6,
      "parent_id": 5,
      "return_value": {
        "class": "java.lang.Boolean",
        "object_id": 958930199,
        "value": "false"
      },
      "thread_id": 34
    },
    {
      "defined_class": "org.finos.waltz.data.static_panel.StaticPanelDao",
      "event": "call",
      "id": 7,
      "lineno": 67,
      "method_id": "findByGroups",
      "parameters": [
        {
          "class": "[Ljava.lang.String;",
          "kind": "req",
          "name": "groups",
          "object_id": 973293813,
          "value": "[Ljava.lang.String;@3a0348f5"
        }
      ],
      "path": "waltz-data/src/main/java/org/finos/waltz/data/static_panel/StaticPanelDao.java",
      "receiver": {
        "class": "org.finos.waltz.data.static_panel.StaticPanelDao",
        "object_id": 566617896,
        "value": "org.finos.waltz.data.static_panel.StaticPanelDao@21c5e728"
      },
      "static": false,
      "thread_id": 34
    },
    {
      "defined_class": "org.finos.waltz.schema.tables.StaticPanel",
      "event": "call",
      "id": 8,
      "lineno": 174,
      "method_id": "fieldsRow",
      "path": "org/finos/waltz/schema/tables/StaticPanel.java",
      "receiver": {
        "class": "org.finos.waltz.schema.tables.StaticPanel",
        "object_id": 559439034,
        "value": "\"static_panel\""
      },
      "static": false,
      "thread_id": 34
    },
    {
      "elapsed": 0.0000064,
      "event": "return",
      "id": 9,
      "parent_id": 8,
      "return_value": {
        "class": "org.jooq.impl.RowImpl",
        "object_id": 1505384253,
        "value": "(\"static_panel\".\"id\", \"static_panel\".\"group\", \"static_panel\".\"title\", \"static_panel\".\"icon\", \"static_panel\".\"priority\", \"static_panel\".\"width\", \"static_panel\".\"encoding\", \"static_panel\".\"content\")"
      },
      "thread_id": 34
    },
    {
      "event": "call",
      "id": 10,
      "sql_query": {
        "database_type": "PostgreSQL",
        "sql": "select \"static_panel\".\"id\", \"static_panel\".\"group\", \"static_panel\".\"title\", \"static_panel\".\"icon\", \"static_panel\".\"priority\", \"static_panel\".\"width\", \"static_panel\".\"encoding\", \"static_panel\".\"content\" from \"static_panel\" where \"static_panel\".\"group\" in (?) order by \"static_panel\".\"priority\" asc"
      },
      "thread_id": 34
    },
    {
      "elapsed": 0.0000122,
      "event": "return",
      "id": 11,
      "parent_id": 10,
      "thread_id": 34
    },
    {
      "defined_class": "org.finos.waltz.service.SlowQueryListener",
      "event": "call",
      "id": 12,
      "lineno": 59,
      "method_id": "executeStart",
      "parameters": [
        {
          "class": "org.jooq.impl.DefaultExecuteContext",
          "kind": "req",
          "name": "ctx",
          "object_id": 1360688871,
          "value": "org.jooq.impl.DefaultExecuteContext@511a76e7"
        }
      ],
      "path": "waltz-service/src/main/java/org/finos/waltz/service/SlowQueryListener.java",
      "receiver": {
        "class": "org.finos.waltz.service.SlowQueryListener",
        "object_id": 1526683037,
        "value": "org.finos.waltz.service.SlowQueryListener@5aff559d"
      },
      "static": false,
      "thread_id": 34
    },
    {
      "elapsed": 0.0000048,
      "event": "return",
      "id": 13,
      "parent_id": 12,
      "thread_id": 34
    },
    {
      "defined_class": "org.finos.waltz.service.SlowQueryListener",
      "event": "call",
      "id": 14,
      "lineno": 66,
      "method_id": "executeEnd",
      "parameters": [
        {
          "class": "org.jooq.impl.DefaultExecuteContext",
          "kind": "req",
          "name": "ctx",
          "object_id": 1360688871,
          "value": "org.jooq.impl.DefaultExecuteContext@511a76e7"
        }
      ],
      "path": "waltz-service/src/main/java/org/finos/waltz/service/SlowQueryListener.java",
      "receiver": {
        "class": "org.finos.waltz.service.SlowQueryListener",
        "object_id": 1526683037,
        "value": "org.finos.waltz.service.SlowQueryListener@5aff559d"
      },
      "static": false,
      "thread_id": 34
    },
    {
      "elapsed": 0.0000276,
      "event": "return",
      "id": 15,
      "parent_id": 14,
      "thread_id": 34
    },
    {
      "elapsed": 0.0005271,
      "event": "return",
      "id": 16,
      "parent_id": 7,
      "return_value": {
        "class": "java.util.ArrayList",
        "object_id": 1779862662,
        "value": "[]"
      },
      "thread_id": 34
    },
    {
      "elapsed": 0.0006448,
      "event": "return",
      "id": 17,
      "parent_id": 4,
      "return_value": {
        "class": "java.util.ArrayList",
        "object_id": 1779862662,
        "value": "[]"
      },
      "thread_id": 34
    },
    {
      "elapsed": 0.0008424,
      "event": "return",
      "http_server_response": {
        "headers": {
          "Access-Control-Expose-Headers": "*",
          "Access-Control-Allow-Origin": "*",
          "Date": "Tue, 04 Jun 2024 17:31:07 GMT",
          "Content-Type": "application/json"
        },
        "status": 200
      },
      "id": 18,
      "parent_id": 1,
      "thread_id": 34
    }
  ],
  "version": "1.2",
  "metadata": {
    "name": "GET /api/static-panel/group (200) - 17:31:07.011",
    "app": "waltz",
    "language": {
      "name": "java",
      "version": "17.0.8+9-LTS-211",
      "engine": "Java HotSpot(TM) 64-Bit Server VM"
    },
    "client": {
      "name": "appmap-java",
      "url": "https://github.com/appland/appmap-java"
    },
    "recorder": {
      "name": "request_recording",
      "type": "requests"
    },
    "recording": {},
    "git": {
      "repository": "git@github.com:land-of-apps/waltz.git",
      "branch": "master",
      "commit": "4843ed86d43213c400243d4cf09afe5318490c9e"
    }
  },
  "classMap": [
    {
      "children": [
        {
          "children": [
            {
              "children": [
                {
                  "children": [
                    {
                      "children": [
                        {
                          "children": [
                            {
                              "name": "fieldsRow",
                              "type": "function",
                              "static": false,
                              "location": "org/finos/waltz/schema/tables/StaticPanel.java:174"
                            }
                          ],
                          "name": "StaticPanel",
                          "type": "class"
                        }
                      ],
                      "name": "tables",
                      "type": "package"
                    }
                  ],
                  "name": "schema",
                  "type": "package"
                },
                {
                  "children": [
                    {
                      "children": [
                        {
                          "children": [
                            {
                              "name": "findByGroups",
                              "type": "function",
                              "static": false,
                              "location": "waltz-data/src/main/java/org/finos/waltz/data/static_panel/StaticPanelDao.java:67"
                            }
                          ],
                          "name": "StaticPanelDao",
                          "type": "class"
                        }
                      ],
                      "name": "static_panel",
                      "type": "package"
                    }
                  ],
                  "name": "data",
                  "type": "package"
                },
                {
                  "children": [
                    {
                      "children": [
                        {
                          "name": "executeEnd",
                          "type": "function",
                          "static": false,
                          "location": "waltz-service/src/main/java/org/finos/waltz/service/SlowQueryListener.java:66"
                        },
                        {
                          "name": "executeStart",
                          "type": "function",
                          "static": false,
                          "location": "waltz-service/src/main/java/org/finos/waltz/service/SlowQueryListener.java:59"
                        }
                      ],
                      "name": "SlowQueryListener",
                      "type": "class"
                    },
                    {
                      "children": [
                        {
                          "children": [
                            {
                              "name": "findByGroups",
                              "type": "function",
                              "static": false,
                              "location": "waltz-service/src/main/java/org/finos/waltz/service/static_panel/StaticPanelService.java:45"
                            }
                          ],
                          "name": "StaticPanelService",
                          "type": "class"
                        }
                      ],
                      "name": "static_panel",
                      "type": "package"
                    }
                  ],
                  "name": "service",
                  "type": "package"
                },
                {
                  "children": [
                    {
                      "children": [
                        {
                          "children": [
                            {
                              "children": [
                                {
                                  "name": "handle",
                                  "type": "function",
                                  "static": false,
                                  "location": "waltz-web/src/main/java/org/finos/waltz/web/endpoints/auth/JWTAuthenticationFilter.java:62"
                                }
                              ],
                              "name": "JWTAuthenticationFilter",
                              "type": "class"
                            }
                          ],
                          "name": "auth",
                          "type": "package"
                        }
                      ],
                      "name": "endpoints",
                      "type": "package"
                    }
                  ],
                  "name": "web",
                  "type": "package"
                },
                {
                  "children": [
                    {
                      "children": [
                        {
                          "name": "isEmpty",
                          "type": "function",
                          "static": true,
                          "location": "waltz-common/src/main/java/org/finos/waltz/common/ArrayUtilities.java:53"
                        }
                      ],
                      "name": "ArrayUtilities",
                      "type": "class"
                    }
                  ],
                  "name": "common",
                  "type": "package"
                }
              ],
              "name": "waltz",
              "type": "package"
            }
          ],
          "name": "finos",
          "type": "package"
        }
      ],
      "name": "org",
      "type": "package"
    },
    {
      "type": "http",
      "name": "HTTP server requests",
      "children": [
        {
          "type": "route",
          "name": "GET /api/static-panel/group"
        }
      ]
    },
    {
      "type": "database",
      "name": "Database",
      "children": [
        {
          "type": "query",
          "name": "select \"static_panel\".\"id\", \"static_panel\".\"group\", \"static_panel\".\"title\", \"static_panel\".\"icon\", \"static_panel\".\"priority\", \"static_panel\".\"width\", \"static_panel\".\"encoding\", \"static_panel\".\"content\" from \"static_panel\" where \"static_panel\".\"group\" in (?) order by \"static_panel\".\"priority\" asc"
        }
      ]
    }
  ]
}