{
  "events": [
    {
      "event": "call",
      "http_server_request": {
        "headers": {
          "Accept": "*/*",
          "Connection": "keep-alive",
          "User-Agent": "Mozilla/5.0 (Macintosh; Intel Mac OS X 10_15_7) AppleWebKit/537.36 (KHTML, like Gecko) Chrome/125.0.0.0 Safari/537.36",
          "Referer": "http://localhost:8080/application/50",
          "Sec-Fetch-Site": "same-origin",
          "Sec-Fetch-Dest": "script",
          "Host": "localhost:8080",
          "Accept-Encoding": "gzip, deflate, br, zstd",
          "Sec-Fetch-Mode": "no-cors",
          "sec-ch-ua": "\"Brave\";v=\"125\", \"Chromium\";v=\"125\", \"Not.A/Brand\";v=\"24\"",
          "sec-ch-ua-mobile": "?0",
          "sec-ch-ua-platform": "\"macOS\"",
          "Sec-GPC": "1",
          "Accept-Language": "en-US,en"
        },
        "path_info": "/app-b13ad7b1.415ea4dd6540aa0ab65b.js",
        "protocol": "HTTP/1.1",
        "request_method": "GET"
      },
      "id": 1,
      "thread_id": 46
    },
    {
      "defined_class": "org.finos.waltz.web.endpoints.api.StaticResourcesEndpoint",
      "event": "call",
      "id": 2,
      "lineno": 170,
      "method_id": "resolvePath",
      "parameters": [
        {
          "class": "spark.http.matching.RequestWrapper",
          "kind": "req",
          "name": "request",
          "object_id": 1019284974,
          "value": "spark.Request@1c5fed29"
        }
      ],
      "path": "waltz-web/src/main/java/org/finos/waltz/web/endpoints/api/StaticResourcesEndpoint.java",
      "receiver": {
        "class": "org.finos.waltz.web.endpoints.api.StaticResourcesEndpoint",
        "object_id": 1620608213,
        "value": "org.finos.waltz.web.endpoints.api.StaticResourcesEndpoint@609884d5"
      },
      "static": false,
      "thread_id": 46
    },
    {
      "elapsed": 0.000024,
      "event": "return",
      "id": 3,
      "parent_id": 2,
      "return_value": {
        "class": "java.lang.String",
        "object_id": 888549728,
        "value": "static/app-b13ad7b1.415ea4dd6540aa0ab65b.js"
      },
      "thread_id": 46
    },
    {
      "defined_class": "org.finos.waltz.web.WebUtilities",
      "event": "call",
      "id": 4,
      "lineno": 337,
      "method_id": "getMimeType",
      "parameters": [
        {
          "class": "java.lang.String",
          "kind": "req",
          "name": "path",
          "object_id": 888549728,
          "value": "static/app-b13ad7b1.415ea4dd6540aa0ab65b.js"
        }
      ],
      "path": "waltz-web/src/main/java/org/finos/waltz/web/WebUtilities.java",
      "static": true,
      "thread_id": 46
    },
    {
      "defined_class": "org.finos.waltz.common.ObjectUtilities",
      "event": "call",
      "id": 5,
      "lineno": 34,
      "method_id": "firstNotNull",
      "parameters": [
        {
          "class": "[Ljava.lang.String;",
          "kind": "req",
          "name": "ts",
          "object_id": 1665321775,
          "value": "[Ljava.lang.String;@6342cb2f"
        }
      ],
      "path": "waltz-common/src/main/java/org/finos/waltz/common/ObjectUtilities.java",
      "static": true,
      "thread_id": 46
    },
    {
      "elapsed": 0.0000146,
      "event": "return",
      "id": 6,
      "parent_id": 5,
      "return_value": {
        "class": "java.lang.String",
        "object_id": 2064591981,
        "value": "text/javascript"
      },
      "thread_id": 46
    },
    {
      "elapsed": 0.0000745,
      "event": "return",
      "id": 7,
      "parent_id": 4,
      "return_value": {
        "class": "java.lang.String",
        "object_id": 2064591981,
        "value": "text/javascript"
      },
      "thread_id": 46
    },
    {
      "defined_class": "org.finos.waltz.web.endpoints.api.StaticResourcesEndpoint",
      "event": "call",
      "id": 8,
      "lineno": 107,
      "method_id": "addCacheHeadersIfNeeded",
      "parameters": [
        {
          "class": "spark.http.matching.ResponseWrapper",
          "kind": "req",
          "name": "response",
          "object_id": 1473778900,
          "value": "spark.Response@52a0527e"
        },
        {
          "class": "java.lang.String",
          "kind": "req",
          "name": "resolvedPath",
          "object_id": 888549728,
          "value": "static/app-b13ad7b1.415ea4dd6540aa0ab65b.js"
        }
      ],
      "path": "waltz-web/src/main/java/org/finos/waltz/web/endpoints/api/StaticResourcesEndpoint.java",
      "receiver": {
        "class": "org.finos.waltz.web.endpoints.api.StaticResourcesEndpoint",
        "object_id": 1620608213,
        "value": "org.finos.waltz.web.endpoints.api.StaticResourcesEndpoint@609884d5"
      },
      "static": false,
      "thread_id": 46
    },
    {
      "elapsed": 0.0000184,
      "event": "return",
      "id": 9,
      "parent_id": 8,
      "thread_id": 46
    },
    {
      "defined_class": "org.finos.waltz.web.endpoints.api.StaticResourcesEndpoint",
      "event": "call",
      "id": 10,
      "lineno": 126,
      "method_id": "modifyIndexBaseTagIfNeeded",
      "parameters": [
        {
          "class": "spark.http.matching.RequestWrapper",
          "kind": "req",
          "name": "request",
          "object_id": 1019284974,
          "value": "spark.Request@1c5fed29"
        },
        {
          "class": "java.lang.String",
          "kind": "req",
          "name": "resolvedPath",
          "object_id": 888549728,
          "value": "static/app-b13ad7b1.415ea4dd6540aa0ab65b.js"
        },
        {
          "class": "java.io.BufferedInputStream",
          "kind": "req",
          "name": "resourceStream",
          "object_id": 838192038,
          "value": "java.io.BufferedInputStream@31f5cba6"
        }
      ],
      "path": "waltz-web/src/main/java/org/finos/waltz/web/endpoints/api/StaticResourcesEndpoint.java",
      "receiver": {
        "class": "org.finos.waltz.web.endpoints.api.StaticResourcesEndpoint",
        "object_id": 1620608213,
        "value": "org.finos.waltz.web.endpoints.api.StaticResourcesEndpoint@609884d5"
      },
      "static": false,
      "thread_id": 46
    },
    {
      "elapsed": 0.0000022,
      "event": "return",
      "id": 11,
      "parent_id": 10,
      "return_value": {
        "class": "java.io.BufferedInputStream",
        "object_id": 838192038,
        "value": "java.io.BufferedInputStream@31f5cba6"
      },
      "thread_id": 46
    },
    {
      "defined_class": "org.finos.waltz.common.IOUtilities",
      "event": "call",
      "id": 12,
      "lineno": 54,
      "method_id": "copyStream",
      "parameters": [
        {
          "class": "java.io.BufferedInputStream",
          "kind": "req",
          "name": "input",
          "object_id": 838192038,
          "value": "java.io.BufferedInputStream@31f5cba6"
        },
        {
          "class": "org.eclipse.jetty.server.HttpOutput",
          "kind": "req",
          "name": "output",
          "object_id": 1484826147,
          "value": "HttpOutput@5880a623{s=OPEN,api=BLOCKING,sc=false,e=null}"
        }
      ],
      "path": "waltz-common/src/main/java/org/finos/waltz/common/IOUtilities.java",
      "static": true,
      "thread_id": 46
    },
    {
      "defined_class": "org.finos.waltz.common.Checks",
      "event": "call",
      "id": 13,
      "lineno": 37,
      "method_id": "checkNotNull",
      "parameters": [
        {
          "class": "java.io.BufferedInputStream",
          "kind": "req",
          "name": "t",
          "object_id": 838192038,
          "value": "java.io.BufferedInputStream@31f5cba6"
        },
        {
          "class": "java.lang.String",
          "kind": "req",
          "name": "message",
          "object_id": 933045677,
          "value": "Input stream cannot be null"
        },
        {
          "class": "[Ljava.lang.Object;",
          "kind": "req",
          "name": "args",
          "object_id": 1151034628,
          "value": "[Ljava.lang.Object;@449b6504"
        }
      ],
      "path": "waltz-common/src/main/java/org/finos/waltz/common/Checks.java",
      "static": true,
      "thread_id": 46
    },
    {
      "defined_class": "org.finos.waltz.common.Checks",
      "event": "call",
      "id": 14,
      "lineno": 85,
      "method_id": "checkTrue",
      "parameters": [
        {
          "class": "java.lang.Boolean",
          "kind": "req",
          "name": "b",
          "object_id": 1639612098,
          "value": "true"
        },
        {
          "class": "java.lang.String",
          "kind": "req",
          "name": "msg",
          "object_id": 933045677,
          "value": "Input stream cannot be null"
        },
        {
          "class": "[Ljava.lang.Object;",
          "kind": "req",
          "name": "args",
          "object_id": 1151034628,
          "value": "[Ljava.lang.Object;@449b6504"
        }
      ],
      "path": "waltz-common/src/main/java/org/finos/waltz/common/Checks.java",
      "static": true,
      "thread_id": 46
    },
    {
      "elapsed": 0.0000024,
      "event": "return",
      "id": 15,
      "parent_id": 14,
      "thread_id": 46
    },
    {
      "elapsed": 0.0000086,
      "event": "return",
      "id": 16,
      "parent_id": 13,
      "return_value": {
        "class": "java.io.BufferedInputStream",
        "object_id": 838192038,
        "value": "java.io.BufferedInputStream@31f5cba6"
      },
      "thread_id": 46
    },
    {
      "defined_class": "org.finos.waltz.common.Checks",
      "event": "call",
      "id": 17,
      "lineno": 37,
      "method_id": "checkNotNull",
      "parameters": [
        {
          "class": "org.eclipse.jetty.server.HttpOutput",
          "kind": "req",
          "name": "t",
          "object_id": 1484826147,
          "value": "HttpOutput@5880a623{s=OPEN,api=BLOCKING,sc=false,e=null}"
        },
        {
          "class": "java.lang.String",
          "kind": "req",
          "name": "message",
          "object_id": 432617192,
          "value": "Output stream cannot be null"
        },
        {
          "class": "[Ljava.lang.Object;",
          "kind": "req",
          "name": "args",
          "object_id": 1400023031,
          "value": "[Ljava.lang.Object;@5372a7f7"
        }
      ],
      "path": "waltz-common/src/main/java/org/finos/waltz/common/Checks.java",
      "static": true,
      "thread_id": 46
    },
    {
      "defined_class": "org.finos.waltz.common.Checks",
      "event": "call",
      "id": 18,
      "lineno": 85,
      "method_id": "checkTrue",
      "parameters": [
        {
          "class": "java.lang.Boolean",
          "kind": "req",
          "name": "b",
          "object_id": 1639612098,
          "value": "true"
        },
        {
          "class": "java.lang.String",
          "kind": "req",
          "name": "msg",
          "object_id": 432617192,
          "value": "Output stream cannot be null"
        },
        {
          "class": "[Ljava.lang.Object;",
          "kind": "req",
          "name": "args",
          "object_id": 1400023031,
          "value": "[Ljava.lang.Object;@5372a7f7"
        }
      ],
      "path": "waltz-common/src/main/java/org/finos/waltz/common/Checks.java",
      "static": true,
      "thread_id": 46
    },
    {
      "elapsed": 0.0000034,
      "event": "return",
      "id": 19,
      "parent_id": 18,
      "thread_id": 46
    },
    {
      "elapsed": 0.000007,
      "event": "return",
      "id": 20,
      "parent_id": 17,
      "return_value": {
        "class": "org.eclipse.jetty.server.HttpOutput",
        "object_id": 1484826147,
        "value": "HttpOutput@5880a623{s=OPEN,api=BLOCKING,sc=false,e=null}"
      },
      "thread_id": 46
    },
    {
      "elapsed": 0.0001066,
      "event": "return",
      "id": 21,
      "parent_id": 12,
      "thread_id": 46
    },
    {
      "elapsed": 0.0006735,
      "event": "return",
      "http_server_response": {
        "headers": {
          "Access-Control-Expose-Headers": "*",
          "Cache-Control": "max-age=2592000",
          "Access-Control-Allow-Origin": "*",
          "Date": "Tue, 04 Jun 2024 17:35:45 GMT",
          "Content-Type": "text/javascript"
        },
        "status": 200
      },
      "id": 22,
      "parent_id": 1,
      "thread_id": 46
    }
  ],
  "version": "1.2",
  "metadata": {
    "name": "GET /app-b13ad7b1.415ea4dd6540aa0ab65b.js (200) - 17:35:45.612",
    "app": "waltz",
    "language": {
      "name": "java",
      "version": "17.0.8+9-LTS-211",
      "engine": "Java HotSpot(TM) 64-Bit Server VM"
    },
    "client": {
      "name": "appmap-java",
      "url": "https://github.com/appland/appmap-java"
    },
    "recorder": {
      "name": "request_recording",
      "type": "requests"
    },
    "recording": {},
    "git": {
      "repository": "git@github.com:land-of-apps/waltz.git",
      "branch": "master",
      "commit": "4843ed86d43213c400243d4cf09afe5318490c9e"
    }
  },
  "classMap": [
    {
      "children": [
        {
          "children": [
            {
              "children": [
                {
                  "children": [
                    {
                      "children": [
                        {
                          "name": "copyStream",
                          "type": "function",
                          "static": true,
                          "location": "waltz-common/src/main/java/org/finos/waltz/common/IOUtilities.java:54"
                        }
                      ],
                      "name": "IOUtilities",
                      "type": "class"
                    },
                    {
                      "children": [
                        {
                          "name": "checkTrue",
                          "type": "function",
                          "static": true,
                          "location": "waltz-common/src/main/java/org/finos/waltz/common/Checks.java:85"
                        },
                        {
                          "name": "checkNotNull",
                          "type": "function",
                          "static": true,
                          "location": "waltz-common/src/main/java/org/finos/waltz/common/Checks.java:37"
                        }
                      ],
                      "name": "Checks",
                      "type": "class"
                    },
                    {
                      "children": [
                        {
                          "name": "firstNotNull",
                          "type": "function",
                          "static": true,
                          "location": "waltz-common/src/main/java/org/finos/waltz/common/ObjectUtilities.java:34"
                        }
                      ],
                      "name": "ObjectUtilities",
                      "type": "class"
                    }
                  ],
                  "name": "common",
                  "type": "package"
                },
                {
                  "children": [
                    {
                      "children": [
                        {
                          "children": [
                            {
                              "children": [
                                {
                                  "name": "resolvePath",
                                  "type": "function",
                                  "static": false,
                                  "location": "waltz-web/src/main/java/org/finos/waltz/web/endpoints/api/StaticResourcesEndpoint.java:170"
                                },
                                {
                                  "name": "addCacheHeadersIfNeeded",
                                  "type": "function",
                                  "static": false,
                                  "location": "waltz-web/src/main/java/org/finos/waltz/web/endpoints/api/StaticResourcesEndpoint.java:107"
                                },
                                {
                                  "name": "modifyIndexBaseTagIfNeeded",
                                  "type": "function",
                                  "static": false,
                                  "location": "waltz-web/src/main/java/org/finos/waltz/web/endpoints/api/StaticResourcesEndpoint.java:126"
                                }
                              ],
                              "name": "StaticResourcesEndpoint",
                              "type": "class"
                            }
                          ],
                          "name": "api",
                          "type": "package"
                        }
                      ],
                      "name": "endpoints",
                      "type": "package"
                    },
                    {
                      "children": [
                        {
                          "name": "getMimeType",
                          "type": "function",
                          "static": true,
                          "location": "waltz-web/src/main/java/org/finos/waltz/web/WebUtilities.java:337"
                        }
                      ],
                      "name": "WebUtilities",
                      "type": "class"
                    }
                  ],
                  "name": "web",
                  "type": "package"
                }
              ],
              "name": "waltz",
              "type": "package"
            }
          ],
          "name": "finos",
          "type": "package"
        }
      ],
      "name": "org",
      "type": "package"
    },
    {
      "type": "http",
      "name": "HTTP server requests",
      "children": [
        {
          "type": "route",
          "name": "GET /app-b13ad7b1.415ea4dd6540aa0ab65b.js"
        }
      ]
    }
  ]
}