{
  "events": [
    {
      "event": "call",
      "http_server_request": {
        "headers": {
          "Accept": "application/json, text/plain, */*",
          "Connection": "keep-alive",
          "User-Agent": "Mozilla/5.0 (Macintosh; Intel Mac OS X 10_15_7) AppleWebKit/537.36 (KHTML, like Gecko) Chrome/125.0.0.0 Safari/537.36",
          "Referer": "http://localhost:8080/application/50",
          "Sec-Fetch-Site": "same-origin",
          "Sec-Fetch-Dest": "empty",
          "Host": "localhost:8080",
          "Accept-Encoding": "gzip, deflate, br, zstd",
          "Sec-Fetch-Mode": "cors",
          "sec-ch-ua": "\"Brave\";v=\"125\", \"Chromium\";v=\"125\", \"Not.A/Brand\";v=\"24\"",
          "sec-ch-ua-mobile": "?0",
          "Cache-Control": "max-age=0",
          "sec-ch-ua-platform": "\"macOS\"",
          "If-Modified-Since": "0",
          "Sec-GPC": "1",
          "Accept-Language": "en-US,en"
        },
        "path_info": "/api/favourites/entries",
        "protocol": "HTTP/1.1",
        "request_method": "GET"
      },
      "id": 1,
      "thread_id": 36
    },
    {
      "defined_class": "org.finos.waltz.web.endpoints.auth.JWTAuthenticationFilter",
      "event": "call",
      "id": 2,
      "lineno": 62,
      "method_id": "handle",
      "parameters": [
        {
          "class": "spark.http.matching.RequestWrapper",
          "kind": "req",
          "name": "request",
          "object_id": 54325150,
          "value": "spark.Request@267b532b"
        },
        {
          "class": "spark.http.matching.ResponseWrapper",
          "kind": "req",
          "name": "response",
          "object_id": 43975780,
          "value": "spark.Response@47685ce1"
        }
      ],
      "path": "waltz-web/src/main/java/org/finos/waltz/web/endpoints/auth/JWTAuthenticationFilter.java",
      "receiver": {
        "class": "org.finos.waltz.web.endpoints.auth.JWTAuthenticationFilter",
        "object_id": 1161636242,
        "value": "org.finos.waltz.web.endpoints.auth.JWTAuthenticationFilter@453d2992"
      },
      "static": false,
      "thread_id": 36
    },
    {
      "elapsed": 0.0000142,
      "event": "return",
      "id": 3,
      "parent_id": 2,
      "thread_id": 36
    },
    {
      "defined_class": "org.finos.waltz.web.WebUtilities",
      "event": "call",
      "id": 4,
      "lineno": 171,
      "method_id": "getUsername",
      "parameters": [
        {
          "class": "spark.http.matching.RequestWrapper",
          "kind": "req",
          "name": "request",
          "object_id": 54325150,
          "value": "spark.Request@23cc1b8d"
        }
      ],
      "path": "waltz-web/src/main/java/org/finos/waltz/web/WebUtilities.java",
      "static": true,
      "thread_id": 36
    },
    {
      "defined_class": "org.finos.waltz.web.endpoints.auth.AuthenticationUtilities",
      "event": "call",
      "id": 5,
      "lineno": 37,
      "method_id": "getUsername",
      "parameters": [
        {
          "class": "spark.http.matching.RequestWrapper",
          "kind": "req",
          "name": "request",
          "object_id": 54325150,
          "value": "spark.Request@23cc1b8d"
        }
      ],
      "path": "waltz-web/src/main/java/org/finos/waltz/web/endpoints/auth/AuthenticationUtilities.java",
      "static": true,
      "thread_id": 36
    },
    {
      "elapsed": 0.0000021,
      "event": "return",
      "id": 6,
      "parent_id": 5,
      "return_value": {
        "class": "java.lang.String",
        "object_id": 1623543673,
        "value": "anonymous"
      },
      "thread_id": 36
    },
    {
      "elapsed": 0.0000057,
      "event": "return",
      "id": 7,
      "parent_id": 4,
      "return_value": {
        "class": "java.lang.String",
        "object_id": 1623543673,
        "value": "anonymous"
      },
      "thread_id": 36
    },
    {
      "defined_class": "org.finos.waltz.service.app_group.FavouritesService",
      "event": "call",
      "id": 8,
      "lineno": 77,
      "method_id": "findFavouriteGroupEntries",
      "parameters": [
        {
          "class": "java.lang.String",
          "kind": "req",
          "name": "username",
          "object_id": 1623543673,
          "value": "anonymous"
        }
      ],
      "path": "waltz-service/src/main/java/org/finos/waltz/service/app_group/FavouritesService.java",
      "receiver": {
        "class": "org.finos.waltz.service.app_group.FavouritesService",
        "object_id": 1568962630,
        "value": "org.finos.waltz.service.app_group.FavouritesService@5d847846"
      },
      "static": false,
      "thread_id": 36
    },
    {
      "defined_class": "org.finos.waltz.data.app_group.AppGroupDao",
      "event": "call",
      "id": 9,
      "lineno": 124,
      "method_id": "getFavouritesGroupForOwner",
      "parameters": [
        {
          "class": "java.lang.String",
          "kind": "req",
          "name": "userId",
          "object_id": 1623543673,
          "value": "anonymous"
        }
      ],
      "path": "waltz-data/src/main/java/org/finos/waltz/data/app_group/AppGroupDao.java",
      "receiver": {
        "class": "org.finos.waltz.data.app_group.AppGroupDao",
        "object_id": 289956948,
        "value": "org.finos.waltz.data.app_group.AppGroupDao@11486454"
      },
      "static": false,
      "thread_id": 36
    },
    {
      "defined_class": "org.finos.waltz.data.app_group.AppGroupDao",
      "event": "call",
      "id": 10,
      "lineno": 346,
      "method_id": "findGroupsOwnedByUser",
      "parameters": [
        {
          "class": "java.lang.String",
          "kind": "req",
          "name": "userId",
          "object_id": 1623543673,
          "value": "anonymous"
        }
      ],
      "path": "waltz-data/src/main/java/org/finos/waltz/data/app_group/AppGroupDao.java",
      "receiver": {
        "class": "org.finos.waltz.data.app_group.AppGroupDao",
        "object_id": 289956948,
        "value": "org.finos.waltz.data.app_group.AppGroupDao@11486454"
      },
      "static": false,
      "thread_id": 36
    },
    {
      "elapsed": 0.0000061,
      "event": "return",
      "id": 11,
      "parent_id": 10,
      "return_value": {
        "class": "org.jooq.impl.SelectImpl",
        "object_id": 1502250932,
        "value": "select \"application_group_member\".\"group_id\"\nfrom \"application_group_member\"\n  join \"application_group\"\n    on \"application_group_member\".\"group_id\" = \"application_group\".\"id\"\nwhere (\n  \"application_group_member\".\"user_id\" = 'anonymous'\n  and \"application_group_member\".\"role\" = 'OWNER'\n)"
      },
      "thread_id": 36
    },
    {
      "defined_class": "org.finos.waltz.schema.tables.ApplicationGroup",
      "event": "call",
      "id": 12,
      "lineno": 169,
      "method_id": "fieldsRow",
      "path": "org/finos/waltz/schema/tables/ApplicationGroup.java",
      "receiver": {
        "class": "org.finos.waltz.schema.tables.ApplicationGroup",
        "object_id": 986800989,
        "value": "\"application_group\""
      },
      "static": false,
      "thread_id": 36
    },
    {
      "elapsed": 0.00002,
      "event": "return",
      "id": 13,
      "parent_id": 12,
      "return_value": {
        "class": "org.jooq.impl.RowImpl",
        "object_id": 622097829,
        "value": "(\"application_group\".\"id\", \"application_group\".\"name\", \"application_group\".\"kind\", \"application_group\".\"description\", \"application_group\".\"external_id\", \"application_group\".\"is_removed\", \"application_group\".\"is_favourite_group\")"
      },
      "thread_id": 36
    },
    {
      "event": "call",
      "id": 14,
      "sql_query": {
        "database_type": "PostgreSQL",
        "sql": "select \"application_group\".\"id\", \"application_group\".\"name\", \"application_group\".\"kind\", \"application_group\".\"description\", \"application_group\".\"external_id\", \"application_group\".\"is_removed\", \"application_group\".\"is_favourite_group\" from \"application_group\" where (\"application_group\".\"id\" in (select \"application_group_member\".\"group_id\" from \"application_group_member\" join \"application_group\" on \"application_group_member\".\"group_id\" = \"application_group\".\"id\" where (\"application_group_member\".\"user_id\" = ? and \"application_group_member\".\"role\" = ?)) and \"application_group\".\"kind\" = ? and \"application_group\".\"is_removed\" = ? and \"application_group\".\"is_favourite_group\" = true)"
      },
      "thread_id": 36
    },
    {
      "elapsed": 0.0000298,
      "event": "return",
      "id": 15,
      "parent_id": 14,
      "thread_id": 36
    },
    {
      "defined_class": "org.finos.waltz.service.SlowQueryListener",
      "event": "call",
      "id": 16,
      "lineno": 59,
      "method_id": "executeStart",
      "parameters": [
        {
          "class": "org.jooq.impl.DefaultExecuteContext",
          "kind": "req",
          "name": "ctx",
          "object_id": 538884786,
          "value": "org.jooq.impl.DefaultExecuteContext@201ebab2"
        }
      ],
      "path": "waltz-service/src/main/java/org/finos/waltz/service/SlowQueryListener.java",
      "receiver": {
        "class": "org.finos.waltz.service.SlowQueryListener",
        "object_id": 1526683037,
        "value": "org.finos.waltz.service.SlowQueryListener@5aff559d"
      },
      "static": false,
      "thread_id": 36
    },
    {
      "elapsed": 0.0000124,
      "event": "return",
      "id": 17,
      "parent_id": 16,
      "thread_id": 36
    },
    {
      "defined_class": "org.finos.waltz.service.SlowQueryListener",
      "event": "call",
      "id": 18,
      "lineno": 66,
      "method_id": "executeEnd",
      "parameters": [
        {
          "class": "org.jooq.impl.DefaultExecuteContext",
          "kind": "req",
          "name": "ctx",
          "object_id": 538884786,
          "value": "org.jooq.impl.DefaultExecuteContext@201ebab2"
        }
      ],
      "path": "waltz-service/src/main/java/org/finos/waltz/service/SlowQueryListener.java",
      "receiver": {
        "class": "org.finos.waltz.service.SlowQueryListener",
        "object_id": 1526683037,
        "value": "org.finos.waltz.service.SlowQueryListener@5aff559d"
      },
      "static": false,
      "thread_id": 36
    },
    {
      "elapsed": 0.0000037,
      "event": "return",
      "id": 19,
      "parent_id": 18,
      "thread_id": 36
    },
    {
      "elapsed": 0.0003692,
      "event": "return",
      "id": 20,
      "parent_id": 9,
      "thread_id": 36
    },
    {
      "elapsed": 0.0003729,
      "event": "return",
      "id": 21,
      "parent_id": 8,
      "return_value": {
        "class": "java.util.Collections$EmptyList",
        "object_id": 573263646,
        "value": "[]"
      },
      "thread_id": 36
    },
    {
      "elapsed": 0.0004677,
      "event": "return",
      "http_server_response": {
        "headers": {
          "Access-Control-Expose-Headers": "*",
          "Access-Control-Allow-Origin": "*",
          "Date": "Tue, 04 Jun 2024 17:36:17 GMT",
          "Content-Type": "application/json"
        },
        "status": 200
      },
      "id": 22,
      "parent_id": 1,
      "thread_id": 36
    }
  ],
  "version": "1.2",
  "metadata": {
    "name": "GET /api/favourites/entries (200) - 17:36:17.903",
    "app": "waltz",
    "language": {
      "name": "java",
      "version": "17.0.8+9-LTS-211",
      "engine": "Java HotSpot(TM) 64-Bit Server VM"
    },
    "client": {
      "name": "appmap-java",
      "url": "https://github.com/appland/appmap-java"
    },
    "recorder": {
      "name": "request_recording",
      "type": "requests"
    },
    "recording": {},
    "git": {
      "repository": "git@github.com:land-of-apps/waltz.git",
      "branch": "master",
      "commit": "4843ed86d43213c400243d4cf09afe5318490c9e"
    }
  },
  "classMap": [
    {
      "children": [
        {
          "children": [
            {
              "children": [
                {
                  "children": [
                    {
                      "children": [
                        {
                          "children": [
                            {
                              "name": "findFavouriteGroupEntries",
                              "type": "function",
                              "static": false,
                              "location": "waltz-service/src/main/java/org/finos/waltz/service/app_group/FavouritesService.java:77"
                            }
                          ],
                          "name": "FavouritesService",
                          "type": "class"
                        }
                      ],
                      "name": "app_group",
                      "type": "package"
                    },
                    {
                      "children": [
                        {
                          "name": "executeEnd",
                          "type": "function",
                          "static": false,
                          "location": "waltz-service/src/main/java/org/finos/waltz/service/SlowQueryListener.java:66"
                        },
                        {
                          "name": "executeStart",
                          "type": "function",
                          "static": false,
                          "location": "waltz-service/src/main/java/org/finos/waltz/service/SlowQueryListener.java:59"
                        }
                      ],
                      "name": "SlowQueryListener",
                      "type": "class"
                    }
                  ],
                  "name": "service",
                  "type": "package"
                },
                {
                  "children": [
                    {
                      "children": [
                        {
                          "children": [
                            {
                              "name": "getFavouritesGroupForOwner",
                              "type": "function",
                              "static": false,
                              "location": "waltz-data/src/main/java/org/finos/waltz/data/app_group/AppGroupDao.java:124"
                            },
                            {
                              "name": "findGroupsOwnedByUser",
                              "type": "function",
                              "static": false,
                              "location": "waltz-data/src/main/java/org/finos/waltz/data/app_group/AppGroupDao.java:346"
                            }
                          ],
                          "name": "AppGroupDao",
                          "type": "class"
                        }
                      ],
                      "name": "app_group",
                      "type": "package"
                    }
                  ],
                  "name": "data",
                  "type": "package"
                },
                {
                  "children": [
                    {
                      "children": [
                        {
                          "children": [
                            {
                              "name": "fieldsRow",
                              "type": "function",
                              "static": false,
                              "location": "org/finos/waltz/schema/tables/ApplicationGroup.java:169"
                            }
                          ],
                          "name": "ApplicationGroup",
                          "type": "class"
                        }
                      ],
                      "name": "tables",
                      "type": "package"
                    }
                  ],
                  "name": "schema",
                  "type": "package"
                },
                {
                  "children": [
                    {
                      "children": [
                        {
                          "children": [
                            {
                              "children": [
                                {
                                  "name": "handle",
                                  "type": "function",
                                  "static": false,
                                  "location": "waltz-web/src/main/java/org/finos/waltz/web/endpoints/auth/JWTAuthenticationFilter.java:62"
                                }
                              ],
                              "name": "JWTAuthenticationFilter",
                              "type": "class"
                            },
                            {
                              "children": [
                                {
                                  "name": "getUsername",
                                  "type": "function",
                                  "static": true,
                                  "location": "waltz-web/src/main/java/org/finos/waltz/web/endpoints/auth/AuthenticationUtilities.java:37"
                                }
                              ],
                              "name": "AuthenticationUtilities",
                              "type": "class"
                            }
                          ],
                          "name": "auth",
                          "type": "package"
                        }
                      ],
                      "name": "endpoints",
                      "type": "package"
                    },
                    {
                      "children": [
                        {
                          "name": "getUsername",
                          "type": "function",
                          "static": true,
                          "location": "waltz-web/src/main/java/org/finos/waltz/web/WebUtilities.java:171"
                        }
                      ],
                      "name": "WebUtilities",
                      "type": "class"
                    }
                  ],
                  "name": "web",
                  "type": "package"
                }
              ],
              "name": "waltz",
              "type": "package"
            }
          ],
          "name": "finos",
          "type": "package"
        }
      ],
      "name": "org",
      "type": "package"
    },
    {
      "type": "http",
      "name": "HTTP server requests",
      "children": [
        {
          "type": "route",
          "name": "GET /api/favourites/entries"
        }
      ]
    },
    {
      "type": "database",
      "name": "Database",
      "children": [
        {
          "type": "query",
          "name": "select \"application_group\".\"id\", \"application_group\".\"name\", \"application_group\".\"kind\", \"application_group\".\"description\", \"application_group\".\"external_id\", \"application_group\".\"is_removed\", \"application_group\".\"is_favourite_group\" from \"application_group\" where (\"application_group\".\"id\" in (select \"application_group_member\".\"group_id\" from \"application_group_member\" join \"application_group\" on \"application_group_member\".\"group_id\" = \"application_group\".\"id\" where (\"application_group_member\".\"user_id\" = ? and \"application_group_member\".\"role\" = ?)) and \"application_group\".\"kind\" = ? and \"application_group\".\"is_removed\" = ? and \"application_group\".\"is_favourite_group\" = true)"
        }
      ]
    }
  ]
}