{
  "events": [
    {
      "event": "call",
      "http_server_request": {
        "headers": {
          "Cookie": "appland_session=bFU5p0cvqrcXlz2oQfgEZG3%2BQjfds2AwmlOA%2Fx5fhQLjPvVHIKrHyvnbeq5nw8c5sME56znPsnpSSzB3nr%2BHfdk9sEC9MgOgNKjgjD8qlzGqDVuwRPr30ch96LWGIDwuITrAUwQGqlUw7%2Fdsq0tjrfHFPTlemq71kQtCAIi9JTRWo5tLPJlG%2F9JtfTuiWIfWg8X67ZkAOuaapIHdaA5w5QtwMr7h34LfseImCERQpzoz9xTqJYqSi2SJ9RE1eVw2jyYFG9IGPA4d1USUIXvAmeaMOQ9Z%2BDmKhiIRXve6%2BzO47%2F2RW1kaH2PND2r0EKz%2BaWMbrXswEaj2kjwx09pTJANR5arO0I9c2RelyrURJyvI%2FZ8OwnG99VyxbE2scovqFvxwhmhXr1KDOxpRle3VOJSpxXtFaDjv2TSSbtqGkIj4T51u58xasM4KbZUpapu5OQ5ENf%2FSMADW4DHmCrSQJ14SgVbNtrazlgwdph5p0AKax1l0Bw7j0jz2SGT9C5HMnzVyZdV59G6paFrgLqvtGuXdWr4VeJt2tPVftjki2S0LpmpTAacYMTeiz0JRvAUI2MTy5coFmozGwP2tYolztMsGb%2Bss8Pp0ZRYy8EsEs78L1J1nDMR5VCJ5yVhSq8JXZA7Misee05vblyt4OMHf9CA4AMzWpe2NbExRxiHuW%2Bkx%2F83vj%2Btrqn1QRG33cQUOn3jl8nfSuSLj5p0K5PYVYnXJu8E7RhAyqpC6J23a%2F8B4qsDAOrIrUYPQAWaYOsjd0i3Q5y49d77RlVc7zyyLJxFNVWLlYCD5BrfOMpyF2f9InowPEQei23xjT4UE0W3dXZP1xhk5wDvQ--zbb2b%2Flld908TQxF--8LcY2kn8%2BBw8bSaDiyP6LQ%3D%3D",
          "Accept": "application/json, text/plain, */*",
          "Connection": "keep-alive",
          "User-Agent": "Mozilla/5.0 (Macintosh; Intel Mac OS X 10_15_7) AppleWebKit/537.36 (KHTML, like Gecko) Chrome/125.0.0.0 Safari/537.36",
          "Referer": "http://localhost:8080/",
          "Sec-Fetch-Site": "same-origin",
          "Sec-Fetch-Dest": "empty",
          "Host": "localhost:8080",
          "Accept-Encoding": "gzip, deflate, br, zstd",
          "Sec-Fetch-Mode": "cors",
          "sec-ch-ua": "\"Google Chrome\";v=\"125\", \"Chromium\";v=\"125\", \"Not.A/Brand\";v=\"24\"",
          "sec-ch-ua-mobile": "?0",
          "Cache-Control": "max-age=0",
          "sec-ch-ua-platform": "\"macOS\"",
          "If-Modified-Since": "0",
          "Accept-Language": "en-US,en;q=0.9"
        },
        "path_info": "/api/user-preference",
        "protocol": "HTTP/1.1",
        "request_method": "GET"
      },
      "id": 1,
      "thread_id": 36
    },
    {
      "defined_class": "org.finos.waltz.web.endpoints.auth.JWTAuthenticationFilter",
      "event": "call",
      "id": 2,
      "lineno": 62,
      "method_id": "handle",
      "parameters": [
        {
          "class": "spark.http.matching.RequestWrapper",
          "kind": "req",
          "name": "request",
          "object_id": 2113138971,
          "value": "spark.Request@3bb5101a"
        },
        {
          "class": "spark.http.matching.ResponseWrapper",
          "kind": "req",
          "name": "response",
          "object_id": 1712355624,
          "value": "spark.Response@5360e4e9"
        }
      ],
      "path": "waltz-web/src/main/java/org/finos/waltz/web/endpoints/auth/JWTAuthenticationFilter.java",
      "receiver": {
        "class": "org.finos.waltz.web.endpoints.auth.JWTAuthenticationFilter",
        "object_id": 1161636242,
        "value": "org.finos.waltz.web.endpoints.auth.JWTAuthenticationFilter@453d2992"
      },
      "static": false,
      "thread_id": 36
    },
    {
      "elapsed": 0.0000267,
      "event": "return",
      "id": 3,
      "parent_id": 2,
      "thread_id": 36
    },
    {
      "defined_class": "org.finos.waltz.web.WebUtilities",
      "event": "call",
      "id": 4,
      "lineno": 171,
      "method_id": "getUsername",
      "parameters": [
        {
          "class": "spark.http.matching.RequestWrapper",
          "kind": "req",
          "name": "request",
          "object_id": 2113138971,
          "value": "spark.Request@31f9bcb7"
        }
      ],
      "path": "waltz-web/src/main/java/org/finos/waltz/web/WebUtilities.java",
      "static": true,
      "thread_id": 36
    },
    {
      "defined_class": "org.finos.waltz.web.endpoints.auth.AuthenticationUtilities",
      "event": "call",
      "id": 5,
      "lineno": 37,
      "method_id": "getUsername",
      "parameters": [
        {
          "class": "spark.http.matching.RequestWrapper",
          "kind": "req",
          "name": "request",
          "object_id": 2113138971,
          "value": "spark.Request@31f9bcb7"
        }
      ],
      "path": "waltz-web/src/main/java/org/finos/waltz/web/endpoints/auth/AuthenticationUtilities.java",
      "static": true,
      "thread_id": 36
    },
    {
      "elapsed": 0.0000056,
      "event": "return",
      "id": 6,
      "parent_id": 5,
      "return_value": {
        "class": "java.lang.String",
        "object_id": 1623543673,
        "value": "anonymous"
      },
      "thread_id": 36
    },
    {
      "elapsed": 0.000015,
      "event": "return",
      "id": 7,
      "parent_id": 4,
      "return_value": {
        "class": "java.lang.String",
        "object_id": 1623543673,
        "value": "anonymous"
      },
      "thread_id": 36
    },
    {
      "defined_class": "org.finos.waltz.service.user.UserPreferenceService",
      "event": "call",
      "id": 8,
      "lineno": 50,
      "method_id": "getPreferences",
      "parameters": [
        {
          "class": "java.lang.String",
          "kind": "req",
          "name": "userName",
          "object_id": 1623543673,
          "value": "anonymous"
        }
      ],
      "path": "waltz-service/src/main/java/org/finos/waltz/service/user/UserPreferenceService.java",
      "receiver": {
        "class": "org.finos.waltz.service.user.UserPreferenceService",
        "object_id": 1389285906,
        "value": "org.finos.waltz.service.user.UserPreferenceService@52ced212"
      },
      "static": false,
      "thread_id": 36
    },
    {
      "defined_class": "org.finos.waltz.common.Checks",
      "event": "call",
      "id": 9,
      "lineno": 115,
      "method_id": "checkNotEmpty",
      "parameters": [
        {
          "class": "java.lang.String",
          "kind": "req",
          "name": "str",
          "object_id": 1623543673,
          "value": "anonymous"
        },
        {
          "class": "java.lang.String",
          "kind": "req",
          "name": "message",
          "object_id": 1413827225,
          "value": "userName cannot be empty"
        }
      ],
      "path": "waltz-common/src/main/java/org/finos/waltz/common/Checks.java",
      "static": true,
      "thread_id": 36
    },
    {
      "defined_class": "org.finos.waltz.common.Checks",
      "event": "call",
      "id": 10,
      "lineno": 37,
      "method_id": "checkNotNull",
      "parameters": [
        {
          "class": "java.lang.String",
          "kind": "req",
          "name": "t",
          "object_id": 1623543673,
          "value": "anonymous"
        },
        {
          "class": "java.lang.String",
          "kind": "req",
          "name": "message",
          "object_id": 1413827225,
          "value": "userName cannot be empty"
        },
        {
          "class": "[Ljava.lang.Object;",
          "kind": "req",
          "name": "args",
          "object_id": 1206101451,
          "value": "[Ljava.lang.Object;@47e3a5cb"
        }
      ],
      "path": "waltz-common/src/main/java/org/finos/waltz/common/Checks.java",
      "static": true,
      "thread_id": 36
    },
    {
      "defined_class": "org.finos.waltz.common.Checks",
      "event": "call",
      "id": 11,
      "lineno": 85,
      "method_id": "checkTrue",
      "parameters": [
        {
          "class": "java.lang.Boolean",
          "kind": "req",
          "name": "b",
          "object_id": 1639612098,
          "value": "true"
        },
        {
          "class": "java.lang.String",
          "kind": "req",
          "name": "msg",
          "object_id": 1413827225,
          "value": "userName cannot be empty"
        },
        {
          "class": "[Ljava.lang.Object;",
          "kind": "req",
          "name": "args",
          "object_id": 1206101451,
          "value": "[Ljava.lang.Object;@47e3a5cb"
        }
      ],
      "path": "waltz-common/src/main/java/org/finos/waltz/common/Checks.java",
      "static": true,
      "thread_id": 36
    },
    {
      "elapsed": 0.0000024,
      "event": "return",
      "id": 12,
      "parent_id": 11,
      "thread_id": 36
    },
    {
      "elapsed": 0.0000073,
      "event": "return",
      "id": 13,
      "parent_id": 10,
      "return_value": {
        "class": "java.lang.String",
        "object_id": 1623543673,
        "value": "anonymous"
      },
      "thread_id": 36
    },
    {
      "defined_class": "org.finos.waltz.common.Checks",
      "event": "call",
      "id": 14,
      "lineno": 92,
      "method_id": "checkFalse",
      "parameters": [
        {
          "class": "java.lang.Boolean",
          "kind": "req",
          "name": "b",
          "object_id": 958930199,
          "value": "false"
        },
        {
          "class": "java.lang.String",
          "kind": "req",
          "name": "message",
          "object_id": 1413827225,
          "value": "userName cannot be empty"
        }
      ],
      "path": "waltz-common/src/main/java/org/finos/waltz/common/Checks.java",
      "static": true,
      "thread_id": 36
    },
    {
      "defined_class": "org.finos.waltz.common.Checks",
      "event": "call",
      "id": 15,
      "lineno": 85,
      "method_id": "checkTrue",
      "parameters": [
        {
          "class": "java.lang.Boolean",
          "kind": "req",
          "name": "b",
          "object_id": 1639612098,
          "value": "true"
        },
        {
          "class": "java.lang.String",
          "kind": "req",
          "name": "msg",
          "object_id": 1413827225,
          "value": "userName cannot be empty"
        },
        {
          "class": "[Ljava.lang.Object;",
          "kind": "req",
          "name": "args",
          "object_id": 334513778,
          "value": "[Ljava.lang.Object;@13f04672"
        }
      ],
      "path": "waltz-common/src/main/java/org/finos/waltz/common/Checks.java",
      "static": true,
      "thread_id": 36
    },
    {
      "elapsed": 0.0000019,
      "event": "return",
      "id": 16,
      "parent_id": 15,
      "thread_id": 36
    },
    {
      "elapsed": 0.0000066,
      "event": "return",
      "id": 17,
      "parent_id": 14,
      "thread_id": 36
    },
    {
      "elapsed": 0.0000244,
      "event": "return",
      "id": 18,
      "parent_id": 9,
      "return_value": {
        "class": "java.lang.String",
        "object_id": 1623543673,
        "value": "anonymous"
      },
      "thread_id": 36
    },
    {
      "defined_class": "org.finos.waltz.data.user.UserPreferenceDao",
      "event": "call",
      "id": 19,
      "lineno": 74,
      "method_id": "getPreferencesForUser",
      "parameters": [
        {
          "class": "java.lang.String",
          "kind": "req",
          "name": "userName",
          "object_id": 1623543673,
          "value": "anonymous"
        }
      ],
      "path": "waltz-data/src/main/java/org/finos/waltz/data/user/UserPreferenceDao.java",
      "receiver": {
        "class": "org.finos.waltz.data.user.UserPreferenceDao",
        "object_id": 789828788,
        "value": "org.finos.waltz.data.user.UserPreferenceDao@2f13d4b4"
      },
      "static": false,
      "thread_id": 36
    },
    {
      "defined_class": "org.finos.waltz.schema.tables.UserPreference",
      "event": "call",
      "id": 20,
      "lineno": 143,
      "method_id": "fieldsRow",
      "path": "org/finos/waltz/schema/tables/UserPreference.java",
      "receiver": {
        "class": "org.finos.waltz.schema.tables.UserPreference",
        "object_id": 1732672098,
        "value": "\"user_preference\""
      },
      "static": false,
      "thread_id": 36
    },
    {
      "elapsed": 0.0000028,
      "event": "return",
      "id": 21,
      "parent_id": 20,
      "return_value": {
        "class": "org.jooq.impl.RowImpl",
        "object_id": 1871731903,
        "value": "(\"user_preference\".\"key\", \"user_preference\".\"value\", \"user_preference\".\"user_name\")"
      },
      "thread_id": 36
    },
    {
      "event": "call",
      "id": 22,
      "sql_query": {
        "database_type": "PostgreSQL",
        "sql": "select \"user_preference\".\"key\", \"user_preference\".\"value\", \"user_preference\".\"user_name\" from \"user_preference\" where \"user_preference\".\"user_name\" = ?"
      },
      "thread_id": 36
    },
    {
      "elapsed": 0.0000139,
      "event": "return",
      "id": 23,
      "parent_id": 22,
      "thread_id": 36
    },
    {
      "defined_class": "org.finos.waltz.service.SlowQueryListener",
      "event": "call",
      "id": 24,
      "lineno": 59,
      "method_id": "executeStart",
      "parameters": [
        {
          "class": "org.jooq.impl.DefaultExecuteContext",
          "kind": "req",
          "name": "ctx",
          "object_id": 293585494,
          "value": "org.jooq.impl.DefaultExecuteContext@117fc256"
        }
      ],
      "path": "waltz-service/src/main/java/org/finos/waltz/service/SlowQueryListener.java",
      "receiver": {
        "class": "org.finos.waltz.service.SlowQueryListener",
        "object_id": 1526683037,
        "value": "org.finos.waltz.service.SlowQueryListener@5aff559d"
      },
      "static": false,
      "thread_id": 36
    },
    {
      "elapsed": 0.0000072,
      "event": "return",
      "id": 25,
      "parent_id": 24,
      "thread_id": 36
    },
    {
      "defined_class": "org.finos.waltz.service.SlowQueryListener",
      "event": "call",
      "id": 26,
      "lineno": 66,
      "method_id": "executeEnd",
      "parameters": [
        {
          "class": "org.jooq.impl.DefaultExecuteContext",
          "kind": "req",
          "name": "ctx",
          "object_id": 293585494,
          "value": "org.jooq.impl.DefaultExecuteContext@117fc256"
        }
      ],
      "path": "waltz-service/src/main/java/org/finos/waltz/service/SlowQueryListener.java",
      "receiver": {
        "class": "org.finos.waltz.service.SlowQueryListener",
        "object_id": 1526683037,
        "value": "org.finos.waltz.service.SlowQueryListener@5aff559d"
      },
      "static": false,
      "thread_id": 36
    },
    {
      "elapsed": 0.0000075,
      "event": "return",
      "id": 27,
      "parent_id": 26,
      "thread_id": 36
    },
    {
      "defined_class": "org.finos.waltz.schema.tables.UserPreference",
      "event": "call",
      "id": 28,
      "lineno": 143,
      "method_id": "fieldsRow",
      "path": "org/finos/waltz/schema/tables/UserPreference.java",
      "receiver": {
        "class": "org.finos.waltz.schema.tables.UserPreference",
        "object_id": 1732672098,
        "value": "\"user_preference\""
      },
      "static": false,
      "thread_id": 36
    },
    {
      "elapsed": 0.0000044,
      "event": "return",
      "id": 29,
      "parent_id": 28,
      "return_value": {
        "class": "org.jooq.impl.RowImpl",
        "object_id": 1273552975,
        "value": "(\"user_preference\".\"key\", \"user_preference\".\"value\", \"user_preference\".\"user_name\")"
      },
      "thread_id": 36
    },
    {
      "defined_class": "org.finos.waltz.schema.tables.UserPreference",
      "event": "call",
      "id": 30,
      "lineno": 143,
      "method_id": "fieldsRow",
      "path": "org/finos/waltz/schema/tables/UserPreference.java",
      "receiver": {
        "class": "org.finos.waltz.schema.tables.UserPreference",
        "object_id": 1732672098,
        "value": "\"user_preference\""
      },
      "static": false,
      "thread_id": 36
    },
    {
      "elapsed": 0.0000056,
      "event": "return",
      "id": 31,
      "parent_id": 30,
      "return_value": {
        "class": "org.jooq.impl.RowImpl",
        "object_id": 1522199702,
        "value": "(\"user_preference\".\"key\", \"user_preference\".\"value\", \"user_preference\".\"user_name\")"
      },
      "thread_id": 36
    },
    {
      "defined_class": "org.finos.waltz.schema.tables.UserPreference",
      "event": "call",
      "id": 32,
      "lineno": 143,
      "method_id": "fieldsRow",
      "path": "org/finos/waltz/schema/tables/UserPreference.java",
      "receiver": {
        "class": "org.finos.waltz.schema.tables.UserPreference",
        "object_id": 1732672098,
        "value": "\"user_preference\""
      },
      "static": false,
      "thread_id": 36
    },
    {
      "elapsed": 0.0000458,
      "event": "return",
      "id": 33,
      "parent_id": 32,
      "return_value": {
        "class": "org.jooq.impl.RowImpl",
        "object_id": 924989146,
        "value": "(\"user_preference\".\"key\", \"user_preference\".\"value\", \"user_preference\".\"user_name\")"
      },
      "thread_id": 36
    },
    {
      "defined_class": "org.finos.waltz.model.user.ImmutableUserPreference",
      "event": "call",
      "id": 34,
      "lineno": 182,
      "method_id": "builder",
      "path": "org/finos/waltz/model/user/ImmutableUserPreference.java",
      "static": true,
      "thread_id": 36
    },
    {
      "elapsed": 0.0000047,
      "event": "return",
      "id": 35,
      "parent_id": 34,
      "return_value": {
        "class": "org.finos.waltz.model.user.ImmutableUserPreference$Builder",
        "object_id": 1478508314,
        "value": "org.finos.waltz.model.user.ImmutableUserPreference$Builder@58203f1a"
      },
      "thread_id": 36
    },
    {
      "defined_class": "org.finos.waltz.model.user.ImmutableUserPreference$Builder",
      "event": "call",
      "id": 36,
      "lineno": 225,
      "method_id": "key",
      "parameters": [
        {
          "class": "java.lang.String",
          "kind": "req",
          "name": "key",
          "object_id": 1413895881,
          "value": "main.app-view.assessment-rating.favouriteAssessmentDefnIds.application.excluded"
        }
      ],
      "path": "org/finos/waltz/model/user/ImmutableUserPreference.java",
      "receiver": {
        "class": "org.finos.waltz.model.user.ImmutableUserPreference$Builder",
        "object_id": 1478508314,
        "value": "org.finos.waltz.model.user.ImmutableUserPreference$Builder@58203f1a"
      },
      "static": false,
      "thread_id": 36
    },
    {
      "elapsed": 0.0000073,
      "event": "return",
      "id": 37,
      "parent_id": 36,
      "return_value": {
        "class": "org.finos.waltz.model.user.ImmutableUserPreference$Builder",
        "object_id": 1478508314,
        "value": "org.finos.waltz.model.user.ImmutableUserPreference$Builder@58203f1a"
      },
      "thread_id": 36
    },
    {
      "defined_class": "org.finos.waltz.model.user.ImmutableUserPreference$Builder",
      "event": "call",
      "id": 38,
      "lineno": 237,
      "method_id": "value",
      "parameters": [
        {
          "class": "java.lang.String",
          "kind": "req",
          "name": "value",
          "object_id": 1494605451,
          "value": "0"
        }
      ],
      "path": "org/finos/waltz/model/user/ImmutableUserPreference.java",
      "receiver": {
        "class": "org.finos.waltz.model.user.ImmutableUserPreference$Builder",
        "object_id": 1478508314,
        "value": "org.finos.waltz.model.user.ImmutableUserPreference$Builder@58203f1a"
      },
      "static": false,
      "thread_id": 36
    },
    {
      "elapsed": 0.0000026,
      "event": "return",
      "id": 39,
      "parent_id": 38,
      "return_value": {
        "class": "org.finos.waltz.model.user.ImmutableUserPreference$Builder",
        "object_id": 1478508314,
        "value": "org.finos.waltz.model.user.ImmutableUserPreference$Builder@58203f1a"
      },
      "thread_id": 36
    },
    {
      "defined_class": "org.finos.waltz.model.user.ImmutableUserPreference$Builder",
      "event": "call",
      "id": 40,
      "lineno": 248,
      "method_id": "build",
      "path": "org/finos/waltz/model/user/ImmutableUserPreference.java",
      "receiver": {
        "class": "org.finos.waltz.model.user.ImmutableUserPreference$Builder",
        "object_id": 1478508314,
        "value": "org.finos.waltz.model.user.ImmutableUserPreference$Builder@58203f1a"
      },
      "static": false,
      "thread_id": 36
    },
    {
      "elapsed": 0.0000019,
      "event": "return",
      "id": 41,
      "parent_id": 40,
      "return_value": {
        "class": "org.finos.waltz.model.user.ImmutableUserPreference",
        "object_id": 2133309333,
        "value": "UserPreference{key=main.app-view.assessment-rating.favouriteAssessmentDefnIds.application.excluded, value=0}"
      },
      "thread_id": 36
    },
    {
      "defined_class": "org.finos.waltz.schema.tables.UserPreference",
      "event": "call",
      "id": 42,
      "lineno": 143,
      "method_id": "fieldsRow",
      "path": "org/finos/waltz/schema/tables/UserPreference.java",
      "receiver": {
        "class": "org.finos.waltz.schema.tables.UserPreference",
        "object_id": 1732672098,
        "value": "\"user_preference\""
      },
      "static": false,
      "thread_id": 36
    },
    {
      "elapsed": 0.0000025,
      "event": "return",
      "id": 43,
      "parent_id": 42,
      "return_value": {
        "class": "org.jooq.impl.RowImpl",
        "object_id": 640061316,
        "value": "(\"user_preference\".\"key\", \"user_preference\".\"value\", \"user_preference\".\"user_name\")"
      },
      "thread_id": 36
    },
    {
      "defined_class": "org.finos.waltz.schema.tables.UserPreference",
      "event": "call",
      "id": 44,
      "lineno": 143,
      "method_id": "fieldsRow",
      "path": "org/finos/waltz/schema/tables/UserPreference.java",
      "receiver": {
        "class": "org.finos.waltz.schema.tables.UserPreference",
        "object_id": 1732672098,
        "value": "\"user_preference\""
      },
      "static": false,
      "thread_id": 36
    },
    {
      "elapsed": 0.0000042,
      "event": "return",
      "id": 45,
      "parent_id": 44,
      "return_value": {
        "class": "org.jooq.impl.RowImpl",
        "object_id": 1085306263,
        "value": "(\"user_preference\".\"key\", \"user_preference\".\"value\", \"user_preference\".\"user_name\")"
      },
      "thread_id": 36
    },
    {
      "defined_class": "org.finos.waltz.schema.tables.UserPreference",
      "event": "call",
      "id": 46,
      "lineno": 143,
      "method_id": "fieldsRow",
      "path": "org/finos/waltz/schema/tables/UserPreference.java",
      "receiver": {
        "class": "org.finos.waltz.schema.tables.UserPreference",
        "object_id": 1732672098,
        "value": "\"user_preference\""
      },
      "static": false,
      "thread_id": 36
    },
    {
      "elapsed": 0.0000035,
      "event": "return",
      "id": 47,
      "parent_id": 46,
      "return_value": {
        "class": "org.jooq.impl.RowImpl",
        "object_id": 925239948,
        "value": "(\"user_preference\".\"key\", \"user_preference\".\"value\", \"user_preference\".\"user_name\")"
      },
      "thread_id": 36
    },
    {
      "defined_class": "org.finos.waltz.model.user.ImmutableUserPreference",
      "event": "call",
      "id": 48,
      "lineno": 182,
      "method_id": "builder",
      "path": "org/finos/waltz/model/user/ImmutableUserPreference.java",
      "static": true,
      "thread_id": 36
    },
    {
      "elapsed": 0.0000056,
      "event": "return",
      "id": 49,
      "parent_id": 48,
      "return_value": {
        "class": "org.finos.waltz.model.user.ImmutableUserPreference$Builder",
        "object_id": 1979685090,
        "value": "org.finos.waltz.model.user.ImmutableUserPreference$Builder@75ff98e2"
      },
      "thread_id": 36
    },
    {
      "defined_class": "org.finos.waltz.model.user.ImmutableUserPreference$Builder",
      "event": "call",
      "id": 50,
      "lineno": 225,
      "method_id": "key",
      "parameters": [
        {
          "class": "java.lang.String",
          "kind": "req",
          "name": "key",
          "object_id": 1731687286,
          "value": "main.app-view.assessment-rating.favouriteAssessmentDefnIds.application.included"
        }
      ],
      "path": "org/finos/waltz/model/user/ImmutableUserPreference.java",
      "receiver": {
        "class": "org.finos.waltz.model.user.ImmutableUserPreference$Builder",
        "object_id": 1979685090,
        "value": "org.finos.waltz.model.user.ImmutableUserPreference$Builder@75ff98e2"
      },
      "static": false,
      "thread_id": 36
    },
    {
      "elapsed": 0.000002,
      "event": "return",
      "id": 51,
      "parent_id": 50,
      "return_value": {
        "class": "org.finos.waltz.model.user.ImmutableUserPreference$Builder",
        "object_id": 1979685090,
        "value": "org.finos.waltz.model.user.ImmutableUserPreference$Builder@75ff98e2"
      },
      "thread_id": 36
    },
    {
      "defined_class": "org.finos.waltz.model.user.ImmutableUserPreference$Builder",
      "event": "call",
      "id": 52,
      "lineno": 237,
      "method_id": "value",
      "parameters": [
        {
          "class": "java.lang.String",
          "kind": "req",
          "name": "value",
          "object_id": 610840266,
          "value": "0"
        }
      ],
      "path": "org/finos/waltz/model/user/ImmutableUserPreference.java",
      "receiver": {
        "class": "org.finos.waltz.model.user.ImmutableUserPreference$Builder",
        "object_id": 1979685090,
        "value": "org.finos.waltz.model.user.ImmutableUserPreference$Builder@75ff98e2"
      },
      "static": false,
      "thread_id": 36
    },
    {
      "elapsed": 0.0000017,
      "event": "return",
      "id": 53,
      "parent_id": 52,
      "return_value": {
        "class": "org.finos.waltz.model.user.ImmutableUserPreference$Builder",
        "object_id": 1979685090,
        "value": "org.finos.waltz.model.user.ImmutableUserPreference$Builder@75ff98e2"
      },
      "thread_id": 36
    },
    {
      "defined_class": "org.finos.waltz.model.user.ImmutableUserPreference$Builder",
      "event": "call",
      "id": 54,
      "lineno": 248,
      "method_id": "build",
      "path": "org/finos/waltz/model/user/ImmutableUserPreference.java",
      "receiver": {
        "class": "org.finos.waltz.model.user.ImmutableUserPreference$Builder",
        "object_id": 1979685090,
        "value": "org.finos.waltz.model.user.ImmutableUserPreference$Builder@75ff98e2"
      },
      "static": false,
      "thread_id": 36
    },
    {
      "elapsed": 0.0000018,
      "event": "return",
      "id": 55,
      "parent_id": 54,
      "return_value": {
        "class": "org.finos.waltz.model.user.ImmutableUserPreference",
        "object_id": 597537441,
        "value": "UserPreference{key=main.app-view.assessment-rating.favouriteAssessmentDefnIds.application.included, value=0}"
      },
      "thread_id": 36
    },
    {
      "defined_class": "org.finos.waltz.schema.tables.UserPreference",
      "event": "call",
      "id": 56,
      "lineno": 143,
      "method_id": "fieldsRow",
      "path": "org/finos/waltz/schema/tables/UserPreference.java",
      "receiver": {
        "class": "org.finos.waltz.schema.tables.UserPreference",
        "object_id": 1732672098,
        "value": "\"user_preference\""
      },
      "static": false,
      "thread_id": 36
    },
    {
      "elapsed": 0.000002,
      "event": "return",
      "id": 57,
      "parent_id": 56,
      "return_value": {
        "class": "org.jooq.impl.RowImpl",
        "object_id": 715921080,
        "value": "(\"user_preference\".\"key\", \"user_preference\".\"value\", \"user_preference\".\"user_name\")"
      },
      "thread_id": 36
    },
    {
      "defined_class": "org.finos.waltz.schema.tables.UserPreference",
      "event": "call",
      "id": 58,
      "lineno": 143,
      "method_id": "fieldsRow",
      "path": "org/finos/waltz/schema/tables/UserPreference.java",
      "receiver": {
        "class": "org.finos.waltz.schema.tables.UserPreference",
        "object_id": 1732672098,
        "value": "\"user_preference\""
      },
      "static": false,
      "thread_id": 36
    },
    {
      "elapsed": 0.0000037,
      "event": "return",
      "id": 59,
      "parent_id": 58,
      "return_value": {
        "class": "org.jooq.impl.RowImpl",
        "object_id": 1994157144,
        "value": "(\"user_preference\".\"key\", \"user_preference\".\"value\", \"user_preference\".\"user_name\")"
      },
      "thread_id": 36
    },
    {
      "defined_class": "org.finos.waltz.schema.tables.UserPreference",
      "event": "call",
      "id": 60,
      "lineno": 143,
      "method_id": "fieldsRow",
      "path": "org/finos/waltz/schema/tables/UserPreference.java",
      "receiver": {
        "class": "org.finos.waltz.schema.tables.UserPreference",
        "object_id": 1732672098,
        "value": "\"user_preference\""
      },
      "static": false,
      "thread_id": 36
    },
    {
      "elapsed": 0.0000048,
      "event": "return",
      "id": 61,
      "parent_id": 60,
      "return_value": {
        "class": "org.jooq.impl.RowImpl",
        "object_id": 396591799,
        "value": "(\"user_preference\".\"key\", \"user_preference\".\"value\", \"user_preference\".\"user_name\")"
      },
      "thread_id": 36
    },
    {
      "defined_class": "org.finos.waltz.model.user.ImmutableUserPreference",
      "event": "call",
      "id": 62,
      "lineno": 182,
      "method_id": "builder",
      "path": "org/finos/waltz/model/user/ImmutableUserPreference.java",
      "static": true,
      "thread_id": 36
    },
    {
      "elapsed": 0.0000029,
      "event": "return",
      "id": 63,
      "parent_id": 62,
      "return_value": {
        "class": "org.finos.waltz.model.user.ImmutableUserPreference$Builder",
        "object_id": 1508192856,
        "value": "org.finos.waltz.model.user.ImmutableUserPreference$Builder@59e53258"
      },
      "thread_id": 36
    },
    {
      "defined_class": "org.finos.waltz.model.user.ImmutableUserPreference$Builder",
      "event": "call",
      "id": 64,
      "lineno": 225,
      "method_id": "key",
      "parameters": [
        {
          "class": "java.lang.String",
          "kind": "req",
          "name": "key",
          "object_id": 322369034,
          "value": "assessment-rating.favourites.included"
        }
      ],
      "path": "org/finos/waltz/model/user/ImmutableUserPreference.java",
      "receiver": {
        "class": "org.finos.waltz.model.user.ImmutableUserPreference$Builder",
        "object_id": 1508192856,
        "value": "org.finos.waltz.model.user.ImmutableUserPreference$Builder@59e53258"
      },
      "static": false,
      "thread_id": 36
    },
    {
      "elapsed": 0.0000016,
      "event": "return",
      "id": 65,
      "parent_id": 64,
      "return_value": {
        "class": "org.finos.waltz.model.user.ImmutableUserPreference$Builder",
        "object_id": 1508192856,
        "value": "org.finos.waltz.model.user.ImmutableUserPreference$Builder@59e53258"
      },
      "thread_id": 36
    },
    {
      "defined_class": "org.finos.waltz.model.user.ImmutableUserPreference$Builder",
      "event": "call",
      "id": 66,
      "lineno": 237,
      "method_id": "value",
      "parameters": [
        {
          "class": "java.lang.String",
          "kind": "req",
          "name": "value",
          "object_id": 102626968,
          "value": "0"
        }
      ],
      "path": "org/finos/waltz/model/user/ImmutableUserPreference.java",
      "receiver": {
        "class": "org.finos.waltz.model.user.ImmutableUserPreference$Builder",
        "object_id": 1508192856,
        "value": "org.finos.waltz.model.user.ImmutableUserPreference$Builder@59e53258"
      },
      "static": false,
      "thread_id": 36
    },
    {
      "elapsed": 0.0000015,
      "event": "return",
      "id": 67,
      "parent_id": 66,
      "return_value": {
        "class": "org.finos.waltz.model.user.ImmutableUserPreference$Builder",
        "object_id": 1508192856,
        "value": "org.finos.waltz.model.user.ImmutableUserPreference$Builder@59e53258"
      },
      "thread_id": 36
    },
    {
      "defined_class": "org.finos.waltz.model.user.ImmutableUserPreference$Builder",
      "event": "call",
      "id": 68,
      "lineno": 248,
      "method_id": "build",
      "path": "org/finos/waltz/model/user/ImmutableUserPreference.java",
      "receiver": {
        "class": "org.finos.waltz.model.user.ImmutableUserPreference$Builder",
        "object_id": 1508192856,
        "value": "org.finos.waltz.model.user.ImmutableUserPreference$Builder@59e53258"
      },
      "static": false,
      "thread_id": 36
    },
    {
      "elapsed": 0.0000016,
      "event": "return",
      "id": 69,
      "parent_id": 68,
      "return_value": {
        "class": "org.finos.waltz.model.user.ImmutableUserPreference",
        "object_id": 228621014,
        "value": "UserPreference{key=assessment-rating.favourites.included, value=0}"
      },
      "thread_id": 36
    },
    {
      "defined_class": "org.finos.waltz.schema.tables.UserPreference",
      "event": "call",
      "id": 70,
      "lineno": 143,
      "method_id": "fieldsRow",
      "path": "org/finos/waltz/schema/tables/UserPreference.java",
      "receiver": {
        "class": "org.finos.waltz.schema.tables.UserPreference",
        "object_id": 1732672098,
        "value": "\"user_preference\""
      },
      "static": false,
      "thread_id": 36
    },
    {
      "elapsed": 0.0000017,
      "event": "return",
      "id": 71,
      "parent_id": 70,
      "return_value": {
        "class": "org.jooq.impl.RowImpl",
        "object_id": 2108161736,
        "value": "(\"user_preference\".\"key\", \"user_preference\".\"value\", \"user_preference\".\"user_name\")"
      },
      "thread_id": 36
    },
    {
      "defined_class": "org.finos.waltz.schema.tables.UserPreference",
      "event": "call",
      "id": 72,
      "lineno": 143,
      "method_id": "fieldsRow",
      "path": "org/finos/waltz/schema/tables/UserPreference.java",
      "receiver": {
        "class": "org.finos.waltz.schema.tables.UserPreference",
        "object_id": 1732672098,
        "value": "\"user_preference\""
      },
      "static": false,
      "thread_id": 36
    },
    {
      "elapsed": 0.0000075,
      "event": "return",
      "id": 73,
      "parent_id": 72,
      "return_value": {
        "class": "org.jooq.impl.RowImpl",
        "object_id": 1044246346,
        "value": "(\"user_preference\".\"key\", \"user_preference\".\"value\", \"user_preference\".\"user_name\")"
      },
      "thread_id": 36
    },
    {
      "defined_class": "org.finos.waltz.schema.tables.UserPreference",
      "event": "call",
      "id": 74,
      "lineno": 143,
      "method_id": "fieldsRow",
      "path": "org/finos/waltz/schema/tables/UserPreference.java",
      "receiver": {
        "class": "org.finos.waltz.schema.tables.UserPreference",
        "object_id": 1732672098,
        "value": "\"user_preference\""
      },
      "static": false,
      "thread_id": 36
    },
    {
      "elapsed": 0.0000037,
      "event": "return",
      "id": 75,
      "parent_id": 74,
      "return_value": {
        "class": "org.jooq.impl.RowImpl",
        "object_id": 2083395579,
        "value": "(\"user_preference\".\"key\", \"user_preference\".\"value\", \"user_preference\".\"user_name\")"
      },
      "thread_id": 36
    },
    {
      "defined_class": "org.finos.waltz.model.user.ImmutableUserPreference",
      "event": "call",
      "id": 76,
      "lineno": 182,
      "method_id": "builder",
      "path": "org/finos/waltz/model/user/ImmutableUserPreference.java",
      "static": true,
      "thread_id": 36
    },
    {
      "elapsed": 0.000007,
      "event": "return",
      "id": 77,
      "parent_id": 76,
      "return_value": {
        "class": "org.finos.waltz.model.user.ImmutableUserPreference$Builder",
        "object_id": 198365951,
        "value": "org.finos.waltz.model.user.ImmutableUserPreference$Builder@bd2d2ff"
      },
      "thread_id": 36
    },
    {
      "defined_class": "org.finos.waltz.model.user.ImmutableUserPreference$Builder",
      "event": "call",
      "id": 78,
      "lineno": 225,
      "method_id": "key",
      "parameters": [
        {
          "class": "java.lang.String",
          "kind": "req",
          "name": "key",
          "object_id": 287775086,
          "value": "assessment-rating.favourites.excluded"
        }
      ],
      "path": "org/finos/waltz/model/user/ImmutableUserPreference.java",
      "receiver": {
        "class": "org.finos.waltz.model.user.ImmutableUserPreference$Builder",
        "object_id": 198365951,
        "value": "org.finos.waltz.model.user.ImmutableUserPreference$Builder@bd2d2ff"
      },
      "static": false,
      "thread_id": 36
    },
    {
      "elapsed": 0.0000022,
      "event": "return",
      "id": 79,
      "parent_id": 78,
      "return_value": {
        "class": "org.finos.waltz.model.user.ImmutableUserPreference$Builder",
        "object_id": 198365951,
        "value": "org.finos.waltz.model.user.ImmutableUserPreference$Builder@bd2d2ff"
      },
      "thread_id": 36
    },
    {
      "defined_class": "org.finos.waltz.model.user.ImmutableUserPreference$Builder",
      "event": "call",
      "id": 80,
      "lineno": 237,
      "method_id": "value",
      "parameters": [
        {
          "class": "java.lang.String",
          "kind": "req",
          "name": "value",
          "object_id": 1077011391,
          "value": "0"
        }
      ],
      "path": "org/finos/waltz/model/user/ImmutableUserPreference.java",
      "receiver": {
        "class": "org.finos.waltz.model.user.ImmutableUserPreference$Builder",
        "object_id": 198365951,
        "value": "org.finos.waltz.model.user.ImmutableUserPreference$Builder@bd2d2ff"
      },
      "static": false,
      "thread_id": 36
    },
    {
      "elapsed": 0.0000017,
      "event": "return",
      "id": 81,
      "parent_id": 80,
      "return_value": {
        "class": "org.finos.waltz.model.user.ImmutableUserPreference$Builder",
        "object_id": 198365951,
        "value": "org.finos.waltz.model.user.ImmutableUserPreference$Builder@bd2d2ff"
      },
      "thread_id": 36
    },
    {
      "defined_class": "org.finos.waltz.model.user.ImmutableUserPreference$Builder",
      "event": "call",
      "id": 82,
      "lineno": 248,
      "method_id": "build",
      "path": "org/finos/waltz/model/user/ImmutableUserPreference.java",
      "receiver": {
        "class": "org.finos.waltz.model.user.ImmutableUserPreference$Builder",
        "object_id": 198365951,
        "value": "org.finos.waltz.model.user.ImmutableUserPreference$Builder@bd2d2ff"
      },
      "static": false,
      "thread_id": 36
    },
    {
      "elapsed": 0.0000019,
      "event": "return",
      "id": 83,
      "parent_id": 82,
      "return_value": {
        "class": "org.finos.waltz.model.user.ImmutableUserPreference",
        "object_id": 1277998477,
        "value": "UserPreference{key=assessment-rating.favourites.excluded, value=0}"
      },
      "thread_id": 36
    },
    {
      "defined_class": "org.finos.waltz.schema.tables.UserPreference",
      "event": "call",
      "id": 84,
      "lineno": 143,
      "method_id": "fieldsRow",
      "path": "org/finos/waltz/schema/tables/UserPreference.java",
      "receiver": {
        "class": "org.finos.waltz.schema.tables.UserPreference",
        "object_id": 1732672098,
        "value": "\"user_preference\""
      },
      "static": false,
      "thread_id": 36
    },
    {
      "elapsed": 0.000002,
      "event": "return",
      "id": 85,
      "parent_id": 84,
      "return_value": {
        "class": "org.jooq.impl.RowImpl",
        "object_id": 1366606813,
        "value": "(\"user_preference\".\"key\", \"user_preference\".\"value\", \"user_preference\".\"user_name\")"
      },
      "thread_id": 36
    },
    {
      "defined_class": "org.finos.waltz.schema.tables.UserPreference",
      "event": "call",
      "id": 86,
      "lineno": 143,
      "method_id": "fieldsRow",
      "path": "org/finos/waltz/schema/tables/UserPreference.java",
      "receiver": {
        "class": "org.finos.waltz.schema.tables.UserPreference",
        "object_id": 1732672098,
        "value": "\"user_preference\""
      },
      "static": false,
      "thread_id": 36
    },
    {
      "elapsed": 0.0000046,
      "event": "return",
      "id": 87,
      "parent_id": 86,
      "return_value": {
        "class": "org.jooq.impl.RowImpl",
        "object_id": 2024889588,
        "value": "(\"user_preference\".\"key\", \"user_preference\".\"value\", \"user_preference\".\"user_name\")"
      },
      "thread_id": 36
    },
    {
      "defined_class": "org.finos.waltz.schema.tables.UserPreference",
      "event": "call",
      "id": 88,
      "lineno": 143,
      "method_id": "fieldsRow",
      "path": "org/finos/waltz/schema/tables/UserPreference.java",
      "receiver": {
        "class": "org.finos.waltz.schema.tables.UserPreference",
        "object_id": 1732672098,
        "value": "\"user_preference\""
      },
      "static": false,
      "thread_id": 36
    },
    {
      "elapsed": 0.0000031,
      "event": "return",
      "id": 89,
      "parent_id": 88,
      "return_value": {
        "class": "org.jooq.impl.RowImpl",
        "object_id": 928150598,
        "value": "(\"user_preference\".\"key\", \"user_preference\".\"value\", \"user_preference\".\"user_name\")"
      },
      "thread_id": 36
    },
    {
      "defined_class": "org.finos.waltz.model.user.ImmutableUserPreference",
      "event": "call",
      "id": 90,
      "lineno": 182,
      "method_id": "builder",
      "path": "org/finos/waltz/model/user/ImmutableUserPreference.java",
      "static": true,
      "thread_id": 36
    },
    {
      "elapsed": 0.0000032,
      "event": "return",
      "id": 91,
      "parent_id": 90,
      "return_value": {
        "class": "org.finos.waltz.model.user.ImmutableUserPreference$Builder",
        "object_id": 511389692,
        "value": "org.finos.waltz.model.user.ImmutableUserPreference$Builder@1e7b2ffc"
      },
      "thread_id": 36
    },
    {
      "defined_class": "org.finos.waltz.model.user.ImmutableUserPreference$Builder",
      "event": "call",
      "id": 92,
      "lineno": 225,
      "method_id": "key",
      "parameters": [
        {
          "class": "java.lang.String",
          "kind": "req",
          "name": "key",
          "object_id": 1768324549,
          "value": "main.assessment-rating.favourites.APPLICATION.excluded"
        }
      ],
      "path": "org/finos/waltz/model/user/ImmutableUserPreference.java",
      "receiver": {
        "class": "org.finos.waltz.model.user.ImmutableUserPreference$Builder",
        "object_id": 511389692,
        "value": "org.finos.waltz.model.user.ImmutableUserPreference$Builder@1e7b2ffc"
      },
      "static": false,
      "thread_id": 36
    },
    {
      "elapsed": 0.0000017,
      "event": "return",
      "id": 93,
      "parent_id": 92,
      "return_value": {
        "class": "org.finos.waltz.model.user.ImmutableUserPreference$Builder",
        "object_id": 511389692,
        "value": "org.finos.waltz.model.user.ImmutableUserPreference$Builder@1e7b2ffc"
      },
      "thread_id": 36
    },
    {
      "defined_class": "org.finos.waltz.model.user.ImmutableUserPreference$Builder",
      "event": "call",
      "id": 94,
      "lineno": 237,
      "method_id": "value",
      "parameters": [
        {
          "class": "java.lang.String",
          "kind": "req",
          "name": "value",
          "object_id": 457362145,
          "value": "0"
        }
      ],
      "path": "org/finos/waltz/model/user/ImmutableUserPreference.java",
      "receiver": {
        "class": "org.finos.waltz.model.user.ImmutableUserPreference$Builder",
        "object_id": 511389692,
        "value": "org.finos.waltz.model.user.ImmutableUserPreference$Builder@1e7b2ffc"
      },
      "static": false,
      "thread_id": 36
    },
    {
      "elapsed": 0.0000017,
      "event": "return",
      "id": 95,
      "parent_id": 94,
      "return_value": {
        "class": "org.finos.waltz.model.user.ImmutableUserPreference$Builder",
        "object_id": 511389692,
        "value": "org.finos.waltz.model.user.ImmutableUserPreference$Builder@1e7b2ffc"
      },
      "thread_id": 36
    },
    {
      "defined_class": "org.finos.waltz.model.user.ImmutableUserPreference$Builder",
      "event": "call",
      "id": 96,
      "lineno": 248,
      "method_id": "build",
      "path": "org/finos/waltz/model/user/ImmutableUserPreference.java",
      "receiver": {
        "class": "org.finos.waltz.model.user.ImmutableUserPreference$Builder",
        "object_id": 511389692,
        "value": "org.finos.waltz.model.user.ImmutableUserPreference$Builder@1e7b2ffc"
      },
      "static": false,
      "thread_id": 36
    },
    {
      "elapsed": 0.000002,
      "event": "return",
      "id": 97,
      "parent_id": 96,
      "return_value": {
        "class": "org.finos.waltz.model.user.ImmutableUserPreference",
        "object_id": 1058434443,
        "value": "UserPreference{key=main.assessment-rating.favourites.APPLICATION.excluded, value=0}"
      },
      "thread_id": 36
    },
    {
      "defined_class": "org.finos.waltz.schema.tables.UserPreference",
      "event": "call",
      "id": 98,
      "lineno": 143,
      "method_id": "fieldsRow",
      "path": "org/finos/waltz/schema/tables/UserPreference.java",
      "receiver": {
        "class": "org.finos.waltz.schema.tables.UserPreference",
        "object_id": 1732672098,
        "value": "\"user_preference\""
      },
      "static": false,
      "thread_id": 36
    },
    {
      "elapsed": 0.0000022,
      "event": "return",
      "id": 99,
      "parent_id": 98,
      "return_value": {
        "class": "org.jooq.impl.RowImpl",
        "object_id": 2018877786,
        "value": "(\"user_preference\".\"key\", \"user_preference\".\"value\", \"user_preference\".\"user_name\")"
      },
      "thread_id": 36
    },
    {
      "defined_class": "org.finos.waltz.schema.tables.UserPreference",
      "event": "call",
      "id": 100,
      "lineno": 143,
      "method_id": "fieldsRow",
      "path": "org/finos/waltz/schema/tables/UserPreference.java",
      "receiver": {
        "class": "org.finos.waltz.schema.tables.UserPreference",
        "object_id": 1732672098,
        "value": "\"user_preference\""
      },
      "static": false,
      "thread_id": 36
    },
    {
      "elapsed": 0.0000036,
      "event": "return",
      "id": 101,
      "parent_id": 100,
      "return_value": {
        "class": "org.jooq.impl.RowImpl",
        "object_id": 570913728,
        "value": "(\"user_preference\".\"key\", \"user_preference\".\"value\", \"user_preference\".\"user_name\")"
      },
      "thread_id": 36
    },
    {
      "defined_class": "org.finos.waltz.schema.tables.UserPreference",
      "event": "call",
      "id": 102,
      "lineno": 143,
      "method_id": "fieldsRow",
      "path": "org/finos/waltz/schema/tables/UserPreference.java",
      "receiver": {
        "class": "org.finos.waltz.schema.tables.UserPreference",
        "object_id": 1732672098,
        "value": "\"user_preference\""
      },
      "static": false,
      "thread_id": 36
    },
    {
      "elapsed": 0.0000394,
      "event": "return",
      "id": 103,
      "parent_id": 102,
      "return_value": {
        "class": "org.jooq.impl.RowImpl",
        "object_id": 798994595,
        "value": "(\"user_preference\".\"key\", \"user_preference\".\"value\", \"user_preference\".\"user_name\")"
      },
      "thread_id": 36
    },
    {
      "defined_class": "org.finos.waltz.model.user.ImmutableUserPreference",
      "event": "call",
      "id": 104,
      "lineno": 182,
      "method_id": "builder",
      "path": "org/finos/waltz/model/user/ImmutableUserPreference.java",
      "static": true,
      "thread_id": 36
    },
    {
      "elapsed": 0.0000053,
      "event": "return",
      "id": 105,
      "parent_id": 104,
      "return_value": {
        "class": "org.finos.waltz.model.user.ImmutableUserPreference$Builder",
        "object_id": 594148078,
        "value": "org.finos.waltz.model.user.ImmutableUserPreference$Builder@2369faee"
      },
      "thread_id": 36
    },
    {
      "defined_class": "org.finos.waltz.model.user.ImmutableUserPreference$Builder",
      "event": "call",
      "id": 106,
      "lineno": 225,
      "method_id": "key",
      "parameters": [
        {
          "class": "java.lang.String",
          "kind": "req",
          "name": "key",
          "object_id": 1994637480,
          "value": "main.assessment-rating.favourites.APPLICATION.included"
        }
      ],
      "path": "org/finos/waltz/model/user/ImmutableUserPreference.java",
      "receiver": {
        "class": "org.finos.waltz.model.user.ImmutableUserPreference$Builder",
        "object_id": 594148078,
        "value": "org.finos.waltz.model.user.ImmutableUserPreference$Builder@2369faee"
      },
      "static": false,
      "thread_id": 36
    },
    {
      "elapsed": 0.0000027,
      "event": "return",
      "id": 107,
      "parent_id": 106,
      "return_value": {
        "class": "org.finos.waltz.model.user.ImmutableUserPreference$Builder",
        "object_id": 594148078,
        "value": "org.finos.waltz.model.user.ImmutableUserPreference$Builder@2369faee"
      },
      "thread_id": 36
    },
    {
      "defined_class": "org.finos.waltz.model.user.ImmutableUserPreference$Builder",
      "event": "call",
      "id": 108,
      "lineno": 237,
      "method_id": "value",
      "parameters": [
        {
          "class": "java.lang.String",
          "kind": "req",
          "name": "value",
          "object_id": 1877157063,
          "value": "0"
        }
      ],
      "path": "org/finos/waltz/model/user/ImmutableUserPreference.java",
      "receiver": {
        "class": "org.finos.waltz.model.user.ImmutableUserPreference$Builder",
        "object_id": 594148078,
        "value": "org.finos.waltz.model.user.ImmutableUserPreference$Builder@2369faee"
      },
      "static": false,
      "thread_id": 36
    },
    {
      "elapsed": 0.0000018,
      "event": "return",
      "id": 109,
      "parent_id": 108,
      "return_value": {
        "class": "org.finos.waltz.model.user.ImmutableUserPreference$Builder",
        "object_id": 594148078,
        "value": "org.finos.waltz.model.user.ImmutableUserPreference$Builder@2369faee"
      },
      "thread_id": 36
    },
    {
      "defined_class": "org.finos.waltz.model.user.ImmutableUserPreference$Builder",
      "event": "call",
      "id": 110,
      "lineno": 248,
      "method_id": "build",
      "path": "org/finos/waltz/model/user/ImmutableUserPreference.java",
      "receiver": {
        "class": "org.finos.waltz.model.user.ImmutableUserPreference$Builder",
        "object_id": 594148078,
        "value": "org.finos.waltz.model.user.ImmutableUserPreference$Builder@2369faee"
      },
      "static": false,
      "thread_id": 36
    },
    {
      "elapsed": 0.0000049,
      "event": "return",
      "id": 111,
      "parent_id": 110,
      "return_value": {
        "class": "org.finos.waltz.model.user.ImmutableUserPreference",
        "object_id": 1026263856,
        "value": "UserPreference{key=main.assessment-rating.favourites.APPLICATION.included, value=0}"
      },
      "thread_id": 36
    },
    {
      "elapsed": 0.0009841,
      "event": "return",
      "id": 112,
      "parent_id": 19,
      "return_value": {
        "class": "java.util.ArrayList",
        "object_id": 1366931697,
        "value": "[UserPreference{key=main.app-view.assessment-rating.favouriteAssessmentDefnIds.application.excluded, value=0}, UserPreference{key=main.app-view.assessment-rating.favouriteAssessmentDefnIds.application.included, value=0}, UserPreference{key=assessment-rating.favourites.included, value=0}, UserPreference{key=assessment-rating.favourites.excluded, value=0}, UserPreference{key=main.assessment-rating.favourites.APPLICATION.excluded, value=0}, UserPreference{key=main.assessment-rating.favourites.APPLICATION.included, value=0}]"
      },
      "thread_id": 36
    },
    {
      "elapsed": 0.0010231,
      "event": "return",
      "id": 113,
      "parent_id": 8,
      "return_value": {
        "class": "java.util.ArrayList",
        "object_id": 1366931697,
        "value": "[UserPreference{key=main.app-view.assessment-rating.favouriteAssessmentDefnIds.application.excluded, value=0}, UserPreference{key=main.app-view.assessment-rating.favouriteAssessmentDefnIds.application.included, value=0}, UserPreference{key=assessment-rating.favourites.included, value=0}, UserPreference{key=assessment-rating.favourites.excluded, value=0}, UserPreference{key=main.assessment-rating.favourites.APPLICATION.excluded, value=0}, UserPreference{key=main.assessment-rating.favourites.APPLICATION.included, value=0}]"
      },
      "thread_id": 36
    },
    {
      "defined_class": "org.finos.waltz.model.user.ImmutableUserPreference",
      "event": "call",
      "id": 114,
      "lineno": 36,
      "method_id": "key",
      "path": "org/finos/waltz/model/user/ImmutableUserPreference.java",
      "receiver": {
        "class": "org.finos.waltz.model.user.ImmutableUserPreference",
        "object_id": 2133309333,
        "value": "UserPreference{key=main.app-view.assessment-rating.favouriteAssessmentDefnIds.application.excluded, value=0}"
      },
      "static": false,
      "thread_id": 36
    },
    {
      "elapsed": 0.0000311,
      "event": "return",
      "id": 115,
      "parent_id": 114,
      "return_value": {
        "class": "java.lang.String",
        "object_id": 1413895881,
        "value": "main.app-view.assessment-rating.favouriteAssessmentDefnIds.application.excluded"
      },
      "thread_id": 36
    },
    {
      "defined_class": "org.finos.waltz.model.user.ImmutableUserPreference",
      "event": "call",
      "id": 116,
      "lineno": 45,
      "method_id": "value",
      "path": "org/finos/waltz/model/user/ImmutableUserPreference.java",
      "receiver": {
        "class": "org.finos.waltz.model.user.ImmutableUserPreference",
        "object_id": 2133309333,
        "value": "UserPreference{key=main.app-view.assessment-rating.favouriteAssessmentDefnIds.application.excluded, value=0}"
      },
      "static": false,
      "thread_id": 36
    },
    {
      "elapsed": 0.0000035,
      "event": "return",
      "id": 117,
      "parent_id": 116,
      "return_value": {
        "class": "java.lang.String",
        "object_id": 1494605451,
        "value": "0"
      },
      "thread_id": 36
    },
    {
      "defined_class": "org.finos.waltz.model.user.ImmutableUserPreference",
      "event": "call",
      "id": 118,
      "lineno": 36,
      "method_id": "key",
      "path": "org/finos/waltz/model/user/ImmutableUserPreference.java",
      "receiver": {
        "class": "org.finos.waltz.model.user.ImmutableUserPreference",
        "object_id": 597537441,
        "value": "UserPreference{key=main.app-view.assessment-rating.favouriteAssessmentDefnIds.application.included, value=0}"
      },
      "static": false,
      "thread_id": 36
    },
    {
      "elapsed": 0.0000042,
      "event": "return",
      "id": 119,
      "parent_id": 118,
      "return_value": {
        "class": "java.lang.String",
        "object_id": 1731687286,
        "value": "main.app-view.assessment-rating.favouriteAssessmentDefnIds.application.included"
      },
      "thread_id": 36
    },
    {
      "defined_class": "org.finos.waltz.model.user.ImmutableUserPreference",
      "event": "call",
      "id": 120,
      "lineno": 45,
      "method_id": "value",
      "path": "org/finos/waltz/model/user/ImmutableUserPreference.java",
      "receiver": {
        "class": "org.finos.waltz.model.user.ImmutableUserPreference",
        "object_id": 597537441,
        "value": "UserPreference{key=main.app-view.assessment-rating.favouriteAssessmentDefnIds.application.included, value=0}"
      },
      "static": false,
      "thread_id": 36
    },
    {
      "elapsed": 0.0000082,
      "event": "return",
      "id": 121,
      "parent_id": 120,
      "return_value": {
        "class": "java.lang.String",
        "object_id": 610840266,
        "value": "0"
      },
      "thread_id": 36
    },
    {
      "defined_class": "org.finos.waltz.model.user.ImmutableUserPreference",
      "event": "call",
      "id": 122,
      "lineno": 36,
      "method_id": "key",
      "path": "org/finos/waltz/model/user/ImmutableUserPreference.java",
      "receiver": {
        "class": "org.finos.waltz.model.user.ImmutableUserPreference",
        "object_id": 228621014,
        "value": "UserPreference{key=assessment-rating.favourites.included, value=0}"
      },
      "static": false,
      "thread_id": 36
    },
    {
      "elapsed": 0.0000025,
      "event": "return",
      "id": 123,
      "parent_id": 122,
      "return_value": {
        "class": "java.lang.String",
        "object_id": 322369034,
        "value": "assessment-rating.favourites.included"
      },
      "thread_id": 36
    },
    {
      "defined_class": "org.finos.waltz.model.user.ImmutableUserPreference",
      "event": "call",
      "id": 124,
      "lineno": 45,
      "method_id": "value",
      "path": "org/finos/waltz/model/user/ImmutableUserPreference.java",
      "receiver": {
        "class": "org.finos.waltz.model.user.ImmutableUserPreference",
        "object_id": 228621014,
        "value": "UserPreference{key=assessment-rating.favourites.included, value=0}"
      },
      "static": false,
      "thread_id": 36
    },
    {
      "elapsed": 0.0000017,
      "event": "return",
      "id": 125,
      "parent_id": 124,
      "return_value": {
        "class": "java.lang.String",
        "object_id": 102626968,
        "value": "0"
      },
      "thread_id": 36
    },
    {
      "defined_class": "org.finos.waltz.model.user.ImmutableUserPreference",
      "event": "call",
      "id": 126,
      "lineno": 36,
      "method_id": "key",
      "path": "org/finos/waltz/model/user/ImmutableUserPreference.java",
      "receiver": {
        "class": "org.finos.waltz.model.user.ImmutableUserPreference",
        "object_id": 1277998477,
        "value": "UserPreference{key=assessment-rating.favourites.excluded, value=0}"
      },
      "static": false,
      "thread_id": 36
    },
    {
      "elapsed": 0.0000106,
      "event": "return",
      "id": 127,
      "parent_id": 126,
      "return_value": {
        "class": "java.lang.String",
        "object_id": 287775086,
        "value": "assessment-rating.favourites.excluded"
      },
      "thread_id": 36
    },
    {
      "defined_class": "org.finos.waltz.model.user.ImmutableUserPreference",
      "event": "call",
      "id": 128,
      "lineno": 45,
      "method_id": "value",
      "path": "org/finos/waltz/model/user/ImmutableUserPreference.java",
      "receiver": {
        "class": "org.finos.waltz.model.user.ImmutableUserPreference",
        "object_id": 1277998477,
        "value": "UserPreference{key=assessment-rating.favourites.excluded, value=0}"
      },
      "static": false,
      "thread_id": 36
    },
    {
      "elapsed": 0.0000022,
      "event": "return",
      "id": 129,
      "parent_id": 128,
      "return_value": {
        "class": "java.lang.String",
        "object_id": 1077011391,
        "value": "0"
      },
      "thread_id": 36
    },
    {
      "defined_class": "org.finos.waltz.model.user.ImmutableUserPreference",
      "event": "call",
      "id": 130,
      "lineno": 36,
      "method_id": "key",
      "path": "org/finos/waltz/model/user/ImmutableUserPreference.java",
      "receiver": {
        "class": "org.finos.waltz.model.user.ImmutableUserPreference",
        "object_id": 1058434443,
        "value": "UserPreference{key=main.assessment-rating.favourites.APPLICATION.excluded, value=0}"
      },
      "static": false,
      "thread_id": 36
    },
    {
      "elapsed": 0.0000023,
      "event": "return",
      "id": 131,
      "parent_id": 130,
      "return_value": {
        "class": "java.lang.String",
        "object_id": 1768324549,
        "value": "main.assessment-rating.favourites.APPLICATION.excluded"
      },
      "thread_id": 36
    },
    {
      "defined_class": "org.finos.waltz.model.user.ImmutableUserPreference",
      "event": "call",
      "id": 132,
      "lineno": 45,
      "method_id": "value",
      "path": "org/finos/waltz/model/user/ImmutableUserPreference.java",
      "receiver": {
        "class": "org.finos.waltz.model.user.ImmutableUserPreference",
        "object_id": 1058434443,
        "value": "UserPreference{key=main.assessment-rating.favourites.APPLICATION.excluded, value=0}"
      },
      "static": false,
      "thread_id": 36
    },
    {
      "elapsed": 0.0000021,
      "event": "return",
      "id": 133,
      "parent_id": 132,
      "return_value": {
        "class": "java.lang.String",
        "object_id": 457362145,
        "value": "0"
      },
      "thread_id": 36
    },
    {
      "defined_class": "org.finos.waltz.model.user.ImmutableUserPreference",
      "event": "call",
      "id": 134,
      "lineno": 36,
      "method_id": "key",
      "path": "org/finos/waltz/model/user/ImmutableUserPreference.java",
      "receiver": {
        "class": "org.finos.waltz.model.user.ImmutableUserPreference",
        "object_id": 1026263856,
        "value": "UserPreference{key=main.assessment-rating.favourites.APPLICATION.included, value=0}"
      },
      "static": false,
      "thread_id": 36
    },
    {
      "elapsed": 0.0000051,
      "event": "return",
      "id": 135,
      "parent_id": 134,
      "return_value": {
        "class": "java.lang.String",
        "object_id": 1994637480,
        "value": "main.assessment-rating.favourites.APPLICATION.included"
      },
      "thread_id": 36
    },
    {
      "defined_class": "org.finos.waltz.model.user.ImmutableUserPreference",
      "event": "call",
      "id": 136,
      "lineno": 45,
      "method_id": "value",
      "path": "org/finos/waltz/model/user/ImmutableUserPreference.java",
      "receiver": {
        "class": "org.finos.waltz.model.user.ImmutableUserPreference",
        "object_id": 1026263856,
        "value": "UserPreference{key=main.assessment-rating.favourites.APPLICATION.included, value=0}"
      },
      "static": false,
      "thread_id": 36
    },
    {
      "elapsed": 0.0000022,
      "event": "return",
      "id": 137,
      "parent_id": 136,
      "return_value": {
        "class": "java.lang.String",
        "object_id": 1877157063,
        "value": "0"
      },
      "thread_id": 36
    },
    {
      "elapsed": 0.0022554,
      "event": "return",
      "http_server_response": {
        "headers": {
          "Access-Control-Expose-Headers": "*",
          "Access-Control-Allow-Origin": "*",
          "Date": "Tue, 04 Jun 2024 17:29:13 GMT",
          "Content-Type": "application/json"
        },
        "status": 200
      },
      "id": 138,
      "parent_id": 1,
      "thread_id": 36
    }
  ],
  "version": "1.2",
  "metadata": {
    "name": "GET /api/user-preference (200) - 17:29:13.305",
    "app": "waltz",
    "language": {
      "name": "java",
      "version": "17.0.8+9-LTS-211",
      "engine": "Java HotSpot(TM) 64-Bit Server VM"
    },
    "client": {
      "name": "appmap-java",
      "url": "https://github.com/appland/appmap-java"
    },
    "recorder": {
      "name": "request_recording",
      "type": "requests"
    },
    "recording": {},
    "git": {
      "repository": "git@github.com:land-of-apps/waltz.git",
      "branch": "master",
      "commit": "4843ed86d43213c400243d4cf09afe5318490c9e"
    }
  },
  "classMap": [
    {
      "children": [
        {
          "children": [
            {
              "children": [
                {
                  "children": [
                    {
                      "children": [
                        {
                          "children": [
                            {
                              "name": "fieldsRow",
                              "type": "function",
                              "static": false,
                              "location": "org/finos/waltz/schema/tables/UserPreference.java:143"
                            }
                          ],
                          "name": "UserPreference",
                          "type": "class"
                        }
                      ],
                      "name": "tables",
                      "type": "package"
                    }
                  ],
                  "name": "schema",
                  "type": "package"
                },
                {
                  "children": [
                    {
                      "children": [
                        {
                          "children": [
                            {
                              "name": "key",
                              "type": "function",
                              "static": false,
                              "location": "org/finos/waltz/model/user/ImmutableUserPreference.java:36"
                            },
                            {
                              "name": "value",
                              "type": "function",
                              "static": false,
                              "location": "org/finos/waltz/model/user/ImmutableUserPreference.java:45"
                            },
                            {
                              "name": "builder",
                              "type": "function",
                              "static": true,
                              "location": "org/finos/waltz/model/user/ImmutableUserPreference.java:182"
                            }
                          ],
                          "name": "ImmutableUserPreference",
                          "type": "class"
                        },
                        {
                          "children": [
                            {
                              "name": "build",
                              "type": "function",
                              "static": false,
                              "location": "org/finos/waltz/model/user/ImmutableUserPreference.java:248"
                            },
                            {
                              "name": "key",
                              "type": "function",
                              "static": false,
                              "location": "org/finos/waltz/model/user/ImmutableUserPreference.java:225"
                            },
                            {
                              "name": "value",
                              "type": "function",
                              "static": false,
                              "location": "org/finos/waltz/model/user/ImmutableUserPreference.java:237"
                            }
                          ],
                          "name": "ImmutableUserPreference$Builder",
                          "type": "class"
                        }
                      ],
                      "name": "user",
                      "type": "package"
                    }
                  ],
                  "name": "model",
                  "type": "package"
                },
                {
                  "children": [
                    {
                      "children": [
                        {
                          "name": "checkNotEmpty",
                          "type": "function",
                          "static": true,
                          "location": "waltz-common/src/main/java/org/finos/waltz/common/Checks.java:115"
                        },
                        {
                          "name": "checkFalse",
                          "type": "function",
                          "static": true,
                          "location": "waltz-common/src/main/java/org/finos/waltz/common/Checks.java:92"
                        },
                        {
                          "name": "checkTrue",
                          "type": "function",
                          "static": true,
                          "location": "waltz-common/src/main/java/org/finos/waltz/common/Checks.java:85"
                        },
                        {
                          "name": "checkNotNull",
                          "type": "function",
                          "static": true,
                          "location": "waltz-common/src/main/java/org/finos/waltz/common/Checks.java:37"
                        }
                      ],
                      "name": "Checks",
                      "type": "class"
                    }
                  ],
                  "name": "common",
                  "type": "package"
                },
                {
                  "children": [
                    {
                      "children": [
                        {
                          "name": "executeEnd",
                          "type": "function",
                          "static": false,
                          "location": "waltz-service/src/main/java/org/finos/waltz/service/SlowQueryListener.java:66"
                        },
                        {
                          "name": "executeStart",
                          "type": "function",
                          "static": false,
                          "location": "waltz-service/src/main/java/org/finos/waltz/service/SlowQueryListener.java:59"
                        }
                      ],
                      "name": "SlowQueryListener",
                      "type": "class"
                    },
                    {
                      "children": [
                        {
                          "children": [
                            {
                              "name": "getPreferences",
                              "type": "function",
                              "static": false,
                              "location": "waltz-service/src/main/java/org/finos/waltz/service/user/UserPreferenceService.java:50"
                            }
                          ],
                          "name": "UserPreferenceService",
                          "type": "class"
                        }
                      ],
                      "name": "user",
                      "type": "package"
                    }
                  ],
                  "name": "service",
                  "type": "package"
                },
                {
                  "children": [
                    {
                      "children": [
                        {
                          "children": [
                            {
                              "children": [
                                {
                                  "name": "handle",
                                  "type": "function",
                                  "static": false,
                                  "location": "waltz-web/src/main/java/org/finos/waltz/web/endpoints/auth/JWTAuthenticationFilter.java:62"
                                }
                              ],
                              "name": "JWTAuthenticationFilter",
                              "type": "class"
                            },
                            {
                              "children": [
                                {
                                  "name": "getUsername",
                                  "type": "function",
                                  "static": true,
                                  "location": "waltz-web/src/main/java/org/finos/waltz/web/endpoints/auth/AuthenticationUtilities.java:37"
                                }
                              ],
                              "name": "AuthenticationUtilities",
                              "type": "class"
                            }
                          ],
                          "name": "auth",
                          "type": "package"
                        }
                      ],
                      "name": "endpoints",
                      "type": "package"
                    },
                    {
                      "children": [
                        {
                          "name": "getUsername",
                          "type": "function",
                          "static": true,
                          "location": "waltz-web/src/main/java/org/finos/waltz/web/WebUtilities.java:171"
                        }
                      ],
                      "name": "WebUtilities",
                      "type": "class"
                    }
                  ],
                  "name": "web",
                  "type": "package"
                },
                {
                  "children": [
                    {
                      "children": [
                        {
                          "children": [
                            {
                              "name": "getPreferencesForUser",
                              "type": "function",
                              "static": false,
                              "location": "waltz-data/src/main/java/org/finos/waltz/data/user/UserPreferenceDao.java:74"
                            }
                          ],
                          "name": "UserPreferenceDao",
                          "type": "class"
                        }
                      ],
                      "name": "user",
                      "type": "package"
                    }
                  ],
                  "name": "data",
                  "type": "package"
                }
              ],
              "name": "waltz",
              "type": "package"
            }
          ],
          "name": "finos",
          "type": "package"
        }
      ],
      "name": "org",
      "type": "package"
    },
    {
      "type": "http",
      "name": "HTTP server requests",
      "children": [
        {
          "type": "route",
          "name": "GET /api/user-preference"
        }
      ]
    },
    {
      "type": "database",
      "name": "Database",
      "children": [
        {
          "type": "query",
          "name": "select \"user_preference\".\"key\", \"user_preference\".\"value\", \"user_preference\".\"user_name\" from \"user_preference\" where \"user_preference\".\"user_name\" = ?"
        }
      ]
    }
  ]
}