{
  "events": [
    {
      "event": "call",
      "http_server_request": {
        "headers": {
          "Cookie": "appland_session=bFU5p0cvqrcXlz2oQfgEZG3%2BQjfds2AwmlOA%2Fx5fhQLjPvVHIKrHyvnbeq5nw8c5sME56znPsnpSSzB3nr%2BHfdk9sEC9MgOgNKjgjD8qlzGqDVuwRPr30ch96LWGIDwuITrAUwQGqlUw7%2Fdsq0tjrfHFPTlemq71kQtCAIi9JTRWo5tLPJlG%2F9JtfTuiWIfWg8X67ZkAOuaapIHdaA5w5QtwMr7h34LfseImCERQpzoz9xTqJYqSi2SJ9RE1eVw2jyYFG9IGPA4d1USUIXvAmeaMOQ9Z%2BDmKhiIRXve6%2BzO47%2F2RW1kaH2PND2r0EKz%2BaWMbrXswEaj2kjwx09pTJANR5arO0I9c2RelyrURJyvI%2FZ8OwnG99VyxbE2scovqFvxwhmhXr1KDOxpRle3VOJSpxXtFaDjv2TSSbtqGkIj4T51u58xasM4KbZUpapu5OQ5ENf%2FSMADW4DHmCrSQJ14SgVbNtrazlgwdph5p0AKax1l0Bw7j0jz2SGT9C5HMnzVyZdV59G6paFrgLqvtGuXdWr4VeJt2tPVftjki2S0LpmpTAacYMTeiz0JRvAUI2MTy5coFmozGwP2tYolztMsGb%2Bss8Pp0ZRYy8EsEs78L1J1nDMR5VCJ5yVhSq8JXZA7Misee05vblyt4OMHf9CA4AMzWpe2NbExRxiHuW%2Bkx%2F83vj%2Btrqn1QRG33cQUOn3jl8nfSuSLj5p0K5PYVYnXJu8E7RhAyqpC6J23a%2F8B4qsDAOrIrUYPQAWaYOsjd0i3Q5y49d77RlVc7zyyLJxFNVWLlYCD5BrfOMpyF2f9InowPEQei23xjT4UE0W3dXZP1xhk5wDvQ--zbb2b%2Flld908TQxF--8LcY2kn8%2BBw8bSaDiyP6LQ%3D%3D",
          "Accept": "application/json, text/plain, */*",
          "Connection": "keep-alive",
          "User-Agent": "Mozilla/5.0 (Macintosh; Intel Mac OS X 10_15_7) AppleWebKit/537.36 (KHTML, like Gecko) Chrome/125.0.0.0 Safari/537.36",
          "Referer": "http://localhost:8080/application/12",
          "Sec-Fetch-Site": "same-origin",
          "Sec-Fetch-Dest": "empty",
          "Host": "localhost:8080",
          "Accept-Encoding": "gzip, deflate, br, zstd",
          "Sec-Fetch-Mode": "cors",
          "sec-ch-ua": "\"Google Chrome\";v=\"125\", \"Chromium\";v=\"125\", \"Not.A/Brand\";v=\"24\"",
          "sec-ch-ua-mobile": "?0",
          "Cache-Control": "max-age=0",
          "sec-ch-ua-platform": "\"macOS\"",
          "If-Modified-Since": "0",
          "Accept-Language": "en-US,en;q=0.9"
        },
        "path_info": "/api/org-unit/140",
        "protocol": "HTTP/1.1",
        "request_method": "GET"
      },
      "id": 1,
      "thread_id": 30
    },
    {
      "defined_class": "org.finos.waltz.web.endpoints.auth.JWTAuthenticationFilter",
      "event": "call",
      "id": 2,
      "lineno": 62,
      "method_id": "handle",
      "parameters": [
        {
          "class": "spark.http.matching.RequestWrapper",
          "kind": "req",
          "name": "request",
          "object_id": 682962312,
          "value": "spark.Request@38e6390a"
        },
        {
          "class": "spark.http.matching.ResponseWrapper",
          "kind": "req",
          "name": "response",
          "object_id": 1544413875,
          "value": "spark.Response@2100862c"
        }
      ],
      "path": "waltz-web/src/main/java/org/finos/waltz/web/endpoints/auth/JWTAuthenticationFilter.java",
      "receiver": {
        "class": "org.finos.waltz.web.endpoints.auth.JWTAuthenticationFilter",
        "object_id": 1161636242,
        "value": "org.finos.waltz.web.endpoints.auth.JWTAuthenticationFilter@453d2992"
      },
      "static": false,
      "thread_id": 30
    },
    {
      "elapsed": 0.0000949,
      "event": "return",
      "id": 3,
      "parent_id": 2,
      "thread_id": 30
    },
    {
      "defined_class": "org.finos.waltz.web.WebUtilities",
      "event": "call",
      "id": 4,
      "lineno": 111,
      "method_id": "getId",
      "parameters": [
        {
          "class": "spark.http.matching.RequestWrapper",
          "kind": "req",
          "name": "request",
          "object_id": 682962312,
          "value": "spark.Request@20d836e9"
        }
      ],
      "path": "waltz-web/src/main/java/org/finos/waltz/web/WebUtilities.java",
      "static": true,
      "thread_id": 30
    },
    {
      "defined_class": "org.finos.waltz.web.WebUtilities",
      "event": "call",
      "id": 5,
      "lineno": 94,
      "method_id": "getLong",
      "parameters": [
        {
          "class": "spark.http.matching.RequestWrapper",
          "kind": "req",
          "name": "request",
          "object_id": 682962312,
          "value": "spark.Request@20d836e9"
        },
        {
          "class": "java.lang.String",
          "kind": "req",
          "name": "paramName",
          "object_id": 1713025404,
          "value": "id"
        }
      ],
      "path": "waltz-web/src/main/java/org/finos/waltz/web/WebUtilities.java",
      "static": true,
      "thread_id": 30
    },
    {
      "defined_class": "org.finos.waltz.common.Checks",
      "event": "call",
      "id": 6,
      "lineno": 37,
      "method_id": "checkNotNull",
      "parameters": [
        {
          "class": "spark.http.matching.RequestWrapper",
          "kind": "req",
          "name": "t",
          "object_id": 682962312,
          "value": "spark.Request@20d836e9"
        },
        {
          "class": "java.lang.String",
          "kind": "req",
          "name": "message",
          "object_id": 1040307280,
          "value": "request must not be null"
        },
        {
          "class": "[Ljava.lang.Object;",
          "kind": "req",
          "name": "args",
          "object_id": 334712891,
          "value": "[Ljava.lang.Object;@13f3503b"
        }
      ],
      "path": "waltz-common/src/main/java/org/finos/waltz/common/Checks.java",
      "static": true,
      "thread_id": 30
    },
    {
      "defined_class": "org.finos.waltz.common.Checks",
      "event": "call",
      "id": 7,
      "lineno": 85,
      "method_id": "checkTrue",
      "parameters": [
        {
          "class": "java.lang.Boolean",
          "kind": "req",
          "name": "b",
          "object_id": 1639612098,
          "value": "true"
        },
        {
          "class": "java.lang.String",
          "kind": "req",
          "name": "msg",
          "object_id": 1040307280,
          "value": "request must not be null"
        },
        {
          "class": "[Ljava.lang.Object;",
          "kind": "req",
          "name": "args",
          "object_id": 334712891,
          "value": "[Ljava.lang.Object;@13f3503b"
        }
      ],
      "path": "waltz-common/src/main/java/org/finos/waltz/common/Checks.java",
      "static": true,
      "thread_id": 30
    },
    {
      "elapsed": 0.0000026,
      "event": "return",
      "id": 8,
      "parent_id": 7,
      "thread_id": 30
    },
    {
      "elapsed": 0.000009,
      "event": "return",
      "id": 9,
      "parent_id": 6,
      "return_value": {
        "class": "spark.http.matching.RequestWrapper",
        "object_id": 682962312,
        "value": "spark.Request@20d836e9"
      },
      "thread_id": 30
    },
    {
      "defined_class": "org.finos.waltz.common.Checks",
      "event": "call",
      "id": 10,
      "lineno": 37,
      "method_id": "checkNotNull",
      "parameters": [
        {
          "class": "java.lang.String",
          "kind": "req",
          "name": "t",
          "object_id": 1713025404,
          "value": "id"
        },
        {
          "class": "java.lang.String",
          "kind": "req",
          "name": "message",
          "object_id": 1835316251,
          "value": "paramName must not be null"
        },
        {
          "class": "[Ljava.lang.Object;",
          "kind": "req",
          "name": "args",
          "object_id": 450106662,
          "value": "[Ljava.lang.Object;@1ad41526"
        }
      ],
      "path": "waltz-common/src/main/java/org/finos/waltz/common/Checks.java",
      "static": true,
      "thread_id": 30
    },
    {
      "defined_class": "org.finos.waltz.common.Checks",
      "event": "call",
      "id": 11,
      "lineno": 85,
      "method_id": "checkTrue",
      "parameters": [
        {
          "class": "java.lang.Boolean",
          "kind": "req",
          "name": "b",
          "object_id": 1639612098,
          "value": "true"
        },
        {
          "class": "java.lang.String",
          "kind": "req",
          "name": "msg",
          "object_id": 1835316251,
          "value": "paramName must not be null"
        },
        {
          "class": "[Ljava.lang.Object;",
          "kind": "req",
          "name": "args",
          "object_id": 450106662,
          "value": "[Ljava.lang.Object;@1ad41526"
        }
      ],
      "path": "waltz-common/src/main/java/org/finos/waltz/common/Checks.java",
      "static": true,
      "thread_id": 30
    },
    {
      "elapsed": 0.0000018,
      "event": "return",
      "id": 12,
      "parent_id": 11,
      "thread_id": 30
    },
    {
      "elapsed": 0.0000657,
      "event": "return",
      "id": 13,
      "parent_id": 10,
      "return_value": {
        "class": "java.lang.String",
        "object_id": 1713025404,
        "value": "id"
      },
      "thread_id": 30
    },
    {
      "elapsed": 0.0001621,
      "event": "return",
      "id": 14,
      "parent_id": 5,
      "return_value": {
        "class": "java.lang.Long",
        "object_id": 1069597110,
        "value": "140"
      },
      "thread_id": 30
    },
    {
      "elapsed": 0.0002434,
      "event": "return",
      "id": 15,
      "parent_id": 4,
      "return_value": {
        "class": "java.lang.Long",
        "object_id": 1582225369,
        "value": "140"
      },
      "thread_id": 30
    },
    {
      "defined_class": "org.finos.waltz.service.orgunit.OrganisationalUnitService",
      "event": "call",
      "id": 16,
      "lineno": 73,
      "method_id": "getById",
      "parameters": [
        {
          "class": "java.lang.Long",
          "kind": "req",
          "name": "id",
          "object_id": 1471493795,
          "value": "140"
        }
      ],
      "path": "waltz-service/src/main/java/org/finos/waltz/service/orgunit/OrganisationalUnitService.java",
      "receiver": {
        "class": "org.finos.waltz.service.orgunit.OrganisationalUnitService",
        "object_id": 1763530886,
        "value": "org.finos.waltz.service.orgunit.OrganisationalUnitService@691d5886"
      },
      "static": false,
      "thread_id": 30
    },
    {
      "defined_class": "org.finos.waltz.data.orgunit.OrganisationalUnitDao",
      "event": "call",
      "id": 17,
      "lineno": 110,
      "method_id": "getById",
      "parameters": [
        {
          "class": "java.lang.Long",
          "kind": "req",
          "name": "id",
          "object_id": 1836213334,
          "value": "140"
        }
      ],
      "path": "waltz-data/src/main/java/org/finos/waltz/data/orgunit/OrganisationalUnitDao.java",
      "receiver": {
        "class": "org.finos.waltz.data.orgunit.OrganisationalUnitDao",
        "object_id": 97754068,
        "value": "OrganisationalUnitDao{dsl=DefaultConfiguration [\n\tconnected=true,\n\ttransactional=false,\n\tdialect=POSTGRES,\n\tdata={DATA_CACHE_RECORD_MAPPERS={[\n  \"measurable_category\".\"id\", \n  \"measurable_category\".\"name\", \n  \"involvement_kind\".\"name\", \n  \"involvement_kind\".\"id\", \n  \"involvement\".\"is_readonly\", \n  \"person\".\"id\", \n  \"person\".\"employee_id\", \n  \"person\".\"display_name\", \n  \"person\".\"email\", \n  \"person\".\"user_principal_name\", \n  \"person\".\"department_name\", \n  \"person\".\"kind\", \n  \"person\".\"manager_employee_id\", \n  \"person\".\"title\", \n  \"person\".\"office_phone\", \n  \"person\".\"mobile_phone\", \n  \"person\".\"organisational_unit_id\", \n  \"person\".\"is_removed\", \n  \"direction\"\n, class org.finos.waltz.schema.tables.records.PersonRecord]=org.jooq.impl.DefaultRecordMapper@2c606ec1, [\n  \"actor\".\"id\", \n  \"actor\".\"name\", \n  \"actor\".\"description\", \n  \"actor\".\"last_updated_at\", \n  \"actor\".\"last_updated_by\", \n  \"actor\".\"is_external\", \n  \"actor\".\"provenance\", \n  \"actor\".\"external_id\"\n, class org.finos.waltz.schema.tables.records.Actor..."
      },
      "static": false,
      "thread_id": 30
    },
    {
      "defined_class": "org.finos.waltz.schema.tables.OrganisationalUnit",
      "event": "call",
      "id": 18,
      "lineno": 179,
      "method_id": "fieldsRow",
      "path": "org/finos/waltz/schema/tables/OrganisationalUnit.java",
      "receiver": {
        "class": "org.finos.waltz.schema.tables.OrganisationalUnit",
        "object_id": 1496943672,
        "value": "\"ou\""
      },
      "static": false,
      "thread_id": 30
    },
    {
      "elapsed": 0.0001366,
      "event": "return",
      "id": 19,
      "parent_id": 18,
      "return_value": {
        "class": "org.jooq.impl.RowImpl",
        "object_id": 35656063,
        "value": "(\"ou\".\"id\", \"ou\".\"name\", \"ou\".\"description\", \"ou\".\"parent_id\", \"ou\".\"created_at\", \"ou\".\"last_updated_at\", \"ou\".\"external_id\", \"ou\".\"created_by\", \"ou\".\"last_updated_by\", \"ou\".\"provenance\")"
      },
      "thread_id": 30
    },
    {
      "event": "call",
      "id": 20,
      "sql_query": {
        "database_type": "PostgreSQL",
        "sql": "select \"ou\".\"id\", \"ou\".\"name\", \"ou\".\"description\", \"ou\".\"parent_id\", \"ou\".\"created_at\", \"ou\".\"last_updated_at\", \"ou\".\"external_id\", \"ou\".\"created_by\", \"ou\".\"last_updated_by\", \"ou\".\"provenance\" from \"organisational_unit\" as \"ou\" where \"ou\".\"id\" = ?"
      },
      "thread_id": 30
    },
    {
      "elapsed": 0.0000149,
      "event": "return",
      "id": 21,
      "parent_id": 20,
      "thread_id": 30
    },
    {
      "defined_class": "org.finos.waltz.service.SlowQueryListener",
      "event": "call",
      "id": 22,
      "lineno": 59,
      "method_id": "executeStart",
      "parameters": [
        {
          "class": "org.jooq.impl.DefaultExecuteContext",
          "kind": "req",
          "name": "ctx",
          "object_id": 2081326521,
          "value": "org.jooq.impl.DefaultExecuteContext@7c0e85b9"
        }
      ],
      "path": "waltz-service/src/main/java/org/finos/waltz/service/SlowQueryListener.java",
      "receiver": {
        "class": "org.finos.waltz.service.SlowQueryListener",
        "object_id": 1526683037,
        "value": "org.finos.waltz.service.SlowQueryListener@5aff559d"
      },
      "static": false,
      "thread_id": 30
    },
    {
      "elapsed": 0.0000027,
      "event": "return",
      "id": 23,
      "parent_id": 22,
      "thread_id": 30
    },
    {
      "defined_class": "org.finos.waltz.service.SlowQueryListener",
      "event": "call",
      "id": 24,
      "lineno": 66,
      "method_id": "executeEnd",
      "parameters": [
        {
          "class": "org.jooq.impl.DefaultExecuteContext",
          "kind": "req",
          "name": "ctx",
          "object_id": 2081326521,
          "value": "org.jooq.impl.DefaultExecuteContext@7c0e85b9"
        }
      ],
      "path": "waltz-service/src/main/java/org/finos/waltz/service/SlowQueryListener.java",
      "receiver": {
        "class": "org.finos.waltz.service.SlowQueryListener",
        "object_id": 1526683037,
        "value": "org.finos.waltz.service.SlowQueryListener@5aff559d"
      },
      "static": false,
      "thread_id": 30
    },
    {
      "elapsed": 0.0000046,
      "event": "return",
      "id": 25,
      "parent_id": 24,
      "thread_id": 30
    },
    {
      "defined_class": "org.finos.waltz.schema.tables.OrganisationalUnit",
      "event": "call",
      "id": 26,
      "lineno": 179,
      "method_id": "fieldsRow",
      "path": "org/finos/waltz/schema/tables/OrganisationalUnit.java",
      "receiver": {
        "class": "org.finos.waltz.schema.tables.OrganisationalUnit",
        "object_id": 617780474,
        "value": "\"organisational_unit\""
      },
      "static": false,
      "thread_id": 30
    },
    {
      "elapsed": 0.0003844,
      "event": "return",
      "id": 27,
      "parent_id": 26,
      "return_value": {
        "class": "org.jooq.impl.RowImpl",
        "object_id": 507709498,
        "value": "(\"organisational_unit\".\"id\", \"organisational_unit\".\"name\", \"organisational_unit\".\"description\", \"organisational_unit\".\"parent_id\", \"organisational_unit\".\"created_at\", \"organisational_unit\".\"last_updated_at\", \"organisational_unit\".\"external_id\", \"organisational_unit\".\"created_by\", \"organisational_unit\".\"last_updated_by\", \"organisational_unit\".\"provenance\")"
      },
      "thread_id": 30
    },
    {
      "defined_class": "org.finos.waltz.model.orgunit.ImmutableOrganisationalUnit",
      "event": "call",
      "id": 28,
      "lineno": 395,
      "method_id": "builder",
      "path": "org/finos/waltz/model/orgunit/ImmutableOrganisationalUnit.java",
      "static": true,
      "thread_id": 30
    },
    {
      "elapsed": 0.0000081,
      "event": "return",
      "id": 29,
      "parent_id": 28,
      "return_value": {
        "class": "org.finos.waltz.model.orgunit.ImmutableOrganisationalUnit$Builder",
        "object_id": 328412899,
        "value": "org.finos.waltz.model.orgunit.ImmutableOrganisationalUnit$Builder@13932ee3"
      },
      "thread_id": 30
    },
    {
      "defined_class": "org.finos.waltz.model.orgunit.ImmutableOrganisationalUnit$Builder",
      "event": "call",
      "id": 30,
      "lineno": 643,
      "method_id": "name",
      "parameters": [
        {
          "class": "java.lang.String",
          "kind": "req",
          "name": "name",
          "object_id": 297434631,
          "value": "Operations"
        }
      ],
      "path": "org/finos/waltz/model/orgunit/ImmutableOrganisationalUnit.java",
      "receiver": {
        "class": "org.finos.waltz.model.orgunit.ImmutableOrganisationalUnit$Builder",
        "object_id": 328412899,
        "value": "org.finos.waltz.model.orgunit.ImmutableOrganisationalUnit$Builder@13932ee3"
      },
      "static": false,
      "thread_id": 30
    },
    {
      "elapsed": 0.0002984,
      "event": "return",
      "id": 31,
      "parent_id": 30,
      "return_value": {
        "class": "org.finos.waltz.model.orgunit.ImmutableOrganisationalUnit$Builder",
        "object_id": 328412899,
        "value": "org.finos.waltz.model.orgunit.ImmutableOrganisationalUnit$Builder@13932ee3"
      },
      "thread_id": 30
    },
    {
      "defined_class": "org.finos.waltz.model.orgunit.ImmutableOrganisationalUnit$Builder",
      "event": "call",
      "id": 32,
      "lineno": 655,
      "method_id": "description",
      "parameters": [
        {
          "class": "java.lang.String",
          "kind": "req",
          "name": "description",
          "object_id": 0
        }
      ],
      "path": "org/finos/waltz/model/orgunit/ImmutableOrganisationalUnit.java",
      "receiver": {
        "class": "org.finos.waltz.model.orgunit.ImmutableOrganisationalUnit$Builder",
        "object_id": 328412899,
        "value": "org.finos.waltz.model.orgunit.ImmutableOrganisationalUnit$Builder@13932ee3"
      },
      "static": false,
      "thread_id": 30
    },
    {
      "elapsed": 0.0000034,
      "event": "return",
      "id": 33,
      "parent_id": 32,
      "return_value": {
        "class": "org.finos.waltz.model.orgunit.ImmutableOrganisationalUnit$Builder",
        "object_id": 328412899,
        "value": "org.finos.waltz.model.orgunit.ImmutableOrganisationalUnit$Builder@13932ee3"
      },
      "thread_id": 30
    },
    {
      "defined_class": "org.finos.waltz.model.orgunit.ImmutableOrganisationalUnit$Builder",
      "event": "call",
      "id": 34,
      "lineno": 600,
      "method_id": "id",
      "parameters": [
        {
          "class": "java.lang.Long",
          "kind": "req",
          "name": "id",
          "object_id": 420549316,
          "value": "140"
        }
      ],
      "path": "org/finos/waltz/model/orgunit/ImmutableOrganisationalUnit.java",
      "receiver": {
        "class": "org.finos.waltz.model.orgunit.ImmutableOrganisationalUnit$Builder",
        "object_id": 328412899,
        "value": "org.finos.waltz.model.orgunit.ImmutableOrganisationalUnit$Builder@13932ee3"
      },
      "static": false,
      "thread_id": 30
    },
    {
      "elapsed": 0.0000063,
      "event": "return",
      "id": 35,
      "parent_id": 34,
      "return_value": {
        "class": "org.finos.waltz.model.orgunit.ImmutableOrganisationalUnit$Builder",
        "object_id": 328412899,
        "value": "org.finos.waltz.model.orgunit.ImmutableOrganisationalUnit$Builder@13932ee3"
      },
      "thread_id": 30
    },
    {
      "defined_class": "org.finos.waltz.model.orgunit.ImmutableOrganisationalUnit$Builder",
      "event": "call",
      "id": 36,
      "lineno": 632,
      "method_id": "parentId",
      "parameters": [
        {
          "class": "java.util.Optional",
          "kind": "req",
          "name": "parentId",
          "object_id": 521526020,
          "value": "Optional[50]"
        }
      ],
      "path": "org/finos/waltz/model/orgunit/ImmutableOrganisationalUnit.java",
      "receiver": {
        "class": "org.finos.waltz.model.orgunit.ImmutableOrganisationalUnit$Builder",
        "object_id": 328412899,
        "value": "org.finos.waltz.model.orgunit.ImmutableOrganisationalUnit$Builder@13932ee3"
      },
      "static": false,
      "thread_id": 30
    },
    {
      "elapsed": 0.0000014,
      "event": "return",
      "id": 37,
      "parent_id": 36,
      "return_value": {
        "class": "org.finos.waltz.model.orgunit.ImmutableOrganisationalUnit$Builder",
        "object_id": 328412899,
        "value": "org.finos.waltz.model.orgunit.ImmutableOrganisationalUnit$Builder@13932ee3"
      },
      "thread_id": 30
    },
    {
      "defined_class": "org.finos.waltz.model.orgunit.ImmutableOrganisationalUnit$Builder",
      "event": "call",
      "id": 38,
      "lineno": 676,
      "method_id": "externalId",
      "parameters": [
        {
          "class": "java.util.Optional",
          "kind": "req",
          "name": "externalId",
          "object_id": 410882137,
          "value": "Optional.empty"
        }
      ],
      "path": "org/finos/waltz/model/orgunit/ImmutableOrganisationalUnit.java",
      "receiver": {
        "class": "org.finos.waltz.model.orgunit.ImmutableOrganisationalUnit$Builder",
        "object_id": 328412899,
        "value": "org.finos.waltz.model.orgunit.ImmutableOrganisationalUnit$Builder@13932ee3"
      },
      "static": false,
      "thread_id": 30
    },
    {
      "elapsed": 0.000001,
      "event": "return",
      "id": 39,
      "parent_id": 38,
      "return_value": {
        "class": "org.finos.waltz.model.orgunit.ImmutableOrganisationalUnit$Builder",
        "object_id": 328412899,
        "value": "org.finos.waltz.model.orgunit.ImmutableOrganisationalUnit$Builder@13932ee3"
      },
      "thread_id": 30
    },
    {
      "defined_class": "org.finos.waltz.model.orgunit.ImmutableOrganisationalUnit$Builder",
      "event": "call",
      "id": 40,
      "lineno": 698,
      "method_id": "build",
      "path": "org/finos/waltz/model/orgunit/ImmutableOrganisationalUnit.java",
      "receiver": {
        "class": "org.finos.waltz.model.orgunit.ImmutableOrganisationalUnit$Builder",
        "object_id": 328412899,
        "value": "org.finos.waltz.model.orgunit.ImmutableOrganisationalUnit$Builder@13932ee3"
      },
      "static": false,
      "thread_id": 30
    },
    {
      "defined_class": "org.finos.waltz.model.orgunit.OrganisationalUnit",
      "event": "call",
      "id": 41,
      "lineno": 40,
      "method_id": "kind",
      "path": "waltz-model/src/main/java/org/finos/waltz/model/orgunit/OrganisationalUnit.java",
      "receiver": {
        "class": "org.finos.waltz.model.orgunit.ImmutableOrganisationalUnit",
        "object_id": 368777779,
        "value": "OrganisationalUnit{id=140, parentId=50, name=Operations, kind=null}"
      },
      "static": false,
      "thread_id": 30
    },
    {
      "elapsed": 0.0000012,
      "event": "return",
      "id": 42,
      "parent_id": 41,
      "return_value": {
        "class": "org.finos.waltz.model.EntityKind",
        "object_id": 1563475294,
        "value": "ORG_UNIT"
      },
      "thread_id": 30
    },
    {
      "elapsed": 0.0000088,
      "event": "return",
      "id": 43,
      "parent_id": 40,
      "return_value": {
        "class": "org.finos.waltz.model.orgunit.ImmutableOrganisationalUnit",
        "object_id": 368777779,
        "value": "OrganisationalUnit{id=140, parentId=50, name=Operations, kind=ORG_UNIT}"
      },
      "thread_id": 30
    },
    {
      "elapsed": 0.0014685,
      "event": "return",
      "id": 44,
      "parent_id": 17,
      "return_value": {
        "class": "org.finos.waltz.model.orgunit.ImmutableOrganisationalUnit",
        "object_id": 368777779,
        "value": "OrganisationalUnit{id=140, parentId=50, name=Operations, kind=ORG_UNIT}"
      },
      "thread_id": 30
    },
    {
      "elapsed": 0.0014727,
      "event": "return",
      "id": 45,
      "parent_id": 16,
      "return_value": {
        "class": "org.finos.waltz.model.orgunit.ImmutableOrganisationalUnit",
        "object_id": 368777779,
        "value": "OrganisationalUnit{id=140, parentId=50, name=Operations, kind=ORG_UNIT}"
      },
      "thread_id": 30
    },
    {
      "defined_class": "org.finos.waltz.model.orgunit.ImmutableOrganisationalUnit",
      "event": "call",
      "id": 46,
      "lineno": 70,
      "method_id": "id",
      "path": "org/finos/waltz/model/orgunit/ImmutableOrganisationalUnit.java",
      "receiver": {
        "class": "org.finos.waltz.model.orgunit.ImmutableOrganisationalUnit",
        "object_id": 368777779,
        "value": "OrganisationalUnit{id=140, parentId=50, name=Operations, kind=ORG_UNIT}"
      },
      "static": false,
      "thread_id": 30
    },
    {
      "elapsed": 0.0000023,
      "event": "return",
      "id": 47,
      "parent_id": 46,
      "return_value": {
        "class": "java.util.Optional",
        "object_id": 1467155661,
        "value": "Optional[140]"
      },
      "thread_id": 30
    },
    {
      "defined_class": "org.finos.waltz.model.orgunit.ImmutableOrganisationalUnit",
      "event": "call",
      "id": 48,
      "lineno": 79,
      "method_id": "parentId",
      "path": "org/finos/waltz/model/orgunit/ImmutableOrganisationalUnit.java",
      "receiver": {
        "class": "org.finos.waltz.model.orgunit.ImmutableOrganisationalUnit",
        "object_id": 368777779,
        "value": "OrganisationalUnit{id=140, parentId=50, name=Operations, kind=ORG_UNIT}"
      },
      "static": false,
      "thread_id": 30
    },
    {
      "elapsed": 0.0000018,
      "event": "return",
      "id": 49,
      "parent_id": 48,
      "return_value": {
        "class": "java.util.Optional",
        "object_id": 1189460949,
        "value": "Optional[50]"
      },
      "thread_id": 30
    },
    {
      "defined_class": "org.finos.waltz.model.orgunit.ImmutableOrganisationalUnit",
      "event": "call",
      "id": 50,
      "lineno": 88,
      "method_id": "name",
      "path": "org/finos/waltz/model/orgunit/ImmutableOrganisationalUnit.java",
      "receiver": {
        "class": "org.finos.waltz.model.orgunit.ImmutableOrganisationalUnit",
        "object_id": 368777779,
        "value": "OrganisationalUnit{id=140, parentId=50, name=Operations, kind=ORG_UNIT}"
      },
      "static": false,
      "thread_id": 30
    },
    {
      "elapsed": 0.0009605,
      "event": "return",
      "id": 51,
      "parent_id": 50,
      "return_value": {
        "class": "java.lang.String",
        "object_id": 297434631,
        "value": "Operations"
      },
      "thread_id": 30
    },
    {
      "defined_class": "org.finos.waltz.model.orgunit.ImmutableOrganisationalUnit",
      "event": "call",
      "id": 52,
      "lineno": 97,
      "method_id": "description",
      "path": "org/finos/waltz/model/orgunit/ImmutableOrganisationalUnit.java",
      "receiver": {
        "class": "org.finos.waltz.model.orgunit.ImmutableOrganisationalUnit",
        "object_id": 368777779,
        "value": "OrganisationalUnit{id=140, parentId=50, name=Operations, kind=ORG_UNIT}"
      },
      "static": false,
      "thread_id": 30
    },
    {
      "elapsed": 0.0000055,
      "event": "return",
      "id": 53,
      "parent_id": 52,
      "thread_id": 30
    },
    {
      "defined_class": "org.finos.waltz.model.orgunit.ImmutableOrganisationalUnit",
      "event": "call",
      "id": 54,
      "lineno": 106,
      "method_id": "externalId",
      "path": "org/finos/waltz/model/orgunit/ImmutableOrganisationalUnit.java",
      "receiver": {
        "class": "org.finos.waltz.model.orgunit.ImmutableOrganisationalUnit",
        "object_id": 368777779,
        "value": "OrganisationalUnit{id=140, parentId=50, name=Operations, kind=ORG_UNIT}"
      },
      "static": false,
      "thread_id": 30
    },
    {
      "elapsed": 0.0000036,
      "event": "return",
      "id": 55,
      "parent_id": 54,
      "return_value": {
        "class": "java.util.Optional",
        "object_id": 410882137,
        "value": "Optional.empty"
      },
      "thread_id": 30
    },
    {
      "defined_class": "org.finos.waltz.model.orgunit.ImmutableOrganisationalUnit",
      "event": "call",
      "id": 56,
      "lineno": 115,
      "method_id": "kind",
      "path": "org/finos/waltz/model/orgunit/ImmutableOrganisationalUnit.java",
      "receiver": {
        "class": "org.finos.waltz.model.orgunit.ImmutableOrganisationalUnit",
        "object_id": 368777779,
        "value": "OrganisationalUnit{id=140, parentId=50, name=Operations, kind=ORG_UNIT}"
      },
      "static": false,
      "thread_id": 30
    },
    {
      "elapsed": 0.000002,
      "event": "return",
      "id": 57,
      "parent_id": 56,
      "return_value": {
        "class": "org.finos.waltz.model.EntityKind",
        "object_id": 1563475294,
        "value": "ORG_UNIT"
      },
      "thread_id": 30
    },
    {
      "elapsed": 0.0037712,
      "event": "return",
      "http_server_response": {
        "headers": {
          "Access-Control-Expose-Headers": "*",
          "Access-Control-Allow-Origin": "*",
          "Date": "Tue, 04 Jun 2024 17:33:12 GMT",
          "Content-Type": "application/json"
        },
        "status": 200
      },
      "id": 58,
      "parent_id": 1,
      "thread_id": 30
    }
  ],
  "version": "1.2",
  "metadata": {
    "name": "GET /api/org-unit/140 (200) - 17:33:12.944",
    "app": "waltz",
    "language": {
      "name": "java",
      "version": "17.0.8+9-LTS-211",
      "engine": "Java HotSpot(TM) 64-Bit Server VM"
    },
    "client": {
      "name": "appmap-java",
      "url": "https://github.com/appland/appmap-java"
    },
    "recorder": {
      "name": "request_recording",
      "type": "requests"
    },
    "recording": {},
    "git": {
      "repository": "git@github.com:land-of-apps/waltz.git",
      "branch": "master",
      "commit": "4843ed86d43213c400243d4cf09afe5318490c9e"
    }
  },
  "classMap": [
    {
      "children": [
        {
          "children": [
            {
              "children": [
                {
                  "children": [
                    {
                      "children": [
                        {
                          "children": [
                            {
                              "name": "builder",
                              "type": "function",
                              "static": true,
                              "location": "org/finos/waltz/model/orgunit/ImmutableOrganisationalUnit.java:395"
                            },
                            {
                              "name": "kind",
                              "type": "function",
                              "static": false,
                              "location": "org/finos/waltz/model/orgunit/ImmutableOrganisationalUnit.java:115"
                            },
                            {
                              "name": "id",
                              "type": "function",
                              "static": false,
                              "location": "org/finos/waltz/model/orgunit/ImmutableOrganisationalUnit.java:70"
                            },
                            {
                              "name": "parentId",
                              "type": "function",
                              "static": false,
                              "location": "org/finos/waltz/model/orgunit/ImmutableOrganisationalUnit.java:79"
                            },
                            {
                              "name": "description",
                              "type": "function",
                              "static": false,
                              "location": "org/finos/waltz/model/orgunit/ImmutableOrganisationalUnit.java:97"
                            },
                            {
                              "name": "name",
                              "type": "function",
                              "static": false,
                              "location": "org/finos/waltz/model/orgunit/ImmutableOrganisationalUnit.java:88"
                            },
                            {
                              "name": "externalId",
                              "type": "function",
                              "static": false,
                              "location": "org/finos/waltz/model/orgunit/ImmutableOrganisationalUnit.java:106"
                            }
                          ],
                          "name": "ImmutableOrganisationalUnit",
                          "type": "class"
                        },
                        {
                          "children": [
                            {
                              "name": "id",
                              "type": "function",
                              "static": false,
                              "location": "org/finos/waltz/model/orgunit/ImmutableOrganisationalUnit.java:600"
                            },
                            {
                              "name": "build",
                              "type": "function",
                              "static": false,
                              "location": "org/finos/waltz/model/orgunit/ImmutableOrganisationalUnit.java:698"
                            },
                            {
                              "name": "parentId",
                              "type": "function",
                              "static": false,
                              "location": "org/finos/waltz/model/orgunit/ImmutableOrganisationalUnit.java:632"
                            },
                            {
                              "name": "name",
                              "type": "function",
                              "static": false,
                              "location": "org/finos/waltz/model/orgunit/ImmutableOrganisationalUnit.java:643"
                            },
                            {
                              "name": "externalId",
                              "type": "function",
                              "static": false,
                              "location": "org/finos/waltz/model/orgunit/ImmutableOrganisationalUnit.java:676"
                            },
                            {
                              "name": "description",
                              "type": "function",
                              "static": false,
                              "location": "org/finos/waltz/model/orgunit/ImmutableOrganisationalUnit.java:655"
                            }
                          ],
                          "name": "ImmutableOrganisationalUnit$Builder",
                          "type": "class"
                        },
                        {
                          "children": [
                            {
                              "name": "kind",
                              "type": "function",
                              "static": false,
                              "location": "waltz-model/src/main/java/org/finos/waltz/model/orgunit/OrganisationalUnit.java:40"
                            }
                          ],
                          "name": "OrganisationalUnit",
                          "type": "class"
                        }
                      ],
                      "name": "orgunit",
                      "type": "package"
                    }
                  ],
                  "name": "model",
                  "type": "package"
                },
                {
                  "children": [
                    {
                      "children": [
                        {
                          "children": [
                            {
                              "name": "getById",
                              "type": "function",
                              "static": false,
                              "location": "waltz-data/src/main/java/org/finos/waltz/data/orgunit/OrganisationalUnitDao.java:110"
                            }
                          ],
                          "name": "OrganisationalUnitDao",
                          "type": "class"
                        }
                      ],
                      "name": "orgunit",
                      "type": "package"
                    }
                  ],
                  "name": "data",
                  "type": "package"
                },
                {
                  "children": [
                    {
                      "children": [
                        {
                          "children": [
                            {
                              "name": "fieldsRow",
                              "type": "function",
                              "static": false,
                              "location": "org/finos/waltz/schema/tables/OrganisationalUnit.java:179"
                            }
                          ],
                          "name": "OrganisationalUnit",
                          "type": "class"
                        }
                      ],
                      "name": "tables",
                      "type": "package"
                    }
                  ],
                  "name": "schema",
                  "type": "package"
                },
                {
                  "children": [
                    {
                      "children": [
                        {
                          "name": "executeEnd",
                          "type": "function",
                          "static": false,
                          "location": "waltz-service/src/main/java/org/finos/waltz/service/SlowQueryListener.java:66"
                        },
                        {
                          "name": "executeStart",
                          "type": "function",
                          "static": false,
                          "location": "waltz-service/src/main/java/org/finos/waltz/service/SlowQueryListener.java:59"
                        }
                      ],
                      "name": "SlowQueryListener",
                      "type": "class"
                    },
                    {
                      "children": [
                        {
                          "children": [
                            {
                              "name": "getById",
                              "type": "function",
                              "static": false,
                              "location": "waltz-service/src/main/java/org/finos/waltz/service/orgunit/OrganisationalUnitService.java:73"
                            }
                          ],
                          "name": "OrganisationalUnitService",
                          "type": "class"
                        }
                      ],
                      "name": "orgunit",
                      "type": "package"
                    }
                  ],
                  "name": "service",
                  "type": "package"
                },
                {
                  "children": [
                    {
                      "children": [
                        {
                          "name": "getLong",
                          "type": "function",
                          "static": true,
                          "location": "waltz-web/src/main/java/org/finos/waltz/web/WebUtilities.java:94"
                        },
                        {
                          "name": "getId",
                          "type": "function",
                          "static": true,
                          "location": "waltz-web/src/main/java/org/finos/waltz/web/WebUtilities.java:111"
                        }
                      ],
                      "name": "WebUtilities",
                      "type": "class"
                    },
                    {
                      "children": [
                        {
                          "children": [
                            {
                              "children": [
                                {
                                  "name": "handle",
                                  "type": "function",
                                  "static": false,
                                  "location": "waltz-web/src/main/java/org/finos/waltz/web/endpoints/auth/JWTAuthenticationFilter.java:62"
                                }
                              ],
                              "name": "JWTAuthenticationFilter",
                              "type": "class"
                            }
                          ],
                          "name": "auth",
                          "type": "package"
                        }
                      ],
                      "name": "endpoints",
                      "type": "package"
                    }
                  ],
                  "name": "web",
                  "type": "package"
                },
                {
                  "children": [
                    {
                      "children": [
                        {
                          "name": "checkTrue",
                          "type": "function",
                          "static": true,
                          "location": "waltz-common/src/main/java/org/finos/waltz/common/Checks.java:85"
                        },
                        {
                          "name": "checkNotNull",
                          "type": "function",
                          "static": true,
                          "location": "waltz-common/src/main/java/org/finos/waltz/common/Checks.java:37"
                        }
                      ],
                      "name": "Checks",
                      "type": "class"
                    }
                  ],
                  "name": "common",
                  "type": "package"
                }
              ],
              "name": "waltz",
              "type": "package"
            }
          ],
          "name": "finos",
          "type": "package"
        }
      ],
      "name": "org",
      "type": "package"
    },
    {
      "type": "http",
      "name": "HTTP server requests",
      "children": [
        {
          "type": "route",
          "name": "GET /api/org-unit/140"
        }
      ]
    },
    {
      "type": "database",
      "name": "Database",
      "children": [
        {
          "type": "query",
          "name": "select \"ou\".\"id\", \"ou\".\"name\", \"ou\".\"description\", \"ou\".\"parent_id\", \"ou\".\"created_at\", \"ou\".\"last_updated_at\", \"ou\".\"external_id\", \"ou\".\"created_by\", \"ou\".\"last_updated_by\", \"ou\".\"provenance\" from \"organisational_unit\" as \"ou\" where \"ou\".\"id\" = ?"
        }
      ]
    }
  ]
}