{
  "events": [
    {
      "event": "call",
      "http_server_request": {
        "headers": {
          "Origin": "http://localhost:8080",
          "Cookie": "appland_session=bFU5p0cvqrcXlz2oQfgEZG3%2BQjfds2AwmlOA%2Fx5fhQLjPvVHIKrHyvnbeq5nw8c5sME56znPsnpSSzB3nr%2BHfdk9sEC9MgOgNKjgjD8qlzGqDVuwRPr30ch96LWGIDwuITrAUwQGqlUw7%2Fdsq0tjrfHFPTlemq71kQtCAIi9JTRWo5tLPJlG%2F9JtfTuiWIfWg8X67ZkAOuaapIHdaA5w5QtwMr7h34LfseImCERQpzoz9xTqJYqSi2SJ9RE1eVw2jyYFG9IGPA4d1USUIXvAmeaMOQ9Z%2BDmKhiIRXve6%2BzO47%2F2RW1kaH2PND2r0EKz%2BaWMbrXswEaj2kjwx09pTJANR5arO0I9c2RelyrURJyvI%2FZ8OwnG99VyxbE2scovqFvxwhmhXr1KDOxpRle3VOJSpxXtFaDjv2TSSbtqGkIj4T51u58xasM4KbZUpapu5OQ5ENf%2FSMADW4DHmCrSQJ14SgVbNtrazlgwdph5p0AKax1l0Bw7j0jz2SGT9C5HMnzVyZdV59G6paFrgLqvtGuXdWr4VeJt2tPVftjki2S0LpmpTAacYMTeiz0JRvAUI2MTy5coFmozGwP2tYolztMsGb%2Bss8Pp0ZRYy8EsEs78L1J1nDMR5VCJ5yVhSq8JXZA7Misee05vblyt4OMHf9CA4AMzWpe2NbExRxiHuW%2Bkx%2F83vj%2Btrqn1QRG33cQUOn3jl8nfSuSLj5p0K5PYVYnXJu8E7RhAyqpC6J23a%2F8B4qsDAOrIrUYPQAWaYOsjd0i3Q5y49d77RlVc7zyyLJxFNVWLlYCD5BrfOMpyF2f9InowPEQei23xjT4UE0W3dXZP1xhk5wDvQ--zbb2b%2Flld908TQxF--8LcY2kn8%2BBw8bSaDiyP6LQ%3D%3D",
          "Accept": "application/json, text/plain, */*",
          "Connection": "keep-alive",
          "User-Agent": "Mozilla/5.0 (Macintosh; Intel Mac OS X 10_15_7) AppleWebKit/537.36 (KHTML, like Gecko) Chrome/125.0.0.0 Safari/537.36",
          "Referer": "http://localhost:8080/",
          "Sec-Fetch-Site": "same-origin",
          "Sec-Fetch-Dest": "empty",
          "Host": "localhost:8080",
          "Accept-Encoding": "gzip, deflate, br, zstd",
          "Sec-Fetch-Mode": "cors",
          "sec-ch-ua": "\"Google Chrome\";v=\"125\", \"Chromium\";v=\"125\", \"Not.A/Brand\";v=\"24\"",
          "sec-ch-ua-mobile": "?0",
          "sec-ch-ua-platform": "\"macOS\"",
          "Accept-Language": "en-US,en;q=0.9",
          "Content-Length": "10",
          "Content-Type": "application/json;charset=UTF-8"
        },
        "path_info": "/api/access-log/main",
        "protocol": "HTTP/1.1",
        "request_method": "POST"
      },
      "id": 1,
      "thread_id": 34
    },
    {
      "defined_class": "org.finos.waltz.web.endpoints.auth.JWTAuthenticationFilter",
      "event": "call",
      "id": 2,
      "lineno": 62,
      "method_id": "handle",
      "parameters": [
        {
          "class": "spark.http.matching.RequestWrapper",
          "kind": "req",
          "name": "request",
          "object_id": 2016624918,
          "value": "spark.Request@4f4d61a"
        },
        {
          "class": "spark.http.matching.ResponseWrapper",
          "kind": "req",
          "name": "response",
          "object_id": 1272758030,
          "value": "spark.Response@13ebf406"
        }
      ],
      "path": "waltz-web/src/main/java/org/finos/waltz/web/endpoints/auth/JWTAuthenticationFilter.java",
      "receiver": {
        "class": "org.finos.waltz.web.endpoints.auth.JWTAuthenticationFilter",
        "object_id": 54642872,
        "value": "org.finos.waltz.web.endpoints.auth.JWTAuthenticationFilter@341c8b8"
      },
      "static": false,
      "thread_id": 34
    },
    {
      "elapsed": 0.0000156,
      "event": "return",
      "id": 3,
      "parent_id": 2,
      "thread_id": 34
    },
    {
      "defined_class": "org.finos.waltz.web.endpoints.api.AccessLogEndpoint",
      "event": "call",
      "id": 4,
      "lineno": 79,
      "method_id": "writeRoute",
      "parameters": [
        {
          "class": "spark.http.matching.RequestWrapper",
          "kind": "req",
          "name": "request",
          "object_id": 2016624918,
          "value": "spark.Request@71b23c9c"
        },
        {
          "class": "spark.http.matching.ResponseWrapper",
          "kind": "req",
          "name": "response",
          "object_id": 1272758030,
          "value": "spark.Response@13ebf406"
        }
      ],
      "path": "waltz-web/src/main/java/org/finos/waltz/web/endpoints/api/AccessLogEndpoint.java",
      "receiver": {
        "class": "org.finos.waltz.web.endpoints.api.AccessLogEndpoint",
        "object_id": 1021984537,
        "value": "org.finos.waltz.web.endpoints.api.AccessLogEndpoint@3cea3f19"
      },
      "static": false,
      "thread_id": 34
    },
    {
      "defined_class": "org.finos.waltz.model.accesslog.ImmutableAccessLog",
      "event": "call",
      "id": 5,
      "lineno": 270,
      "method_id": "builder",
      "path": "org/finos/waltz/model/accesslog/ImmutableAccessLog.java",
      "static": true,
      "thread_id": 34
    },
    {
      "elapsed": 0.0000042,
      "event": "return",
      "id": 6,
      "parent_id": 5,
      "return_value": {
        "class": "org.finos.waltz.model.accesslog.ImmutableAccessLog$Builder",
        "object_id": 1597561195,
        "value": "org.finos.waltz.model.accesslog.ImmutableAccessLog$Builder@5f38d96b"
      },
      "thread_id": 34
    },
    {
      "defined_class": "org.finos.waltz.web.WebUtilities",
      "event": "call",
      "id": 7,
      "lineno": 171,
      "method_id": "getUsername",
      "parameters": [
        {
          "class": "spark.http.matching.RequestWrapper",
          "kind": "req",
          "name": "request",
          "object_id": 2016624918,
          "value": "spark.Request@71b23c9c"
        }
      ],
      "path": "waltz-web/src/main/java/org/finos/waltz/web/WebUtilities.java",
      "static": true,
      "thread_id": 34
    },
    {
      "defined_class": "org.finos.waltz.web.endpoints.auth.AuthenticationUtilities",
      "event": "call",
      "id": 8,
      "lineno": 37,
      "method_id": "getUsername",
      "parameters": [
        {
          "class": "spark.http.matching.RequestWrapper",
          "kind": "req",
          "name": "request",
          "object_id": 2016624918,
          "value": "spark.Request@71b23c9c"
        }
      ],
      "path": "waltz-web/src/main/java/org/finos/waltz/web/endpoints/auth/AuthenticationUtilities.java",
      "static": true,
      "thread_id": 34
    },
    {
      "elapsed": 0.0000071,
      "event": "return",
      "id": 9,
      "parent_id": 8,
      "return_value": {
        "class": "java.lang.String",
        "object_id": 2115323759,
        "value": "anonymous"
      },
      "thread_id": 34
    },
    {
      "elapsed": 0.0000128,
      "event": "return",
      "id": 10,
      "parent_id": 7,
      "return_value": {
        "class": "java.lang.String",
        "object_id": 2115323759,
        "value": "anonymous"
      },
      "thread_id": 34
    },
    {
      "defined_class": "org.finos.waltz.model.accesslog.ImmutableAccessLog$Builder",
      "event": "call",
      "id": 11,
      "lineno": 342,
      "method_id": "userId",
      "parameters": [
        {
          "class": "java.lang.String",
          "kind": "req",
          "name": "userId",
          "object_id": 2115323759,
          "value": "anonymous"
        }
      ],
      "path": "org/finos/waltz/model/accesslog/ImmutableAccessLog.java",
      "receiver": {
        "class": "org.finos.waltz.model.accesslog.ImmutableAccessLog$Builder",
        "object_id": 1597561195,
        "value": "org.finos.waltz.model.accesslog.ImmutableAccessLog$Builder@5f38d96b"
      },
      "static": false,
      "thread_id": 34
    },
    {
      "elapsed": 0.0000017,
      "event": "return",
      "id": 12,
      "parent_id": 11,
      "return_value": {
        "class": "org.finos.waltz.model.accesslog.ImmutableAccessLog$Builder",
        "object_id": 1597561195,
        "value": "org.finos.waltz.model.accesslog.ImmutableAccessLog$Builder@5f38d96b"
      },
      "thread_id": 34
    },
    {
      "defined_class": "org.finos.waltz.model.accesslog.ImmutableAccessLog$Builder",
      "event": "call",
      "id": 13,
      "lineno": 318,
      "method_id": "state",
      "parameters": [
        {
          "class": "java.lang.String",
          "kind": "req",
          "name": "state",
          "object_id": 2111733904,
          "value": "main"
        }
      ],
      "path": "org/finos/waltz/model/accesslog/ImmutableAccessLog.java",
      "receiver": {
        "class": "org.finos.waltz.model.accesslog.ImmutableAccessLog$Builder",
        "object_id": 1597561195,
        "value": "org.finos.waltz.model.accesslog.ImmutableAccessLog$Builder@5f38d96b"
      },
      "static": false,
      "thread_id": 34
    },
    {
      "elapsed": 0.0000017,
      "event": "return",
      "id": 14,
      "parent_id": 13,
      "return_value": {
        "class": "org.finos.waltz.model.accesslog.ImmutableAccessLog$Builder",
        "object_id": 1597561195,
        "value": "org.finos.waltz.model.accesslog.ImmutableAccessLog$Builder@5f38d96b"
      },
      "thread_id": 34
    },
    {
      "defined_class": "org.finos.waltz.model.accesslog.ImmutableAccessLog$Builder",
      "event": "call",
      "id": 15,
      "lineno": 330,
      "method_id": "params",
      "parameters": [
        {
          "class": "java.lang.String",
          "kind": "req",
          "name": "params",
          "object_id": 836305129,
          "value": "{\"#\":null}"
        }
      ],
      "path": "org/finos/waltz/model/accesslog/ImmutableAccessLog.java",
      "receiver": {
        "class": "org.finos.waltz.model.accesslog.ImmutableAccessLog$Builder",
        "object_id": 1597561195,
        "value": "org.finos.waltz.model.accesslog.ImmutableAccessLog$Builder@5f38d96b"
      },
      "static": false,
      "thread_id": 34
    },
    {
      "elapsed": 0.0000026,
      "event": "return",
      "id": 16,
      "parent_id": 15,
      "return_value": {
        "class": "org.finos.waltz.model.accesslog.ImmutableAccessLog$Builder",
        "object_id": 1597561195,
        "value": "org.finos.waltz.model.accesslog.ImmutableAccessLog$Builder@5f38d96b"
      },
      "thread_id": 34
    },
    {
      "defined_class": "org.finos.waltz.model.accesslog.ImmutableAccessLog$Builder",
      "event": "call",
      "id": 17,
      "lineno": 365,
      "method_id": "build",
      "path": "org/finos/waltz/model/accesslog/ImmutableAccessLog.java",
      "receiver": {
        "class": "org.finos.waltz.model.accesslog.ImmutableAccessLog$Builder",
        "object_id": 1597561195,
        "value": "org.finos.waltz.model.accesslog.ImmutableAccessLog$Builder@5f38d96b"
      },
      "static": false,
      "thread_id": 34
    },
    {
      "defined_class": "org.finos.waltz.model.accesslog.AccessLog",
      "event": "call",
      "id": 18,
      "lineno": 40,
      "method_id": "createdAt",
      "path": "waltz-model/src/main/java/org/finos/waltz/model/accesslog/AccessLog.java",
      "receiver": {
        "class": "org.finos.waltz.model.accesslog.ImmutableAccessLog",
        "object_id": 1366264978,
        "value": "AccessLog{state=main, params={\"#\":null}, userId=anonymous, createdAt=null}"
      },
      "static": false,
      "thread_id": 34
    },
    {
      "elapsed": 0.0000034,
      "event": "return",
      "id": 19,
      "parent_id": 18,
      "return_value": {
        "class": "java.time.LocalDateTime",
        "object_id": 1216734293,
        "value": "2024-06-04T14:20:37.094775"
      },
      "thread_id": 34
    },
    {
      "elapsed": 0.0000077,
      "event": "return",
      "id": 20,
      "parent_id": 17,
      "return_value": {
        "class": "org.finos.waltz.model.accesslog.ImmutableAccessLog",
        "object_id": 1366264978,
        "value": "AccessLog{state=main, params={\"#\":null}, userId=anonymous, createdAt=2024-06-04T14:20:37.094775}"
      },
      "thread_id": 34
    },
    {
      "defined_class": "org.finos.waltz.service.access_log.AccessLogService",
      "event": "call",
      "id": 21,
      "lineno": 49,
      "method_id": "write",
      "parameters": [
        {
          "class": "org.finos.waltz.model.accesslog.ImmutableAccessLog",
          "kind": "req",
          "name": "logEntry",
          "object_id": 1366264978,
          "value": "AccessLog{state=main, params={\"#\":null}, userId=anonymous, createdAt=2024-06-04T14:20:37.094775}"
        }
      ],
      "path": "waltz-service/src/main/java/org/finos/waltz/service/access_log/AccessLogService.java",
      "receiver": {
        "class": "org.finos.waltz.service.access_log.AccessLogService",
        "object_id": 2022927986,
        "value": "org.finos.waltz.service.access_log.AccessLogService@78936e72"
      },
      "static": false,
      "thread_id": 34
    },
    {
      "defined_class": "org.finos.waltz.common.Checks",
      "event": "call",
      "id": 22,
      "lineno": 37,
      "method_id": "checkNotNull",
      "parameters": [
        {
          "class": "org.finos.waltz.model.accesslog.ImmutableAccessLog",
          "kind": "req",
          "name": "t",
          "object_id": 1366264978,
          "value": "AccessLog{state=main, params={\"#\":null}, userId=anonymous, createdAt=2024-06-04T14:20:37.094775}"
        },
        {
          "class": "java.lang.String",
          "kind": "req",
          "name": "message",
          "object_id": 1942449360,
          "value": "logEntry must not be null"
        },
        {
          "class": "[Ljava.lang.Object;",
          "kind": "req",
          "name": "args",
          "object_id": 1104553941,
          "value": "[Ljava.lang.Object;@41d627d5"
        }
      ],
      "path": "waltz-common/src/main/java/org/finos/waltz/common/Checks.java",
      "static": true,
      "thread_id": 34
    },
    {
      "defined_class": "org.finos.waltz.common.Checks",
      "event": "call",
      "id": 23,
      "lineno": 85,
      "method_id": "checkTrue",
      "parameters": [
        {
          "class": "java.lang.Boolean",
          "kind": "req",
          "name": "b",
          "object_id": 371479230,
          "value": "true"
        },
        {
          "class": "java.lang.String",
          "kind": "req",
          "name": "msg",
          "object_id": 1942449360,
          "value": "logEntry must not be null"
        },
        {
          "class": "[Ljava.lang.Object;",
          "kind": "req",
          "name": "args",
          "object_id": 1104553941,
          "value": "[Ljava.lang.Object;@41d627d5"
        }
      ],
      "path": "waltz-common/src/main/java/org/finos/waltz/common/Checks.java",
      "static": true,
      "thread_id": 34
    },
    {
      "elapsed": 0.0000025,
      "event": "return",
      "id": 24,
      "parent_id": 23,
      "thread_id": 34
    },
    {
      "elapsed": 0.0000071,
      "event": "return",
      "id": 25,
      "parent_id": 22,
      "return_value": {
        "class": "org.finos.waltz.model.accesslog.ImmutableAccessLog",
        "object_id": 1366264978,
        "value": "AccessLog{state=main, params={\"#\":null}, userId=anonymous, createdAt=2024-06-04T14:20:37.094775}"
      },
      "thread_id": 34
    },
    {
      "defined_class": "org.finos.waltz.data.access_log.AccessLogDao",
      "event": "call",
      "id": 26,
      "lineno": 74,
      "method_id": "write",
      "parameters": [
        {
          "class": "org.finos.waltz.model.accesslog.ImmutableAccessLog",
          "kind": "req",
          "name": "logEntry",
          "object_id": 1366264978,
          "value": "AccessLog{state=main, params={\"#\":null}, userId=anonymous, createdAt=2024-06-04T14:20:37.094775}"
        }
      ],
      "path": "waltz-data/src/main/java/org/finos/waltz/data/access_log/AccessLogDao.java",
      "receiver": {
        "class": "org.finos.waltz.data.access_log.AccessLogDao",
        "object_id": 2060424699,
        "value": "org.finos.waltz.data.access_log.AccessLogDao@7acf95fb"
      },
      "static": false,
      "thread_id": 34
    },
    {
      "defined_class": "org.finos.waltz.schema.tables.AccessLog",
      "event": "call",
      "id": 27,
      "lineno": 160,
      "method_id": "fieldsRow",
      "path": "org/finos/waltz/schema/tables/AccessLog.java",
      "receiver": {
        "class": "org.finos.waltz.schema.tables.AccessLog",
        "object_id": 1389871322,
        "value": "\"access_log\""
      },
      "static": false,
      "thread_id": 34
    },
    {
      "elapsed": 0.0000036,
      "event": "return",
      "id": 28,
      "parent_id": 27,
      "return_value": {
        "class": "org.jooq.impl.RowImpl",
        "object_id": 955365710,
        "value": "(\"access_log\".\"id\", \"access_log\".\"user_id\", \"access_log\".\"state\", \"access_log\".\"params\", \"access_log\".\"created_at\")"
      },
      "thread_id": 34
    },
    {
      "defined_class": "org.finos.waltz.model.accesslog.ImmutableAccessLog",
      "event": "call",
      "id": 29,
      "lineno": 63,
      "method_id": "params",
      "path": "org/finos/waltz/model/accesslog/ImmutableAccessLog.java",
      "receiver": {
        "class": "org.finos.waltz.model.accesslog.ImmutableAccessLog",
        "object_id": 1366264978,
        "value": "AccessLog{state=main, params={\"#\":null}, userId=anonymous, createdAt=2024-06-04T14:20:37.094775}"
      },
      "static": false,
      "thread_id": 34
    },
    {
      "elapsed": 0.0000035,
      "event": "return",
      "id": 30,
      "parent_id": 29,
      "return_value": {
        "class": "java.lang.String",
        "object_id": 836305129,
        "value": "{\"#\":null}"
      },
      "thread_id": 34
    },
    {
      "defined_class": "org.finos.waltz.model.accesslog.ImmutableAccessLog",
      "event": "call",
      "id": 31,
      "lineno": 54,
      "method_id": "state",
      "path": "org/finos/waltz/model/accesslog/ImmutableAccessLog.java",
      "receiver": {
        "class": "org.finos.waltz.model.accesslog.ImmutableAccessLog",
        "object_id": 1366264978,
        "value": "AccessLog{state=main, params={\"#\":null}, userId=anonymous, createdAt=2024-06-04T14:20:37.094775}"
      },
      "static": false,
      "thread_id": 34
    },
    {
      "elapsed": 0.0000029,
      "event": "return",
      "id": 32,
      "parent_id": 31,
      "return_value": {
        "class": "java.lang.String",
        "object_id": 2111733904,
        "value": "main"
      },
      "thread_id": 34
    },
    {
      "defined_class": "org.finos.waltz.model.accesslog.ImmutableAccessLog",
      "event": "call",
      "id": 33,
      "lineno": 72,
      "method_id": "userId",
      "path": "org/finos/waltz/model/accesslog/ImmutableAccessLog.java",
      "receiver": {
        "class": "org.finos.waltz.model.accesslog.ImmutableAccessLog",
        "object_id": 1366264978,
        "value": "AccessLog{state=main, params={\"#\":null}, userId=anonymous, createdAt=2024-06-04T14:20:37.094775}"
      },
      "static": false,
      "thread_id": 34
    },
    {
      "elapsed": 0.0000082,
      "event": "return",
      "id": 34,
      "parent_id": 33,
      "return_value": {
        "class": "java.lang.String",
        "object_id": 2115323759,
        "value": "anonymous"
      },
      "thread_id": 34
    },
    {
      "defined_class": "org.finos.waltz.model.accesslog.ImmutableAccessLog",
      "event": "call",
      "id": 35,
      "lineno": 81,
      "method_id": "createdAt",
      "path": "org/finos/waltz/model/accesslog/ImmutableAccessLog.java",
      "receiver": {
        "class": "org.finos.waltz.model.accesslog.ImmutableAccessLog",
        "object_id": 1366264978,
        "value": "AccessLog{state=main, params={\"#\":null}, userId=anonymous, createdAt=2024-06-04T14:20:37.094775}"
      },
      "static": false,
      "thread_id": 34
    },
    {
      "elapsed": 0.0000078,
      "event": "return",
      "id": 36,
      "parent_id": 35,
      "return_value": {
        "class": "java.time.LocalDateTime",
        "object_id": 1216734293,
        "value": "2024-06-04T14:20:37.094775"
      },
      "thread_id": 34
    },
    {
      "event": "call",
      "id": 37,
      "sql_query": {
        "database_type": "PostgreSQL",
        "sql": "insert into \"access_log\" (\"params\", \"state\", \"user_id\", \"created_at\") values (?, ?, ?, cast(? as timestamp))"
      },
      "thread_id": 34
    },
    {
      "elapsed": 0.0000092,
      "event": "return",
      "id": 38,
      "parent_id": 37,
      "thread_id": 34
    },
    {
      "defined_class": "org.finos.waltz.service.SlowQueryListener",
      "event": "call",
      "id": 39,
      "lineno": 59,
      "method_id": "executeStart",
      "parameters": [
        {
          "class": "org.jooq.impl.DefaultExecuteContext",
          "kind": "req",
          "name": "ctx",
          "object_id": 358070750,
          "value": "org.jooq.impl.DefaultExecuteContext@1557b9de"
        }
      ],
      "path": "waltz-service/src/main/java/org/finos/waltz/service/SlowQueryListener.java",
      "receiver": {
        "class": "org.finos.waltz.service.SlowQueryListener",
        "object_id": 258203851,
        "value": "org.finos.waltz.service.SlowQueryListener@f63e0cb"
      },
      "static": false,
      "thread_id": 34
    },
    {
      "elapsed": 0.000003,
      "event": "return",
      "id": 40,
      "parent_id": 39,
      "thread_id": 34
    },
    {
      "defined_class": "org.finos.waltz.service.SlowQueryListener",
      "event": "call",
      "id": 41,
      "lineno": 66,
      "method_id": "executeEnd",
      "parameters": [
        {
          "class": "org.jooq.impl.DefaultExecuteContext",
          "kind": "req",
          "name": "ctx",
          "object_id": 358070750,
          "value": "org.jooq.impl.DefaultExecuteContext@1557b9de"
        }
      ],
      "path": "waltz-service/src/main/java/org/finos/waltz/service/SlowQueryListener.java",
      "receiver": {
        "class": "org.finos.waltz.service.SlowQueryListener",
        "object_id": 258203851,
        "value": "org.finos.waltz.service.SlowQueryListener@f63e0cb"
      },
      "static": false,
      "thread_id": 34
    },
    {
      "elapsed": 0.0000058,
      "event": "return",
      "id": 42,
      "parent_id": 41,
      "thread_id": 34
    },
    {
      "elapsed": 0.0029195,
      "event": "return",
      "id": 43,
      "parent_id": 26,
      "return_value": {
        "class": "java.lang.Integer",
        "object_id": 1220839829,
        "value": "1"
      },
      "thread_id": 34
    },
    {
      "elapsed": 0.0029337,
      "event": "return",
      "id": 44,
      "parent_id": 21,
      "return_value": {
        "class": "java.lang.Integer",
        "object_id": 1220839829,
        "value": "1"
      },
      "thread_id": 34
    },
    {
      "elapsed": 0.0029996,
      "event": "return",
      "id": 45,
      "parent_id": 4,
      "return_value": {
        "class": "org.finos.waltz.model.ImmutableWaltzVersionInfo",
        "object_id": 1746216792,
        "value": "WaltzVersionInfo{pomVersion=1-DEV, timestamp=Today, revision=1234}"
      },
      "thread_id": 34
    },
    {
      "defined_class": "org.finos.waltz.model.ImmutableWaltzVersionInfo",
      "event": "call",
      "id": 46,
      "lineno": 38,
      "method_id": "pomVersion",
      "path": "org/finos/waltz/model/ImmutableWaltzVersionInfo.java",
      "receiver": {
        "class": "org.finos.waltz.model.ImmutableWaltzVersionInfo",
        "object_id": 1746216792,
        "value": "WaltzVersionInfo{pomVersion=1-DEV, timestamp=Today, revision=1234}"
      },
      "static": false,
      "thread_id": 34
    },
    {
      "elapsed": 0.0000033,
      "event": "return",
      "id": 47,
      "parent_id": 46,
      "return_value": {
        "class": "java.lang.String",
        "object_id": 1376697831,
        "value": "1-DEV"
      },
      "thread_id": 34
    },
    {
      "defined_class": "org.finos.waltz.model.ImmutableWaltzVersionInfo",
      "event": "call",
      "id": 48,
      "lineno": 47,
      "method_id": "timestamp",
      "path": "org/finos/waltz/model/ImmutableWaltzVersionInfo.java",
      "receiver": {
        "class": "org.finos.waltz.model.ImmutableWaltzVersionInfo",
        "object_id": 1746216792,
        "value": "WaltzVersionInfo{pomVersion=1-DEV, timestamp=Today, revision=1234}"
      },
      "static": false,
      "thread_id": 34
    },
    {
      "elapsed": 0.000002,
      "event": "return",
      "id": 49,
      "parent_id": 48,
      "return_value": {
        "class": "java.lang.String",
        "object_id": 1762249739,
        "value": "Today"
      },
      "thread_id": 34
    },
    {
      "defined_class": "org.finos.waltz.model.ImmutableWaltzVersionInfo",
      "event": "call",
      "id": 50,
      "lineno": 56,
      "method_id": "revision",
      "path": "org/finos/waltz/model/ImmutableWaltzVersionInfo.java",
      "receiver": {
        "class": "org.finos.waltz.model.ImmutableWaltzVersionInfo",
        "object_id": 1746216792,
        "value": "WaltzVersionInfo{pomVersion=1-DEV, timestamp=Today, revision=1234}"
      },
      "static": false,
      "thread_id": 34
    },
    {
      "elapsed": 0.0000019,
      "event": "return",
      "id": 51,
      "parent_id": 50,
      "return_value": {
        "class": "java.lang.String",
        "object_id": 1853284640,
        "value": "1234"
      },
      "thread_id": 34
    },
    {
      "elapsed": 0.003146,
      "event": "return",
      "http_server_response": {
        "headers": {
          "Access-Control-Expose-Headers": "*",
          "Access-Control-Allow-Origin": "*",
          "Date": "Tue, 04 Jun 2024 14:20:37 GMT",
          "Content-Type": "application/json"
        },
        "status": 200
      },
      "id": 52,
      "parent_id": 1,
      "thread_id": 34
    }
  ],
  "version": "1.2",
  "metadata": {
    "name": "POST /api/access-log/main (200) - 14:20:37.092",
    "app": "waltz",
    "language": {
      "name": "java",
      "version": "17.0.8+9-LTS-211",
      "engine": "Java HotSpot(TM) 64-Bit Server VM"
    },
    "client": {
      "name": "appmap-java",
      "url": "https://github.com/appland/appmap-java"
    },
    "recorder": {
      "name": "request_recording",
      "type": "requests"
    },
    "recording": {},
    "git": {
      "repository": "git@github.com:land-of-apps/waltz.git",
      "branch": "master",
      "commit": "d013ac6221f1f2411cc51725a3bb201750f700be"
    }
  },
  "classMap": [
    {
      "children": [
        {
          "children": [
            {
              "children": [
                {
                  "children": [
                    {
                      "children": [
                        {
                          "children": [
                            {
                              "name": "createdAt",
                              "type": "function",
                              "static": false,
                              "location": "waltz-model/src/main/java/org/finos/waltz/model/accesslog/AccessLog.java:40"
                            }
                          ],
                          "name": "AccessLog",
                          "type": "class"
                        },
                        {
                          "children": [
                            {
                              "name": "builder",
                              "type": "function",
                              "static": true,
                              "location": "org/finos/waltz/model/accesslog/ImmutableAccessLog.java:270"
                            },
                            {
                              "name": "createdAt",
                              "type": "function",
                              "static": false,
                              "location": "org/finos/waltz/model/accesslog/ImmutableAccessLog.java:81"
                            },
                            {
                              "name": "params",
                              "type": "function",
                              "static": false,
                              "location": "org/finos/waltz/model/accesslog/ImmutableAccessLog.java:63"
                            },
                            {
                              "name": "userId",
                              "type": "function",
                              "static": false,
                              "location": "org/finos/waltz/model/accesslog/ImmutableAccessLog.java:72"
                            },
                            {
                              "name": "state",
                              "type": "function",
                              "static": false,
                              "location": "org/finos/waltz/model/accesslog/ImmutableAccessLog.java:54"
                            }
                          ],
                          "name": "ImmutableAccessLog",
                          "type": "class"
                        },
                        {
                          "children": [
                            {
                              "name": "build",
                              "type": "function",
                              "static": false,
                              "location": "org/finos/waltz/model/accesslog/ImmutableAccessLog.java:365"
                            },
                            {
                              "name": "params",
                              "type": "function",
                              "static": false,
                              "location": "org/finos/waltz/model/accesslog/ImmutableAccessLog.java:330"
                            },
                            {
                              "name": "state",
                              "type": "function",
                              "static": false,
                              "location": "org/finos/waltz/model/accesslog/ImmutableAccessLog.java:318"
                            },
                            {
                              "name": "userId",
                              "type": "function",
                              "static": false,
                              "location": "org/finos/waltz/model/accesslog/ImmutableAccessLog.java:342"
                            }
                          ],
                          "name": "ImmutableAccessLog$Builder",
                          "type": "class"
                        }
                      ],
                      "name": "accesslog",
                      "type": "package"
                    },
                    {
                      "children": [
                        {
                          "name": "revision",
                          "type": "function",
                          "static": false,
                          "location": "org/finos/waltz/model/ImmutableWaltzVersionInfo.java:56"
                        },
                        {
                          "name": "pomVersion",
                          "type": "function",
                          "static": false,
                          "location": "org/finos/waltz/model/ImmutableWaltzVersionInfo.java:38"
                        },
                        {
                          "name": "timestamp",
                          "type": "function",
                          "static": false,
                          "location": "org/finos/waltz/model/ImmutableWaltzVersionInfo.java:47"
                        }
                      ],
                      "name": "ImmutableWaltzVersionInfo",
                      "type": "class"
                    }
                  ],
                  "name": "model",
                  "type": "package"
                },
                {
                  "children": [
                    {
                      "children": [
                        {
                          "children": [
                            {
                              "name": "fieldsRow",
                              "type": "function",
                              "static": false,
                              "location": "org/finos/waltz/schema/tables/AccessLog.java:160"
                            }
                          ],
                          "name": "AccessLog",
                          "type": "class"
                        }
                      ],
                      "name": "tables",
                      "type": "package"
                    }
                  ],
                  "name": "schema",
                  "type": "package"
                },
                {
                  "children": [
                    {
                      "children": [
                        {
                          "children": [
                            {
                              "children": [
                                {
                                  "name": "writeRoute",
                                  "type": "function",
                                  "static": false,
                                  "location": "waltz-web/src/main/java/org/finos/waltz/web/endpoints/api/AccessLogEndpoint.java:79"
                                }
                              ],
                              "name": "AccessLogEndpoint",
                              "type": "class"
                            }
                          ],
                          "name": "api",
                          "type": "package"
                        },
                        {
                          "children": [
                            {
                              "children": [
                                {
                                  "name": "handle",
                                  "type": "function",
                                  "static": false,
                                  "location": "waltz-web/src/main/java/org/finos/waltz/web/endpoints/auth/JWTAuthenticationFilter.java:62"
                                }
                              ],
                              "name": "JWTAuthenticationFilter",
                              "type": "class"
                            },
                            {
                              "children": [
                                {
                                  "name": "getUsername",
                                  "type": "function",
                                  "static": true,
                                  "location": "waltz-web/src/main/java/org/finos/waltz/web/endpoints/auth/AuthenticationUtilities.java:37"
                                }
                              ],
                              "name": "AuthenticationUtilities",
                              "type": "class"
                            }
                          ],
                          "name": "auth",
                          "type": "package"
                        }
                      ],
                      "name": "endpoints",
                      "type": "package"
                    },
                    {
                      "children": [
                        {
                          "name": "getUsername",
                          "type": "function",
                          "static": true,
                          "location": "waltz-web/src/main/java/org/finos/waltz/web/WebUtilities.java:171"
                        }
                      ],
                      "name": "WebUtilities",
                      "type": "class"
                    }
                  ],
                  "name": "web",
                  "type": "package"
                },
                {
                  "children": [
                    {
                      "children": [
                        {
                          "children": [
                            {
                              "name": "write",
                              "type": "function",
                              "static": false,
                              "location": "waltz-service/src/main/java/org/finos/waltz/service/access_log/AccessLogService.java:49"
                            }
                          ],
                          "name": "AccessLogService",
                          "type": "class"
                        }
                      ],
                      "name": "access_log",
                      "type": "package"
                    },
                    {
                      "children": [
                        {
                          "name": "executeEnd",
                          "type": "function",
                          "static": false,
                          "location": "waltz-service/src/main/java/org/finos/waltz/service/SlowQueryListener.java:66"
                        },
                        {
                          "name": "executeStart",
                          "type": "function",
                          "static": false,
                          "location": "waltz-service/src/main/java/org/finos/waltz/service/SlowQueryListener.java:59"
                        }
                      ],
                      "name": "SlowQueryListener",
                      "type": "class"
                    }
                  ],
                  "name": "service",
                  "type": "package"
                },
                {
                  "children": [
                    {
                      "children": [
                        {
                          "children": [
                            {
                              "name": "write",
                              "type": "function",
                              "static": false,
                              "location": "waltz-data/src/main/java/org/finos/waltz/data/access_log/AccessLogDao.java:74"
                            }
                          ],
                          "name": "AccessLogDao",
                          "type": "class"
                        }
                      ],
                      "name": "access_log",
                      "type": "package"
                    }
                  ],
                  "name": "data",
                  "type": "package"
                },
                {
                  "children": [
                    {
                      "children": [
                        {
                          "name": "checkTrue",
                          "type": "function",
                          "static": true,
                          "location": "waltz-common/src/main/java/org/finos/waltz/common/Checks.java:85"
                        },
                        {
                          "name": "checkNotNull",
                          "type": "function",
                          "static": true,
                          "location": "waltz-common/src/main/java/org/finos/waltz/common/Checks.java:37"
                        }
                      ],
                      "name": "Checks",
                      "type": "class"
                    }
                  ],
                  "name": "common",
                  "type": "package"
                }
              ],
              "name": "waltz",
              "type": "package"
            }
          ],
          "name": "finos",
          "type": "package"
        }
      ],
      "name": "org",
      "type": "package"
    },
    {
      "type": "http",
      "name": "HTTP server requests",
      "children": [
        {
          "type": "route",
          "name": "POST /api/access-log/main"
        }
      ]
    },
    {
      "type": "database",
      "name": "Database",
      "children": [
        {
          "type": "query",
          "name": "insert into \"access_log\" (\"params\", \"state\", \"user_id\", \"created_at\") values (?, ?, ?, cast(? as timestamp))"
        }
      ]
    }
  ]
}