{
  "events": [
    {
      "event": "call",
      "http_server_request": {
        "headers": {
          "Cookie": "appland_session=bFU5p0cvqrcXlz2oQfgEZG3%2BQjfds2AwmlOA%2Fx5fhQLjPvVHIKrHyvnbeq5nw8c5sME56znPsnpSSzB3nr%2BHfdk9sEC9MgOgNKjgjD8qlzGqDVuwRPr30ch96LWGIDwuITrAUwQGqlUw7%2Fdsq0tjrfHFPTlemq71kQtCAIi9JTRWo5tLPJlG%2F9JtfTuiWIfWg8X67ZkAOuaapIHdaA5w5QtwMr7h34LfseImCERQpzoz9xTqJYqSi2SJ9RE1eVw2jyYFG9IGPA4d1USUIXvAmeaMOQ9Z%2BDmKhiIRXve6%2BzO47%2F2RW1kaH2PND2r0EKz%2BaWMbrXswEaj2kjwx09pTJANR5arO0I9c2RelyrURJyvI%2FZ8OwnG99VyxbE2scovqFvxwhmhXr1KDOxpRle3VOJSpxXtFaDjv2TSSbtqGkIj4T51u58xasM4KbZUpapu5OQ5ENf%2FSMADW4DHmCrSQJ14SgVbNtrazlgwdph5p0AKax1l0Bw7j0jz2SGT9C5HMnzVyZdV59G6paFrgLqvtGuXdWr4VeJt2tPVftjki2S0LpmpTAacYMTeiz0JRvAUI2MTy5coFmozGwP2tYolztMsGb%2Bss8Pp0ZRYy8EsEs78L1J1nDMR5VCJ5yVhSq8JXZA7Misee05vblyt4OMHf9CA4AMzWpe2NbExRxiHuW%2Bkx%2F83vj%2Btrqn1QRG33cQUOn3jl8nfSuSLj5p0K5PYVYnXJu8E7RhAyqpC6J23a%2F8B4qsDAOrIrUYPQAWaYOsjd0i3Q5y49d77RlVc7zyyLJxFNVWLlYCD5BrfOMpyF2f9InowPEQei23xjT4UE0W3dXZP1xhk5wDvQ--zbb2b%2Flld908TQxF--8LcY2kn8%2BBw8bSaDiyP6LQ%3D%3D",
          "Accept": "*/*",
          "Connection": "keep-alive",
          "User-Agent": "Mozilla/5.0 (Macintosh; Intel Mac OS X 10_15_7) AppleWebKit/537.36 (KHTML, like Gecko) Chrome/125.0.0.0 Safari/537.36",
          "Referer": "http://localhost:8080/",
          "Sec-Fetch-Site": "same-origin",
          "Sec-Fetch-Dest": "script",
          "Host": "localhost:8080",
          "Accept-Encoding": "gzip, deflate, br, zstd",
          "Sec-Fetch-Mode": "no-cors",
          "sec-ch-ua": "\"Google Chrome\";v=\"125\", \"Chromium\";v=\"125\", \"Not.A/Brand\";v=\"24\"",
          "sec-ch-ua-mobile": "?0",
          "sec-ch-ua-platform": "\"macOS\"",
          "Accept-Language": "en-US,en;q=0.9"
        },
        "path_info": "/api/oauthdetails",
        "protocol": "HTTP/1.1",
        "request_method": "GET"
      },
      "id": 1,
      "thread_id": 40
    },
    {
      "defined_class": "org.finos.waltz.web.endpoints.auth.JWTAuthenticationFilter",
      "event": "call",
      "id": 2,
      "lineno": 62,
      "method_id": "handle",
      "parameters": [
        {
          "class": "spark.http.matching.RequestWrapper",
          "kind": "req",
          "name": "request",
          "object_id": 283961236,
          "value": "spark.Request@1159ed9f"
        },
        {
          "class": "spark.http.matching.ResponseWrapper",
          "kind": "req",
          "name": "response",
          "object_id": 1252673428,
          "value": "spark.Response@11d770cf"
        }
      ],
      "path": "waltz-web/src/main/java/org/finos/waltz/web/endpoints/auth/JWTAuthenticationFilter.java",
      "receiver": {
        "class": "org.finos.waltz.web.endpoints.auth.JWTAuthenticationFilter",
        "object_id": 54642872,
        "value": "org.finos.waltz.web.endpoints.auth.JWTAuthenticationFilter@341c8b8"
      },
      "static": false,
      "thread_id": 40
    },
    {
      "elapsed": 0.0000148,
      "event": "return",
      "id": 3,
      "parent_id": 2,
      "thread_id": 40
    },
    {
      "defined_class": "org.finos.waltz.service.settings.SettingsService",
      "event": "call",
      "id": 4,
      "lineno": 83,
      "method_id": "getValue",
      "parameters": [
        {
          "class": "java.lang.String",
          "kind": "req",
          "name": "name",
          "object_id": 943285521,
          "value": "oauth.provider.details"
        }
      ],
      "path": "waltz-service/src/main/java/org/finos/waltz/service/settings/SettingsService.java",
      "receiver": {
        "class": "org.finos.waltz.service.settings.SettingsService",
        "object_id": 681357865,
        "value": "org.finos.waltz.service.settings.SettingsService@289cb229"
      },
      "static": false,
      "thread_id": 40
    },
    {
      "defined_class": "org.finos.waltz.service.settings.SettingsService",
      "event": "call",
      "id": 5,
      "lineno": 71,
      "method_id": "getByName",
      "parameters": [
        {
          "class": "java.lang.String",
          "kind": "req",
          "name": "name",
          "object_id": 943285521,
          "value": "oauth.provider.details"
        }
      ],
      "path": "waltz-service/src/main/java/org/finos/waltz/service/settings/SettingsService.java",
      "receiver": {
        "class": "org.finos.waltz.service.settings.SettingsService",
        "object_id": 681357865,
        "value": "org.finos.waltz.service.settings.SettingsService@289cb229"
      },
      "static": false,
      "thread_id": 40
    },
    {
      "defined_class": "org.finos.waltz.data.settings.SettingsDao",
      "event": "call",
      "id": 6,
      "lineno": 70,
      "method_id": "getByName",
      "parameters": [
        {
          "class": "java.lang.String",
          "kind": "req",
          "name": "name",
          "object_id": 943285521,
          "value": "oauth.provider.details"
        }
      ],
      "path": "waltz-data/src/main/java/org/finos/waltz/data/settings/SettingsDao.java",
      "receiver": {
        "class": "org.finos.waltz.data.settings.SettingsDao",
        "object_id": 2049211652,
        "value": "org.finos.waltz.data.settings.SettingsDao@7a247d04"
      },
      "static": false,
      "thread_id": 40
    },
    {
      "defined_class": "org.finos.waltz.schema.tables.Settings",
      "event": "call",
      "id": 7,
      "lineno": 148,
      "method_id": "fieldsRow",
      "path": "org/finos/waltz/schema/tables/Settings.java",
      "receiver": {
        "class": "org.finos.waltz.schema.tables.Settings",
        "object_id": 1345102288,
        "value": "\"settings\""
      },
      "static": false,
      "thread_id": 40
    },
    {
      "elapsed": 0.0000028,
      "event": "return",
      "id": 8,
      "parent_id": 7,
      "return_value": {
        "class": "org.jooq.impl.RowImpl",
        "object_id": 1718678822,
        "value": "(\"settings\".\"name\", \"settings\".\"value\", \"settings\".\"restricted\", \"settings\".\"description\")"
      },
      "thread_id": 40
    },
    {
      "event": "call",
      "id": 9,
      "sql_query": {
        "database_type": "PostgreSQL",
        "sql": "select \"settings\".\"name\", \"settings\".\"value\", \"settings\".\"restricted\", \"settings\".\"description\" from \"settings\" where \"settings\".\"name\" = ?"
      },
      "thread_id": 40
    },
    {
      "elapsed": 0.0000091,
      "event": "return",
      "id": 10,
      "parent_id": 9,
      "thread_id": 40
    },
    {
      "defined_class": "org.finos.waltz.service.SlowQueryListener",
      "event": "call",
      "id": 11,
      "lineno": 59,
      "method_id": "executeStart",
      "parameters": [
        {
          "class": "org.jooq.impl.DefaultExecuteContext",
          "kind": "req",
          "name": "ctx",
          "object_id": 2122225819,
          "value": "org.jooq.impl.DefaultExecuteContext@7e7e989b"
        }
      ],
      "path": "waltz-service/src/main/java/org/finos/waltz/service/SlowQueryListener.java",
      "receiver": {
        "class": "org.finos.waltz.service.SlowQueryListener",
        "object_id": 258203851,
        "value": "org.finos.waltz.service.SlowQueryListener@f63e0cb"
      },
      "static": false,
      "thread_id": 40
    },
    {
      "elapsed": 0.0000024,
      "event": "return",
      "id": 12,
      "parent_id": 11,
      "thread_id": 40
    },
    {
      "defined_class": "org.finos.waltz.service.SlowQueryListener",
      "event": "call",
      "id": 13,
      "lineno": 66,
      "method_id": "executeEnd",
      "parameters": [
        {
          "class": "org.jooq.impl.DefaultExecuteContext",
          "kind": "req",
          "name": "ctx",
          "object_id": 2122225819,
          "value": "org.jooq.impl.DefaultExecuteContext@7e7e989b"
        }
      ],
      "path": "waltz-service/src/main/java/org/finos/waltz/service/SlowQueryListener.java",
      "receiver": {
        "class": "org.finos.waltz.service.SlowQueryListener",
        "object_id": 258203851,
        "value": "org.finos.waltz.service.SlowQueryListener@f63e0cb"
      },
      "static": false,
      "thread_id": 40
    },
    {
      "elapsed": 0.0000083,
      "event": "return",
      "id": 14,
      "parent_id": 13,
      "thread_id": 40
    },
    {
      "elapsed": 0.0002075,
      "event": "return",
      "id": 15,
      "parent_id": 6,
      "thread_id": 40
    },
    {
      "elapsed": 0.0002146,
      "event": "return",
      "id": 16,
      "parent_id": 5,
      "thread_id": 40
    },
    {
      "elapsed": 0.0002214,
      "event": "return",
      "id": 17,
      "parent_id": 4,
      "return_value": {
        "class": "java.util.Optional",
        "object_id": 1001064146,
        "value": "Optional.empty"
      },
      "thread_id": 40
    },
    {
      "elapsed": 0.0003519,
      "event": "return",
      "http_server_response": {
        "headers": {
          "Access-Control-Expose-Headers": "*",
          "Access-Control-Allow-Origin": "*",
          "Date": "Mon, 03 Jun 2024 19:13:45 GMT",
          "Content-Type": "application/javascript"
        },
        "status": 200
      },
      "id": 18,
      "parent_id": 1,
      "thread_id": 40
    }
  ],
  "version": "1.2",
  "metadata": {
    "name": "GET /api/oauthdetails (200) - 19:13:45.292",
    "app": "waltz",
    "language": {
      "name": "java",
      "version": "17.0.8+9-LTS-211",
      "engine": "Java HotSpot(TM) 64-Bit Server VM"
    },
    "client": {
      "name": "appmap-java",
      "url": "https://github.com/appland/appmap-java"
    },
    "recorder": {
      "name": "request_recording",
      "type": "requests"
    },
    "recording": {},
    "git": {
      "repository": "git@github.com:land-of-apps/waltz.git",
      "branch": "master",
      "commit": "d013ac6221f1f2411cc51725a3bb201750f700be"
    }
  },
  "classMap": [
    {
      "children": [
        {
          "children": [
            {
              "children": [
                {
                  "children": [
                    {
                      "children": [
                        {
                          "children": [
                            {
                              "name": "getByName",
                              "type": "function",
                              "static": false,
                              "location": "waltz-service/src/main/java/org/finos/waltz/service/settings/SettingsService.java:71"
                            },
                            {
                              "name": "getValue",
                              "type": "function",
                              "static": false,
                              "location": "waltz-service/src/main/java/org/finos/waltz/service/settings/SettingsService.java:83"
                            }
                          ],
                          "name": "SettingsService",
                          "type": "class"
                        }
                      ],
                      "name": "settings",
                      "type": "package"
                    },
                    {
                      "children": [
                        {
                          "name": "executeEnd",
                          "type": "function",
                          "static": false,
                          "location": "waltz-service/src/main/java/org/finos/waltz/service/SlowQueryListener.java:66"
                        },
                        {
                          "name": "executeStart",
                          "type": "function",
                          "static": false,
                          "location": "waltz-service/src/main/java/org/finos/waltz/service/SlowQueryListener.java:59"
                        }
                      ],
                      "name": "SlowQueryListener",
                      "type": "class"
                    }
                  ],
                  "name": "service",
                  "type": "package"
                },
                {
                  "children": [
                    {
                      "children": [
                        {
                          "children": [
                            {
                              "name": "fieldsRow",
                              "type": "function",
                              "static": false,
                              "location": "org/finos/waltz/schema/tables/Settings.java:148"
                            }
                          ],
                          "name": "Settings",
                          "type": "class"
                        }
                      ],
                      "name": "tables",
                      "type": "package"
                    }
                  ],
                  "name": "schema",
                  "type": "package"
                },
                {
                  "children": [
                    {
                      "children": [
                        {
                          "children": [
                            {
                              "name": "getByName",
                              "type": "function",
                              "static": false,
                              "location": "waltz-data/src/main/java/org/finos/waltz/data/settings/SettingsDao.java:70"
                            }
                          ],
                          "name": "SettingsDao",
                          "type": "class"
                        }
                      ],
                      "name": "settings",
                      "type": "package"
                    }
                  ],
                  "name": "data",
                  "type": "package"
                },
                {
                  "children": [
                    {
                      "children": [
                        {
                          "children": [
                            {
                              "children": [
                                {
                                  "name": "handle",
                                  "type": "function",
                                  "static": false,
                                  "location": "waltz-web/src/main/java/org/finos/waltz/web/endpoints/auth/JWTAuthenticationFilter.java:62"
                                }
                              ],
                              "name": "JWTAuthenticationFilter",
                              "type": "class"
                            }
                          ],
                          "name": "auth",
                          "type": "package"
                        }
                      ],
                      "name": "endpoints",
                      "type": "package"
                    }
                  ],
                  "name": "web",
                  "type": "package"
                }
              ],
              "name": "waltz",
              "type": "package"
            }
          ],
          "name": "finos",
          "type": "package"
        }
      ],
      "name": "org",
      "type": "package"
    },
    {
      "type": "http",
      "name": "HTTP server requests",
      "children": [
        {
          "type": "route",
          "name": "GET /api/oauthdetails"
        }
      ]
    },
    {
      "type": "database",
      "name": "Database",
      "children": [
        {
          "type": "query",
          "name": "select \"settings\".\"name\", \"settings\".\"value\", \"settings\".\"restricted\", \"settings\".\"description\" from \"settings\" where \"settings\".\"name\" = ?"
        }
      ]
    }
  ]
}