{
  "events": [
    {
      "event": "call",
      "http_server_request": {
        "headers": {
          "Cookie": "appland_session=bFU5p0cvqrcXlz2oQfgEZG3%2BQjfds2AwmlOA%2Fx5fhQLjPvVHIKrHyvnbeq5nw8c5sME56znPsnpSSzB3nr%2BHfdk9sEC9MgOgNKjgjD8qlzGqDVuwRPr30ch96LWGIDwuITrAUwQGqlUw7%2Fdsq0tjrfHFPTlemq71kQtCAIi9JTRWo5tLPJlG%2F9JtfTuiWIfWg8X67ZkAOuaapIHdaA5w5QtwMr7h34LfseImCERQpzoz9xTqJYqSi2SJ9RE1eVw2jyYFG9IGPA4d1USUIXvAmeaMOQ9Z%2BDmKhiIRXve6%2BzO47%2F2RW1kaH2PND2r0EKz%2BaWMbrXswEaj2kjwx09pTJANR5arO0I9c2RelyrURJyvI%2FZ8OwnG99VyxbE2scovqFvxwhmhXr1KDOxpRle3VOJSpxXtFaDjv2TSSbtqGkIj4T51u58xasM4KbZUpapu5OQ5ENf%2FSMADW4DHmCrSQJ14SgVbNtrazlgwdph5p0AKax1l0Bw7j0jz2SGT9C5HMnzVyZdV59G6paFrgLqvtGuXdWr4VeJt2tPVftjki2S0LpmpTAacYMTeiz0JRvAUI2MTy5coFmozGwP2tYolztMsGb%2Bss8Pp0ZRYy8EsEs78L1J1nDMR5VCJ5yVhSq8JXZA7Misee05vblyt4OMHf9CA4AMzWpe2NbExRxiHuW%2Bkx%2F83vj%2Btrqn1QRG33cQUOn3jl8nfSuSLj5p0K5PYVYnXJu8E7RhAyqpC6J23a%2F8B4qsDAOrIrUYPQAWaYOsjd0i3Q5y49d77RlVc7zyyLJxFNVWLlYCD5BrfOMpyF2f9InowPEQei23xjT4UE0W3dXZP1xhk5wDvQ--zbb2b%2Flld908TQxF--8LcY2kn8%2BBw8bSaDiyP6LQ%3D%3D",
          "Accept": "application/json, text/plain, */*",
          "Connection": "keep-alive",
          "User-Agent": "Mozilla/5.0 (Macintosh; Intel Mac OS X 10_15_7) AppleWebKit/537.36 (KHTML, like Gecko) Chrome/125.0.0.0 Safari/537.36",
          "Referer": "http://localhost:8080/",
          "Sec-Fetch-Site": "same-origin",
          "Sec-Fetch-Dest": "empty",
          "Host": "localhost:8080",
          "Accept-Encoding": "gzip, deflate, br, zstd",
          "Sec-Fetch-Mode": "cors",
          "sec-ch-ua": "\"Google Chrome\";v=\"125\", \"Chromium\";v=\"125\", \"Not.A/Brand\";v=\"24\"",
          "sec-ch-ua-mobile": "?0",
          "Cache-Control": "max-age=0",
          "sec-ch-ua-platform": "\"macOS\"",
          "If-Modified-Since": "0",
          "Accept-Language": "en-US,en;q=0.9"
        },
        "path_info": "/api/static-panel/group",
        "protocol": "HTTP/1.1",
        "request_method": "GET"
      },
      "id": 1,
      "thread_id": 39
    },
    {
      "defined_class": "org.finos.waltz.web.endpoints.auth.JWTAuthenticationFilter",
      "event": "call",
      "id": 2,
      "lineno": 62,
      "method_id": "handle",
      "parameters": [
        {
          "class": "spark.http.matching.RequestWrapper",
          "kind": "req",
          "name": "request",
          "object_id": 105955049,
          "value": "spark.Request@228123d3"
        },
        {
          "class": "spark.http.matching.ResponseWrapper",
          "kind": "req",
          "name": "response",
          "object_id": 2103021620,
          "value": "spark.Response@6af2815b"
        }
      ],
      "path": "waltz-web/src/main/java/org/finos/waltz/web/endpoints/auth/JWTAuthenticationFilter.java",
      "receiver": {
        "class": "org.finos.waltz.web.endpoints.auth.JWTAuthenticationFilter",
        "object_id": 54642872,
        "value": "org.finos.waltz.web.endpoints.auth.JWTAuthenticationFilter@341c8b8"
      },
      "static": false,
      "thread_id": 39
    },
    {
      "elapsed": 0.0000229,
      "event": "return",
      "id": 3,
      "parent_id": 2,
      "thread_id": 39
    },
    {
      "defined_class": "org.finos.waltz.service.static_panel.StaticPanelService",
      "event": "call",
      "id": 4,
      "lineno": 45,
      "method_id": "findByGroups",
      "parameters": [
        {
          "class": "[Ljava.lang.String;",
          "kind": "req",
          "name": "groups",
          "object_id": 1775688986,
          "value": "[Ljava.lang.String;@69d6dd1a"
        }
      ],
      "path": "waltz-service/src/main/java/org/finos/waltz/service/static_panel/StaticPanelService.java",
      "receiver": {
        "class": "org.finos.waltz.service.static_panel.StaticPanelService",
        "object_id": 259407825,
        "value": "org.finos.waltz.service.static_panel.StaticPanelService@f763fd1"
      },
      "static": false,
      "thread_id": 39
    },
    {
      "defined_class": "org.finos.waltz.common.ArrayUtilities",
      "event": "call",
      "id": 5,
      "lineno": 53,
      "method_id": "isEmpty",
      "parameters": [
        {
          "class": "[Ljava.lang.String;",
          "kind": "req",
          "name": "arr",
          "object_id": 1775688986,
          "value": "[Ljava.lang.String;@69d6dd1a"
        }
      ],
      "path": "waltz-common/src/main/java/org/finos/waltz/common/ArrayUtilities.java",
      "static": true,
      "thread_id": 39
    },
    {
      "elapsed": 0.0000044,
      "event": "return",
      "id": 6,
      "parent_id": 5,
      "return_value": {
        "class": "java.lang.Boolean",
        "object_id": 1008692785,
        "value": "false"
      },
      "thread_id": 39
    },
    {
      "defined_class": "org.finos.waltz.data.static_panel.StaticPanelDao",
      "event": "call",
      "id": 7,
      "lineno": 67,
      "method_id": "findByGroups",
      "parameters": [
        {
          "class": "[Ljava.lang.String;",
          "kind": "req",
          "name": "groups",
          "object_id": 1775688986,
          "value": "[Ljava.lang.String;@69d6dd1a"
        }
      ],
      "path": "waltz-data/src/main/java/org/finos/waltz/data/static_panel/StaticPanelDao.java",
      "receiver": {
        "class": "org.finos.waltz.data.static_panel.StaticPanelDao",
        "object_id": 1366041777,
        "value": "org.finos.waltz.data.static_panel.StaticPanelDao@516c24b1"
      },
      "static": false,
      "thread_id": 39
    },
    {
      "defined_class": "org.finos.waltz.schema.tables.StaticPanel",
      "event": "call",
      "id": 8,
      "lineno": 174,
      "method_id": "fieldsRow",
      "path": "org/finos/waltz/schema/tables/StaticPanel.java",
      "receiver": {
        "class": "org.finos.waltz.schema.tables.StaticPanel",
        "object_id": 796766811,
        "value": "\"static_panel\""
      },
      "static": false,
      "thread_id": 39
    },
    {
      "elapsed": 0.0000058,
      "event": "return",
      "id": 9,
      "parent_id": 8,
      "return_value": {
        "class": "org.jooq.impl.RowImpl",
        "object_id": 1480534052,
        "value": "(\"static_panel\".\"id\", \"static_panel\".\"group\", \"static_panel\".\"title\", \"static_panel\".\"icon\", \"static_panel\".\"priority\", \"static_panel\".\"width\", \"static_panel\".\"encoding\", \"static_panel\".\"content\")"
      },
      "thread_id": 39
    },
    {
      "event": "call",
      "id": 10,
      "sql_query": {
        "database_type": "PostgreSQL",
        "sql": "select \"static_panel\".\"id\", \"static_panel\".\"group\", \"static_panel\".\"title\", \"static_panel\".\"icon\", \"static_panel\".\"priority\", \"static_panel\".\"width\", \"static_panel\".\"encoding\", \"static_panel\".\"content\" from \"static_panel\" where \"static_panel\".\"group\" in (?) order by \"static_panel\".\"priority\" asc"
      },
      "thread_id": 39
    },
    {
      "elapsed": 0.000013,
      "event": "return",
      "id": 11,
      "parent_id": 10,
      "thread_id": 39
    },
    {
      "defined_class": "org.finos.waltz.service.SlowQueryListener",
      "event": "call",
      "id": 12,
      "lineno": 59,
      "method_id": "executeStart",
      "parameters": [
        {
          "class": "org.jooq.impl.DefaultExecuteContext",
          "kind": "req",
          "name": "ctx",
          "object_id": 1938495307,
          "value": "org.jooq.impl.DefaultExecuteContext@738b174b"
        }
      ],
      "path": "waltz-service/src/main/java/org/finos/waltz/service/SlowQueryListener.java",
      "receiver": {
        "class": "org.finos.waltz.service.SlowQueryListener",
        "object_id": 258203851,
        "value": "org.finos.waltz.service.SlowQueryListener@f63e0cb"
      },
      "static": false,
      "thread_id": 39
    },
    {
      "elapsed": 0.0000652,
      "event": "return",
      "id": 13,
      "parent_id": 12,
      "thread_id": 39
    },
    {
      "defined_class": "org.finos.waltz.service.SlowQueryListener",
      "event": "call",
      "id": 14,
      "lineno": 66,
      "method_id": "executeEnd",
      "parameters": [
        {
          "class": "org.jooq.impl.DefaultExecuteContext",
          "kind": "req",
          "name": "ctx",
          "object_id": 1938495307,
          "value": "org.jooq.impl.DefaultExecuteContext@738b174b"
        }
      ],
      "path": "waltz-service/src/main/java/org/finos/waltz/service/SlowQueryListener.java",
      "receiver": {
        "class": "org.finos.waltz.service.SlowQueryListener",
        "object_id": 258203851,
        "value": "org.finos.waltz.service.SlowQueryListener@f63e0cb"
      },
      "static": false,
      "thread_id": 39
    },
    {
      "elapsed": 0.0000273,
      "event": "return",
      "id": 15,
      "parent_id": 14,
      "thread_id": 39
    },
    {
      "defined_class": "org.finos.waltz.schema.tables.StaticPanel",
      "event": "call",
      "id": 16,
      "lineno": 174,
      "method_id": "fieldsRow",
      "path": "org/finos/waltz/schema/tables/StaticPanel.java",
      "receiver": {
        "class": "org.finos.waltz.schema.tables.StaticPanel",
        "object_id": 796766811,
        "value": "\"static_panel\""
      },
      "static": false,
      "thread_id": 39
    },
    {
      "elapsed": 0.0000046,
      "event": "return",
      "id": 17,
      "parent_id": 16,
      "return_value": {
        "class": "org.jooq.impl.RowImpl",
        "object_id": 227387448,
        "value": "(\"static_panel\".\"id\", \"static_panel\".\"group\", \"static_panel\".\"title\", \"static_panel\".\"icon\", \"static_panel\".\"priority\", \"static_panel\".\"width\", \"static_panel\".\"encoding\", \"static_panel\".\"content\")"
      },
      "thread_id": 39
    },
    {
      "defined_class": "org.finos.waltz.schema.tables.StaticPanel",
      "event": "call",
      "id": 18,
      "lineno": 174,
      "method_id": "fieldsRow",
      "path": "org/finos/waltz/schema/tables/StaticPanel.java",
      "receiver": {
        "class": "org.finos.waltz.schema.tables.StaticPanel",
        "object_id": 796766811,
        "value": "\"static_panel\""
      },
      "static": false,
      "thread_id": 39
    },
    {
      "elapsed": 0.0000054,
      "event": "return",
      "id": 19,
      "parent_id": 18,
      "return_value": {
        "class": "org.jooq.impl.RowImpl",
        "object_id": 1391237790,
        "value": "(\"static_panel\".\"id\", \"static_panel\".\"group\", \"static_panel\".\"title\", \"static_panel\".\"icon\", \"static_panel\".\"priority\", \"static_panel\".\"width\", \"static_panel\".\"encoding\", \"static_panel\".\"content\")"
      },
      "thread_id": 39
    },
    {
      "defined_class": "org.finos.waltz.schema.tables.StaticPanel",
      "event": "call",
      "id": 20,
      "lineno": 174,
      "method_id": "fieldsRow",
      "path": "org/finos/waltz/schema/tables/StaticPanel.java",
      "receiver": {
        "class": "org.finos.waltz.schema.tables.StaticPanel",
        "object_id": 796766811,
        "value": "\"static_panel\""
      },
      "static": false,
      "thread_id": 39
    },
    {
      "elapsed": 0.0000041,
      "event": "return",
      "id": 21,
      "parent_id": 20,
      "return_value": {
        "class": "org.jooq.impl.RowImpl",
        "object_id": 1941169903,
        "value": "(\"static_panel\".\"id\", \"static_panel\".\"group\", \"static_panel\".\"title\", \"static_panel\".\"icon\", \"static_panel\".\"priority\", \"static_panel\".\"width\", \"static_panel\".\"encoding\", \"static_panel\".\"content\")"
      },
      "thread_id": 39
    },
    {
      "defined_class": "org.finos.waltz.model.staticpanel.ImmutableStaticPanel",
      "event": "call",
      "id": 22,
      "lineno": 539,
      "method_id": "builder",
      "path": "org/finos/waltz/model/staticpanel/ImmutableStaticPanel.java",
      "static": true,
      "thread_id": 39
    },
    {
      "elapsed": 0.0000395,
      "event": "return",
      "id": 23,
      "parent_id": 22,
      "return_value": {
        "class": "org.finos.waltz.model.staticpanel.ImmutableStaticPanel$Builder",
        "object_id": 1479120541,
        "value": "org.finos.waltz.model.staticpanel.ImmutableStaticPanel$Builder@5829969d"
      },
      "thread_id": 39
    },
    {
      "defined_class": "org.finos.waltz.model.staticpanel.ImmutableStaticPanel$Builder",
      "event": "call",
      "id": 24,
      "lineno": 624,
      "method_id": "id",
      "parameters": [
        {
          "class": "java.lang.Long",
          "kind": "req",
          "name": "id",
          "object_id": 1249143182,
          "value": "4"
        }
      ],
      "path": "org/finos/waltz/model/staticpanel/ImmutableStaticPanel.java",
      "receiver": {
        "class": "org.finos.waltz.model.staticpanel.ImmutableStaticPanel$Builder",
        "object_id": 1479120541,
        "value": "org.finos.waltz.model.staticpanel.ImmutableStaticPanel$Builder@5829969d"
      },
      "static": false,
      "thread_id": 39
    },
    {
      "elapsed": 0.0000074,
      "event": "return",
      "id": 25,
      "parent_id": 24,
      "return_value": {
        "class": "org.finos.waltz.model.staticpanel.ImmutableStaticPanel$Builder",
        "object_id": 1479120541,
        "value": "org.finos.waltz.model.staticpanel.ImmutableStaticPanel$Builder@5829969d"
      },
      "thread_id": 39
    },
    {
      "defined_class": "org.finos.waltz.model.staticpanel.ImmutableStaticPanel$Builder",
      "event": "call",
      "id": 26,
      "lineno": 680,
      "method_id": "content",
      "parameters": [
        {
          "class": "java.lang.String",
          "kind": "req",
          "name": "content",
          "object_id": 948251080,
          "value": "This is a demo instance of Waltz. It is based on the **1.47** Release of Waltz (Jan 2023)\n\nFor more information checkout out [Github page](https://github.com/finos/waltz)\n\nSee the [Introducing Waltz](https://waltz.finos.org/blog/waltz/2021/02/03/waltz-1-30.html) introductory screencast."
        }
      ],
      "path": "org/finos/waltz/model/staticpanel/ImmutableStaticPanel.java",
      "receiver": {
        "class": "org.finos.waltz.model.staticpanel.ImmutableStaticPanel$Builder",
        "object_id": 1479120541,
        "value": "org.finos.waltz.model.staticpanel.ImmutableStaticPanel$Builder@5829969d"
      },
      "static": false,
      "thread_id": 39
    },
    {
      "elapsed": 0.0001035,
      "event": "return",
      "id": 27,
      "parent_id": 26,
      "return_value": {
        "class": "org.finos.waltz.model.staticpanel.ImmutableStaticPanel$Builder",
        "object_id": 1479120541,
        "value": "org.finos.waltz.model.staticpanel.ImmutableStaticPanel$Builder@5829969d"
      },
      "thread_id": 39
    },
    {
      "defined_class": "org.finos.waltz.model.staticpanel.ImmutableStaticPanel$Builder",
      "event": "call",
      "id": 28,
      "lineno": 668,
      "method_id": "group",
      "parameters": [
        {
          "class": "java.lang.String",
          "kind": "req",
          "name": "group",
          "object_id": 244018220,
          "value": "NEWS"
        }
      ],
      "path": "org/finos/waltz/model/staticpanel/ImmutableStaticPanel.java",
      "receiver": {
        "class": "org.finos.waltz.model.staticpanel.ImmutableStaticPanel$Builder",
        "object_id": 1479120541,
        "value": "org.finos.waltz.model.staticpanel.ImmutableStaticPanel$Builder@5829969d"
      },
      "static": false,
      "thread_id": 39
    },
    {
      "elapsed": 0.0000033,
      "event": "return",
      "id": 29,
      "parent_id": 28,
      "return_value": {
        "class": "org.finos.waltz.model.staticpanel.ImmutableStaticPanel$Builder",
        "object_id": 1479120541,
        "value": "org.finos.waltz.model.staticpanel.ImmutableStaticPanel$Builder@5829969d"
      },
      "thread_id": 39
    },
    {
      "defined_class": "org.finos.waltz.model.staticpanel.ImmutableStaticPanel$Builder",
      "event": "call",
      "id": 30,
      "lineno": 657,
      "method_id": "icon",
      "parameters": [
        {
          "class": "java.lang.String",
          "kind": "req",
          "name": "icon",
          "object_id": 1659070348,
          "value": "bolt"
        }
      ],
      "path": "org/finos/waltz/model/staticpanel/ImmutableStaticPanel.java",
      "receiver": {
        "class": "org.finos.waltz.model.staticpanel.ImmutableStaticPanel$Builder",
        "object_id": 1479120541,
        "value": "org.finos.waltz.model.staticpanel.ImmutableStaticPanel$Builder@5829969d"
      },
      "static": false,
      "thread_id": 39
    },
    {
      "elapsed": 0.0000137,
      "event": "return",
      "id": 31,
      "parent_id": 30,
      "return_value": {
        "class": "org.finos.waltz.model.staticpanel.ImmutableStaticPanel$Builder",
        "object_id": 1479120541,
        "value": "org.finos.waltz.model.staticpanel.ImmutableStaticPanel$Builder@5829969d"
      },
      "thread_id": 39
    },
    {
      "defined_class": "org.finos.waltz.model.staticpanel.ContentKind",
      "event": "call",
      "id": 32,
      "lineno": 21,
      "method_id": "valueOf",
      "parameters": [
        {
          "class": "java.lang.String",
          "kind": "req",
          "name": "name",
          "object_id": 1995081779,
          "value": "HTML"
        }
      ],
      "path": "waltz-model/src/main/java/org/finos/waltz/model/staticpanel/ContentKind.java",
      "static": true,
      "thread_id": 39
    },
    {
      "elapsed": 0.0000031,
      "event": "return",
      "id": 33,
      "parent_id": 32,
      "return_value": {
        "class": "org.finos.waltz.model.staticpanel.ContentKind",
        "object_id": 588950993,
        "value": "HTML"
      },
      "thread_id": 39
    },
    {
      "defined_class": "org.finos.waltz.model.staticpanel.ImmutableStaticPanel$Builder",
      "event": "call",
      "id": 34,
      "lineno": 718,
      "method_id": "encoding",
      "parameters": [
        {
          "class": "org.finos.waltz.model.staticpanel.ContentKind",
          "kind": "req",
          "name": "encoding",
          "object_id": 588950993,
          "value": "HTML"
        }
      ],
      "path": "org/finos/waltz/model/staticpanel/ImmutableStaticPanel.java",
      "receiver": {
        "class": "org.finos.waltz.model.staticpanel.ImmutableStaticPanel$Builder",
        "object_id": 1479120541,
        "value": "org.finos.waltz.model.staticpanel.ImmutableStaticPanel$Builder@5829969d"
      },
      "static": false,
      "thread_id": 39
    },
    {
      "elapsed": 0.0000017,
      "event": "return",
      "id": 35,
      "parent_id": 34,
      "return_value": {
        "class": "org.finos.waltz.model.staticpanel.ImmutableStaticPanel$Builder",
        "object_id": 1479120541,
        "value": "org.finos.waltz.model.staticpanel.ImmutableStaticPanel$Builder@5829969d"
      },
      "thread_id": 39
    },
    {
      "defined_class": "org.finos.waltz.model.staticpanel.ImmutableStaticPanel$Builder",
      "event": "call",
      "id": 36,
      "lineno": 646,
      "method_id": "title",
      "parameters": [
        {
          "class": "java.lang.String",
          "kind": "req",
          "name": "title",
          "object_id": 1739600975,
          "value": "News"
        }
      ],
      "path": "org/finos/waltz/model/staticpanel/ImmutableStaticPanel.java",
      "receiver": {
        "class": "org.finos.waltz.model.staticpanel.ImmutableStaticPanel$Builder",
        "object_id": 1479120541,
        "value": "org.finos.waltz.model.staticpanel.ImmutableStaticPanel$Builder@5829969d"
      },
      "static": false,
      "thread_id": 39
    },
    {
      "elapsed": 0.0000012,
      "event": "return",
      "id": 37,
      "parent_id": 36,
      "return_value": {
        "class": "org.finos.waltz.model.staticpanel.ImmutableStaticPanel$Builder",
        "object_id": 1479120541,
        "value": "org.finos.waltz.model.staticpanel.ImmutableStaticPanel$Builder@5829969d"
      },
      "thread_id": 39
    },
    {
      "defined_class": "org.finos.waltz.model.staticpanel.ImmutableStaticPanel$Builder",
      "event": "call",
      "id": 38,
      "lineno": 692,
      "method_id": "priority",
      "parameters": [
        {
          "class": "java.lang.Integer",
          "kind": "req",
          "name": "priority",
          "object_id": 359580915,
          "value": "0"
        }
      ],
      "path": "org/finos/waltz/model/staticpanel/ImmutableStaticPanel.java",
      "receiver": {
        "class": "org.finos.waltz.model.staticpanel.ImmutableStaticPanel$Builder",
        "object_id": 1479120541,
        "value": "org.finos.waltz.model.staticpanel.ImmutableStaticPanel$Builder@5829969d"
      },
      "static": false,
      "thread_id": 39
    },
    {
      "elapsed": 0.0000025,
      "event": "return",
      "id": 39,
      "parent_id": 38,
      "return_value": {
        "class": "org.finos.waltz.model.staticpanel.ImmutableStaticPanel$Builder",
        "object_id": 1479120541,
        "value": "org.finos.waltz.model.staticpanel.ImmutableStaticPanel$Builder@5829969d"
      },
      "thread_id": 39
    },
    {
      "defined_class": "org.finos.waltz.model.staticpanel.ImmutableStaticPanel$Builder",
      "event": "call",
      "id": 40,
      "lineno": 705,
      "method_id": "width",
      "parameters": [
        {
          "class": "java.lang.Integer",
          "kind": "req",
          "name": "width",
          "object_id": 1462177176,
          "value": "12"
        }
      ],
      "path": "org/finos/waltz/model/staticpanel/ImmutableStaticPanel.java",
      "receiver": {
        "class": "org.finos.waltz.model.staticpanel.ImmutableStaticPanel$Builder",
        "object_id": 1479120541,
        "value": "org.finos.waltz.model.staticpanel.ImmutableStaticPanel$Builder@5829969d"
      },
      "static": false,
      "thread_id": 39
    },
    {
      "elapsed": 0.0000012,
      "event": "return",
      "id": 41,
      "parent_id": 40,
      "return_value": {
        "class": "org.finos.waltz.model.staticpanel.ImmutableStaticPanel$Builder",
        "object_id": 1479120541,
        "value": "org.finos.waltz.model.staticpanel.ImmutableStaticPanel$Builder@5829969d"
      },
      "thread_id": 39
    },
    {
      "defined_class": "org.finos.waltz.model.staticpanel.ImmutableStaticPanel$Builder",
      "event": "call",
      "id": 42,
      "lineno": 728,
      "method_id": "build",
      "path": "org/finos/waltz/model/staticpanel/ImmutableStaticPanel.java",
      "receiver": {
        "class": "org.finos.waltz.model.staticpanel.ImmutableStaticPanel$Builder",
        "object_id": 1479120541,
        "value": "org.finos.waltz.model.staticpanel.ImmutableStaticPanel$Builder@5829969d"
      },
      "static": false,
      "thread_id": 39
    },
    {
      "defined_class": "org.finos.waltz.model.staticpanel.ImmutableStaticPanel$Builder",
      "event": "call",
      "id": 43,
      "lineno": 735,
      "method_id": "widthIsSet",
      "path": "org/finos/waltz/model/staticpanel/ImmutableStaticPanel.java",
      "receiver": {
        "class": "org.finos.waltz.model.staticpanel.ImmutableStaticPanel$Builder",
        "object_id": 1479120541,
        "value": "org.finos.waltz.model.staticpanel.ImmutableStaticPanel$Builder@5829969d"
      },
      "static": false,
      "thread_id": 39
    },
    {
      "elapsed": 0.0000014,
      "event": "return",
      "id": 44,
      "parent_id": 43,
      "return_value": {
        "class": "java.lang.Boolean",
        "object_id": 371479230,
        "value": "true"
      },
      "thread_id": 39
    },
    {
      "defined_class": "org.finos.waltz.model.staticpanel.ImmutableStaticPanel$InitShim",
      "event": "call",
      "id": 45,
      "lineno": 93,
      "method_id": "width",
      "parameters": [
        {
          "class": "java.lang.Integer",
          "kind": "req",
          "name": "width",
          "object_id": 1462177176,
          "value": "12"
        }
      ],
      "path": "org/finos/waltz/model/staticpanel/ImmutableStaticPanel.java",
      "receiver": {
        "class": "org.finos.waltz.model.staticpanel.ImmutableStaticPanel$InitShim",
        "object_id": 848289433,
        "value": "org.finos.waltz.model.staticpanel.ImmutableStaticPanel$InitShim@328fde99"
      },
      "static": false,
      "thread_id": 39
    },
    {
      "elapsed": 0.0000012,
      "event": "return",
      "id": 46,
      "parent_id": 45,
      "thread_id": 39
    },
    {
      "defined_class": "org.finos.waltz.model.staticpanel.ImmutableStaticPanel$InitShim",
      "event": "call",
      "id": 47,
      "lineno": 111,
      "method_id": "encoding",
      "parameters": [
        {
          "class": "org.finos.waltz.model.staticpanel.ContentKind",
          "kind": "req",
          "name": "encoding",
          "object_id": 588950993,
          "value": "HTML"
        }
      ],
      "path": "org/finos/waltz/model/staticpanel/ImmutableStaticPanel.java",
      "receiver": {
        "class": "org.finos.waltz.model.staticpanel.ImmutableStaticPanel$InitShim",
        "object_id": 848289433,
        "value": "org.finos.waltz.model.staticpanel.ImmutableStaticPanel$InitShim@328fde99"
      },
      "static": false,
      "thread_id": 39
    },
    {
      "elapsed": 0.0000021,
      "event": "return",
      "id": 48,
      "parent_id": 47,
      "thread_id": 39
    },
    {
      "defined_class": "org.finos.waltz.model.staticpanel.ImmutableStaticPanel$InitShim",
      "event": "call",
      "id": 49,
      "lineno": 83,
      "method_id": "width",
      "path": "org/finos/waltz/model/staticpanel/ImmutableStaticPanel.java",
      "receiver": {
        "class": "org.finos.waltz.model.staticpanel.ImmutableStaticPanel$InitShim",
        "object_id": 848289433,
        "value": "org.finos.waltz.model.staticpanel.ImmutableStaticPanel$InitShim@328fde99"
      },
      "static": false,
      "thread_id": 39
    },
    {
      "elapsed": 9e-7,
      "event": "return",
      "id": 50,
      "parent_id": 49,
      "return_value": {
        "class": "java.lang.Integer",
        "object_id": 1462177176,
        "value": "12"
      },
      "thread_id": 39
    },
    {
      "defined_class": "org.finos.waltz.model.staticpanel.ImmutableStaticPanel$InitShim",
      "event": "call",
      "id": 51,
      "lineno": 101,
      "method_id": "encoding",
      "path": "org/finos/waltz/model/staticpanel/ImmutableStaticPanel.java",
      "receiver": {
        "class": "org.finos.waltz.model.staticpanel.ImmutableStaticPanel$InitShim",
        "object_id": 848289433,
        "value": "org.finos.waltz.model.staticpanel.ImmutableStaticPanel$InitShim@328fde99"
      },
      "static": false,
      "thread_id": 39
    },
    {
      "elapsed": 0.000001,
      "event": "return",
      "id": 52,
      "parent_id": 51,
      "return_value": {
        "class": "org.finos.waltz.model.staticpanel.ContentKind",
        "object_id": 588950993,
        "value": "HTML"
      },
      "thread_id": 39
    },
    {
      "elapsed": 0.0000152,
      "event": "return",
      "id": 53,
      "parent_id": 42,
      "return_value": {
        "class": "org.finos.waltz.model.staticpanel.ImmutableStaticPanel",
        "object_id": 1260982339,
        "value": "StaticPanel{id=4, title=News, icon=bolt, group=NEWS, content=This is a demo instance of Waltz. It is based on the **1.47** Release of Waltz (Jan 2023)\n\nFor more information checkout out [Github page](https://github.com/finos/waltz)\n\nSee the [Introducing Waltz](https://waltz.finos.org/blog/waltz/2021/02/03/waltz-1-30.html) introductory screencast., priority=0, width=12, encoding=HTML}"
      },
      "thread_id": 39
    },
    {
      "defined_class": "org.finos.waltz.schema.tables.StaticPanel",
      "event": "call",
      "id": 54,
      "lineno": 174,
      "method_id": "fieldsRow",
      "path": "org/finos/waltz/schema/tables/StaticPanel.java",
      "receiver": {
        "class": "org.finos.waltz.schema.tables.StaticPanel",
        "object_id": 796766811,
        "value": "\"static_panel\""
      },
      "static": false,
      "thread_id": 39
    },
    {
      "elapsed": 0.0000043,
      "event": "return",
      "id": 55,
      "parent_id": 54,
      "return_value": {
        "class": "org.jooq.impl.RowImpl",
        "object_id": 1763750405,
        "value": "(\"static_panel\".\"id\", \"static_panel\".\"group\", \"static_panel\".\"title\", \"static_panel\".\"icon\", \"static_panel\".\"priority\", \"static_panel\".\"width\", \"static_panel\".\"encoding\", \"static_panel\".\"content\")"
      },
      "thread_id": 39
    },
    {
      "defined_class": "org.finos.waltz.schema.tables.StaticPanel",
      "event": "call",
      "id": 56,
      "lineno": 174,
      "method_id": "fieldsRow",
      "path": "org/finos/waltz/schema/tables/StaticPanel.java",
      "receiver": {
        "class": "org.finos.waltz.schema.tables.StaticPanel",
        "object_id": 796766811,
        "value": "\"static_panel\""
      },
      "static": false,
      "thread_id": 39
    },
    {
      "elapsed": 0.0000056,
      "event": "return",
      "id": 57,
      "parent_id": 56,
      "return_value": {
        "class": "org.jooq.impl.RowImpl",
        "object_id": 265609506,
        "value": "(\"static_panel\".\"id\", \"static_panel\".\"group\", \"static_panel\".\"title\", \"static_panel\".\"icon\", \"static_panel\".\"priority\", \"static_panel\".\"width\", \"static_panel\".\"encoding\", \"static_panel\".\"content\")"
      },
      "thread_id": 39
    },
    {
      "defined_class": "org.finos.waltz.schema.tables.StaticPanel",
      "event": "call",
      "id": 58,
      "lineno": 174,
      "method_id": "fieldsRow",
      "path": "org/finos/waltz/schema/tables/StaticPanel.java",
      "receiver": {
        "class": "org.finos.waltz.schema.tables.StaticPanel",
        "object_id": 796766811,
        "value": "\"static_panel\""
      },
      "static": false,
      "thread_id": 39
    },
    {
      "elapsed": 0.0000121,
      "event": "return",
      "id": 59,
      "parent_id": 58,
      "return_value": {
        "class": "org.jooq.impl.RowImpl",
        "object_id": 1130601815,
        "value": "(\"static_panel\".\"id\", \"static_panel\".\"group\", \"static_panel\".\"title\", \"static_panel\".\"icon\", \"static_panel\".\"priority\", \"static_panel\".\"width\", \"static_panel\".\"encoding\", \"static_panel\".\"content\")"
      },
      "thread_id": 39
    },
    {
      "defined_class": "org.finos.waltz.model.staticpanel.ImmutableStaticPanel",
      "event": "call",
      "id": 60,
      "lineno": 539,
      "method_id": "builder",
      "path": "org/finos/waltz/model/staticpanel/ImmutableStaticPanel.java",
      "static": true,
      "thread_id": 39
    },
    {
      "elapsed": 0.0000036,
      "event": "return",
      "id": 61,
      "parent_id": 60,
      "return_value": {
        "class": "org.finos.waltz.model.staticpanel.ImmutableStaticPanel$Builder",
        "object_id": 1078670960,
        "value": "org.finos.waltz.model.staticpanel.ImmutableStaticPanel$Builder@404b3670"
      },
      "thread_id": 39
    },
    {
      "defined_class": "org.finos.waltz.model.staticpanel.ImmutableStaticPanel$Builder",
      "event": "call",
      "id": 62,
      "lineno": 624,
      "method_id": "id",
      "parameters": [
        {
          "class": "java.lang.Long",
          "kind": "req",
          "name": "id",
          "object_id": 1286182816,
          "value": "6"
        }
      ],
      "path": "org/finos/waltz/model/staticpanel/ImmutableStaticPanel.java",
      "receiver": {
        "class": "org.finos.waltz.model.staticpanel.ImmutableStaticPanel$Builder",
        "object_id": 1078670960,
        "value": "org.finos.waltz.model.staticpanel.ImmutableStaticPanel$Builder@404b3670"
      },
      "static": false,
      "thread_id": 39
    },
    {
      "elapsed": 0.0000017,
      "event": "return",
      "id": 63,
      "parent_id": 62,
      "return_value": {
        "class": "org.finos.waltz.model.staticpanel.ImmutableStaticPanel$Builder",
        "object_id": 1078670960,
        "value": "org.finos.waltz.model.staticpanel.ImmutableStaticPanel$Builder@404b3670"
      },
      "thread_id": 39
    },
    {
      "defined_class": "org.finos.waltz.model.staticpanel.ImmutableStaticPanel$Builder",
      "event": "call",
      "id": 64,
      "lineno": 680,
      "method_id": "content",
      "parameters": [
        {
          "class": "java.lang.String",
          "kind": "req",
          "name": "content",
          "object_id": 748094694,
          "value": "Recent highlights:\n  - Report Grid enhancements\n  - Overlay diagram \n\nSee the [release notes](https://github.com/finos/waltz/releases/tag/1.47) for more info."
        }
      ],
      "path": "org/finos/waltz/model/staticpanel/ImmutableStaticPanel.java",
      "receiver": {
        "class": "org.finos.waltz.model.staticpanel.ImmutableStaticPanel$Builder",
        "object_id": 1078670960,
        "value": "org.finos.waltz.model.staticpanel.ImmutableStaticPanel$Builder@404b3670"
      },
      "static": false,
      "thread_id": 39
    },
    {
      "elapsed": 0.0000143,
      "event": "return",
      "id": 65,
      "parent_id": 64,
      "return_value": {
        "class": "org.finos.waltz.model.staticpanel.ImmutableStaticPanel$Builder",
        "object_id": 1078670960,
        "value": "org.finos.waltz.model.staticpanel.ImmutableStaticPanel$Builder@404b3670"
      },
      "thread_id": 39
    },
    {
      "defined_class": "org.finos.waltz.model.staticpanel.ImmutableStaticPanel$Builder",
      "event": "call",
      "id": 66,
      "lineno": 668,
      "method_id": "group",
      "parameters": [
        {
          "class": "java.lang.String",
          "kind": "req",
          "name": "group",
          "object_id": 73547175,
          "value": "NEWS"
        }
      ],
      "path": "org/finos/waltz/model/staticpanel/ImmutableStaticPanel.java",
      "receiver": {
        "class": "org.finos.waltz.model.staticpanel.ImmutableStaticPanel$Builder",
        "object_id": 1078670960,
        "value": "org.finos.waltz.model.staticpanel.ImmutableStaticPanel$Builder@404b3670"
      },
      "static": false,
      "thread_id": 39
    },
    {
      "elapsed": 0.0000031,
      "event": "return",
      "id": 67,
      "parent_id": 66,
      "return_value": {
        "class": "org.finos.waltz.model.staticpanel.ImmutableStaticPanel$Builder",
        "object_id": 1078670960,
        "value": "org.finos.waltz.model.staticpanel.ImmutableStaticPanel$Builder@404b3670"
      },
      "thread_id": 39
    },
    {
      "defined_class": "org.finos.waltz.model.staticpanel.ImmutableStaticPanel$Builder",
      "event": "call",
      "id": 68,
      "lineno": 657,
      "method_id": "icon",
      "parameters": [
        {
          "class": "java.lang.String",
          "kind": "req",
          "name": "icon",
          "object_id": 1538556249,
          "value": "cog"
        }
      ],
      "path": "org/finos/waltz/model/staticpanel/ImmutableStaticPanel.java",
      "receiver": {
        "class": "org.finos.waltz.model.staticpanel.ImmutableStaticPanel$Builder",
        "object_id": 1078670960,
        "value": "org.finos.waltz.model.staticpanel.ImmutableStaticPanel$Builder@404b3670"
      },
      "static": false,
      "thread_id": 39
    },
    {
      "elapsed": 0.0000017,
      "event": "return",
      "id": 69,
      "parent_id": 68,
      "return_value": {
        "class": "org.finos.waltz.model.staticpanel.ImmutableStaticPanel$Builder",
        "object_id": 1078670960,
        "value": "org.finos.waltz.model.staticpanel.ImmutableStaticPanel$Builder@404b3670"
      },
      "thread_id": 39
    },
    {
      "defined_class": "org.finos.waltz.model.staticpanel.ContentKind",
      "event": "call",
      "id": 70,
      "lineno": 21,
      "method_id": "valueOf",
      "parameters": [
        {
          "class": "java.lang.String",
          "kind": "req",
          "name": "name",
          "object_id": 1121309929,
          "value": "HTML"
        }
      ],
      "path": "waltz-model/src/main/java/org/finos/waltz/model/staticpanel/ContentKind.java",
      "static": true,
      "thread_id": 39
    },
    {
      "elapsed": 0.0000023,
      "event": "return",
      "id": 71,
      "parent_id": 70,
      "return_value": {
        "class": "org.finos.waltz.model.staticpanel.ContentKind",
        "object_id": 588950993,
        "value": "HTML"
      },
      "thread_id": 39
    },
    {
      "defined_class": "org.finos.waltz.model.staticpanel.ImmutableStaticPanel$Builder",
      "event": "call",
      "id": 72,
      "lineno": 718,
      "method_id": "encoding",
      "parameters": [
        {
          "class": "org.finos.waltz.model.staticpanel.ContentKind",
          "kind": "req",
          "name": "encoding",
          "object_id": 588950993,
          "value": "HTML"
        }
      ],
      "path": "org/finos/waltz/model/staticpanel/ImmutableStaticPanel.java",
      "receiver": {
        "class": "org.finos.waltz.model.staticpanel.ImmutableStaticPanel$Builder",
        "object_id": 1078670960,
        "value": "org.finos.waltz.model.staticpanel.ImmutableStaticPanel$Builder@404b3670"
      },
      "static": false,
      "thread_id": 39
    },
    {
      "elapsed": 0.000002,
      "event": "return",
      "id": 73,
      "parent_id": 72,
      "return_value": {
        "class": "org.finos.waltz.model.staticpanel.ImmutableStaticPanel$Builder",
        "object_id": 1078670960,
        "value": "org.finos.waltz.model.staticpanel.ImmutableStaticPanel$Builder@404b3670"
      },
      "thread_id": 39
    },
    {
      "defined_class": "org.finos.waltz.model.staticpanel.ImmutableStaticPanel$Builder",
      "event": "call",
      "id": 74,
      "lineno": 646,
      "method_id": "title",
      "parameters": [
        {
          "class": "java.lang.String",
          "kind": "req",
          "name": "title",
          "object_id": 1450268769,
          "value": "More News"
        }
      ],
      "path": "org/finos/waltz/model/staticpanel/ImmutableStaticPanel.java",
      "receiver": {
        "class": "org.finos.waltz.model.staticpanel.ImmutableStaticPanel$Builder",
        "object_id": 1078670960,
        "value": "org.finos.waltz.model.staticpanel.ImmutableStaticPanel$Builder@404b3670"
      },
      "static": false,
      "thread_id": 39
    },
    {
      "elapsed": 0.0000019,
      "event": "return",
      "id": 75,
      "parent_id": 74,
      "return_value": {
        "class": "org.finos.waltz.model.staticpanel.ImmutableStaticPanel$Builder",
        "object_id": 1078670960,
        "value": "org.finos.waltz.model.staticpanel.ImmutableStaticPanel$Builder@404b3670"
      },
      "thread_id": 39
    },
    {
      "defined_class": "org.finos.waltz.model.staticpanel.ImmutableStaticPanel$Builder",
      "event": "call",
      "id": 76,
      "lineno": 692,
      "method_id": "priority",
      "parameters": [
        {
          "class": "java.lang.Integer",
          "kind": "req",
          "name": "priority",
          "object_id": 1220839829,
          "value": "1"
        }
      ],
      "path": "org/finos/waltz/model/staticpanel/ImmutableStaticPanel.java",
      "receiver": {
        "class": "org.finos.waltz.model.staticpanel.ImmutableStaticPanel$Builder",
        "object_id": 1078670960,
        "value": "org.finos.waltz.model.staticpanel.ImmutableStaticPanel$Builder@404b3670"
      },
      "static": false,
      "thread_id": 39
    },
    {
      "elapsed": 0.0000021,
      "event": "return",
      "id": 77,
      "parent_id": 76,
      "return_value": {
        "class": "org.finos.waltz.model.staticpanel.ImmutableStaticPanel$Builder",
        "object_id": 1078670960,
        "value": "org.finos.waltz.model.staticpanel.ImmutableStaticPanel$Builder@404b3670"
      },
      "thread_id": 39
    },
    {
      "defined_class": "org.finos.waltz.model.staticpanel.ImmutableStaticPanel$Builder",
      "event": "call",
      "id": 78,
      "lineno": 705,
      "method_id": "width",
      "parameters": [
        {
          "class": "java.lang.Integer",
          "kind": "req",
          "name": "width",
          "object_id": 1462177176,
          "value": "12"
        }
      ],
      "path": "org/finos/waltz/model/staticpanel/ImmutableStaticPanel.java",
      "receiver": {
        "class": "org.finos.waltz.model.staticpanel.ImmutableStaticPanel$Builder",
        "object_id": 1078670960,
        "value": "org.finos.waltz.model.staticpanel.ImmutableStaticPanel$Builder@404b3670"
      },
      "static": false,
      "thread_id": 39
    },
    {
      "elapsed": 0.0000019,
      "event": "return",
      "id": 79,
      "parent_id": 78,
      "return_value": {
        "class": "org.finos.waltz.model.staticpanel.ImmutableStaticPanel$Builder",
        "object_id": 1078670960,
        "value": "org.finos.waltz.model.staticpanel.ImmutableStaticPanel$Builder@404b3670"
      },
      "thread_id": 39
    },
    {
      "defined_class": "org.finos.waltz.model.staticpanel.ImmutableStaticPanel$Builder",
      "event": "call",
      "id": 80,
      "lineno": 728,
      "method_id": "build",
      "path": "org/finos/waltz/model/staticpanel/ImmutableStaticPanel.java",
      "receiver": {
        "class": "org.finos.waltz.model.staticpanel.ImmutableStaticPanel$Builder",
        "object_id": 1078670960,
        "value": "org.finos.waltz.model.staticpanel.ImmutableStaticPanel$Builder@404b3670"
      },
      "static": false,
      "thread_id": 39
    },
    {
      "defined_class": "org.finos.waltz.model.staticpanel.ImmutableStaticPanel$Builder",
      "event": "call",
      "id": 81,
      "lineno": 735,
      "method_id": "widthIsSet",
      "path": "org/finos/waltz/model/staticpanel/ImmutableStaticPanel.java",
      "receiver": {
        "class": "org.finos.waltz.model.staticpanel.ImmutableStaticPanel$Builder",
        "object_id": 1078670960,
        "value": "org.finos.waltz.model.staticpanel.ImmutableStaticPanel$Builder@404b3670"
      },
      "static": false,
      "thread_id": 39
    },
    {
      "elapsed": 0.0000066,
      "event": "return",
      "id": 82,
      "parent_id": 81,
      "return_value": {
        "class": "java.lang.Boolean",
        "object_id": 371479230,
        "value": "true"
      },
      "thread_id": 39
    },
    {
      "defined_class": "org.finos.waltz.model.staticpanel.ImmutableStaticPanel$InitShim",
      "event": "call",
      "id": 83,
      "lineno": 93,
      "method_id": "width",
      "parameters": [
        {
          "class": "java.lang.Integer",
          "kind": "req",
          "name": "width",
          "object_id": 1462177176,
          "value": "12"
        }
      ],
      "path": "org/finos/waltz/model/staticpanel/ImmutableStaticPanel.java",
      "receiver": {
        "class": "org.finos.waltz.model.staticpanel.ImmutableStaticPanel$InitShim",
        "object_id": 1131141133,
        "value": "org.finos.waltz.model.staticpanel.ImmutableStaticPanel$InitShim@436bd80d"
      },
      "static": false,
      "thread_id": 39
    },
    {
      "elapsed": 0.000002,
      "event": "return",
      "id": 84,
      "parent_id": 83,
      "thread_id": 39
    },
    {
      "defined_class": "org.finos.waltz.model.staticpanel.ImmutableStaticPanel$InitShim",
      "event": "call",
      "id": 85,
      "lineno": 111,
      "method_id": "encoding",
      "parameters": [
        {
          "class": "org.finos.waltz.model.staticpanel.ContentKind",
          "kind": "req",
          "name": "encoding",
          "object_id": 588950993,
          "value": "HTML"
        }
      ],
      "path": "org/finos/waltz/model/staticpanel/ImmutableStaticPanel.java",
      "receiver": {
        "class": "org.finos.waltz.model.staticpanel.ImmutableStaticPanel$InitShim",
        "object_id": 1131141133,
        "value": "org.finos.waltz.model.staticpanel.ImmutableStaticPanel$InitShim@436bd80d"
      },
      "static": false,
      "thread_id": 39
    },
    {
      "elapsed": 0.000008,
      "event": "return",
      "id": 86,
      "parent_id": 85,
      "thread_id": 39
    },
    {
      "defined_class": "org.finos.waltz.model.staticpanel.ImmutableStaticPanel$InitShim",
      "event": "call",
      "id": 87,
      "lineno": 83,
      "method_id": "width",
      "path": "org/finos/waltz/model/staticpanel/ImmutableStaticPanel.java",
      "receiver": {
        "class": "org.finos.waltz.model.staticpanel.ImmutableStaticPanel$InitShim",
        "object_id": 1131141133,
        "value": "org.finos.waltz.model.staticpanel.ImmutableStaticPanel$InitShim@436bd80d"
      },
      "static": false,
      "thread_id": 39
    },
    {
      "elapsed": 0.0000017,
      "event": "return",
      "id": 88,
      "parent_id": 87,
      "return_value": {
        "class": "java.lang.Integer",
        "object_id": 1462177176,
        "value": "12"
      },
      "thread_id": 39
    },
    {
      "defined_class": "org.finos.waltz.model.staticpanel.ImmutableStaticPanel$InitShim",
      "event": "call",
      "id": 89,
      "lineno": 101,
      "method_id": "encoding",
      "path": "org/finos/waltz/model/staticpanel/ImmutableStaticPanel.java",
      "receiver": {
        "class": "org.finos.waltz.model.staticpanel.ImmutableStaticPanel$InitShim",
        "object_id": 1131141133,
        "value": "org.finos.waltz.model.staticpanel.ImmutableStaticPanel$InitShim@436bd80d"
      },
      "static": false,
      "thread_id": 39
    },
    {
      "elapsed": 0.0000047,
      "event": "return",
      "id": 90,
      "parent_id": 89,
      "return_value": {
        "class": "org.finos.waltz.model.staticpanel.ContentKind",
        "object_id": 588950993,
        "value": "HTML"
      },
      "thread_id": 39
    },
    {
      "elapsed": 0.0000476,
      "event": "return",
      "id": 91,
      "parent_id": 80,
      "return_value": {
        "class": "org.finos.waltz.model.staticpanel.ImmutableStaticPanel",
        "object_id": 1017788272,
        "value": "StaticPanel{id=6, title=More News, icon=cog, group=NEWS, content=Recent highlights:\n  - Report Grid enhancements\n  - Overlay diagram \n\nSee the [release notes](https://github.com/finos/waltz/releases/tag/1.47) for more info., priority=1, width=12, encoding=HTML}"
      },
      "thread_id": 39
    },
    {
      "elapsed": 0.0013392,
      "event": "return",
      "id": 92,
      "parent_id": 7,
      "return_value": {
        "class": "java.util.ArrayList",
        "object_id": 1345638032,
        "value": "[StaticPanel{id=4, title=News, icon=bolt, group=NEWS, content=This is a demo instance of Waltz. It is based on the **1.47** Release of Waltz (Jan 2023)\n\nFor more information checkout out [Github page](https://github.com/finos/waltz)\n\nSee the [Introducing Waltz](https://waltz.finos.org/blog/waltz/2021/02/03/waltz-1-30.html) introductory screencast., priority=0, width=12, encoding=HTML}, StaticPanel{id=6, title=More News, icon=cog, group=NEWS, content=Recent highlights:\n  - Report Grid enhancements\n  - Overlay diagram \n\nSee the [release notes](https://github.com/finos/waltz/releases/tag/1.47) for more info., priority=1, width=12, encoding=HTML}]"
      },
      "thread_id": 39
    },
    {
      "elapsed": 0.0013952,
      "event": "return",
      "id": 93,
      "parent_id": 4,
      "return_value": {
        "class": "java.util.ArrayList",
        "object_id": 1345638032,
        "value": "[StaticPanel{id=4, title=News, icon=bolt, group=NEWS, content=This is a demo instance of Waltz. It is based on the **1.47** Release of Waltz (Jan 2023)\n\nFor more information checkout out [Github page](https://github.com/finos/waltz)\n\nSee the [Introducing Waltz](https://waltz.finos.org/blog/waltz/2021/02/03/waltz-1-30.html) introductory screencast., priority=0, width=12, encoding=HTML}, StaticPanel{id=6, title=More News, icon=cog, group=NEWS, content=Recent highlights:\n  - Report Grid enhancements\n  - Overlay diagram \n\nSee the [release notes](https://github.com/finos/waltz/releases/tag/1.47) for more info., priority=1, width=12, encoding=HTML}]"
      },
      "thread_id": 39
    },
    {
      "defined_class": "org.finos.waltz.model.staticpanel.ImmutableStaticPanel",
      "event": "call",
      "id": 94,
      "lineno": 129,
      "method_id": "id",
      "path": "org/finos/waltz/model/staticpanel/ImmutableStaticPanel.java",
      "receiver": {
        "class": "org.finos.waltz.model.staticpanel.ImmutableStaticPanel",
        "object_id": 1260982339,
        "value": "StaticPanel{id=4, title=News, icon=bolt, group=NEWS, content=This is a demo instance of Waltz. It is based on the **1.47** Release of Waltz (Jan 2023)\n\nFor more information checkout out [Github page](https://github.com/finos/waltz)\n\nSee the [Introducing Waltz](https://waltz.finos.org/blog/waltz/2021/02/03/waltz-1-30.html) introductory screencast., priority=0, width=12, encoding=HTML}"
      },
      "static": false,
      "thread_id": 39
    },
    {
      "elapsed": 0.0001281,
      "event": "return",
      "id": 95,
      "parent_id": 94,
      "return_value": {
        "class": "java.util.Optional",
        "object_id": 207234727,
        "value": "Optional[4]"
      },
      "thread_id": 39
    },
    {
      "defined_class": "org.finos.waltz.model.staticpanel.ImmutableStaticPanel",
      "event": "call",
      "id": 96,
      "lineno": 138,
      "method_id": "title",
      "path": "org/finos/waltz/model/staticpanel/ImmutableStaticPanel.java",
      "receiver": {
        "class": "org.finos.waltz.model.staticpanel.ImmutableStaticPanel",
        "object_id": 1260982339,
        "value": "StaticPanel{id=4, title=News, icon=bolt, group=NEWS, content=This is a demo instance of Waltz. It is based on the **1.47** Release of Waltz (Jan 2023)\n\nFor more information checkout out [Github page](https://github.com/finos/waltz)\n\nSee the [Introducing Waltz](https://waltz.finos.org/blog/waltz/2021/02/03/waltz-1-30.html) introductory screencast., priority=0, width=12, encoding=HTML}"
      },
      "static": false,
      "thread_id": 39
    },
    {
      "elapsed": 0.0000129,
      "event": "return",
      "id": 97,
      "parent_id": 96,
      "return_value": {
        "class": "java.lang.String",
        "object_id": 1739600975,
        "value": "News"
      },
      "thread_id": 39
    },
    {
      "defined_class": "org.finos.waltz.model.staticpanel.ImmutableStaticPanel",
      "event": "call",
      "id": 98,
      "lineno": 147,
      "method_id": "icon",
      "path": "org/finos/waltz/model/staticpanel/ImmutableStaticPanel.java",
      "receiver": {
        "class": "org.finos.waltz.model.staticpanel.ImmutableStaticPanel",
        "object_id": 1260982339,
        "value": "StaticPanel{id=4, title=News, icon=bolt, group=NEWS, content=This is a demo instance of Waltz. It is based on the **1.47** Release of Waltz (Jan 2023)\n\nFor more information checkout out [Github page](https://github.com/finos/waltz)\n\nSee the [Introducing Waltz](https://waltz.finos.org/blog/waltz/2021/02/03/waltz-1-30.html) introductory screencast., priority=0, width=12, encoding=HTML}"
      },
      "static": false,
      "thread_id": 39
    },
    {
      "elapsed": 0.0000112,
      "event": "return",
      "id": 99,
      "parent_id": 98,
      "return_value": {
        "class": "java.lang.String",
        "object_id": 1659070348,
        "value": "bolt"
      },
      "thread_id": 39
    },
    {
      "defined_class": "org.finos.waltz.model.staticpanel.ImmutableStaticPanel",
      "event": "call",
      "id": 100,
      "lineno": 156,
      "method_id": "group",
      "path": "org/finos/waltz/model/staticpanel/ImmutableStaticPanel.java",
      "receiver": {
        "class": "org.finos.waltz.model.staticpanel.ImmutableStaticPanel",
        "object_id": 1260982339,
        "value": "StaticPanel{id=4, title=News, icon=bolt, group=NEWS, content=This is a demo instance of Waltz. It is based on the **1.47** Release of Waltz (Jan 2023)\n\nFor more information checkout out [Github page](https://github.com/finos/waltz)\n\nSee the [Introducing Waltz](https://waltz.finos.org/blog/waltz/2021/02/03/waltz-1-30.html) introductory screencast., priority=0, width=12, encoding=HTML}"
      },
      "static": false,
      "thread_id": 39
    },
    {
      "elapsed": 0.0000176,
      "event": "return",
      "id": 101,
      "parent_id": 100,
      "return_value": {
        "class": "java.lang.String",
        "object_id": 244018220,
        "value": "NEWS"
      },
      "thread_id": 39
    },
    {
      "defined_class": "org.finos.waltz.model.staticpanel.ImmutableStaticPanel",
      "event": "call",
      "id": 102,
      "lineno": 165,
      "method_id": "content",
      "path": "org/finos/waltz/model/staticpanel/ImmutableStaticPanel.java",
      "receiver": {
        "class": "org.finos.waltz.model.staticpanel.ImmutableStaticPanel",
        "object_id": 1260982339,
        "value": "StaticPanel{id=4, title=News, icon=bolt, group=NEWS, content=This is a demo instance of Waltz. It is based on the **1.47** Release of Waltz (Jan 2023)\n\nFor more information checkout out [Github page](https://github.com/finos/waltz)\n\nSee the [Introducing Waltz](https://waltz.finos.org/blog/waltz/2021/02/03/waltz-1-30.html) introductory screencast., priority=0, width=12, encoding=HTML}"
      },
      "static": false,
      "thread_id": 39
    },
    {
      "elapsed": 0.000002,
      "event": "return",
      "id": 103,
      "parent_id": 102,
      "return_value": {
        "class": "java.lang.String",
        "object_id": 948251080,
        "value": "This is a demo instance of Waltz. It is based on the **1.47** Release of Waltz (Jan 2023)\n\nFor more information checkout out [Github page](https://github.com/finos/waltz)\n\nSee the [Introducing Waltz](https://waltz.finos.org/blog/waltz/2021/02/03/waltz-1-30.html) introductory screencast."
      },
      "thread_id": 39
    },
    {
      "defined_class": "org.finos.waltz.model.staticpanel.ImmutableStaticPanel",
      "event": "call",
      "id": 104,
      "lineno": 174,
      "method_id": "priority",
      "path": "org/finos/waltz/model/staticpanel/ImmutableStaticPanel.java",
      "receiver": {
        "class": "org.finos.waltz.model.staticpanel.ImmutableStaticPanel",
        "object_id": 1260982339,
        "value": "StaticPanel{id=4, title=News, icon=bolt, group=NEWS, content=This is a demo instance of Waltz. It is based on the **1.47** Release of Waltz (Jan 2023)\n\nFor more information checkout out [Github page](https://github.com/finos/waltz)\n\nSee the [Introducing Waltz](https://waltz.finos.org/blog/waltz/2021/02/03/waltz-1-30.html) introductory screencast., priority=0, width=12, encoding=HTML}"
      },
      "static": false,
      "thread_id": 39
    },
    {
      "elapsed": 0.0000082,
      "event": "return",
      "id": 105,
      "parent_id": 104,
      "return_value": {
        "class": "java.lang.Integer",
        "object_id": 359580915,
        "value": "0"
      },
      "thread_id": 39
    },
    {
      "defined_class": "org.finos.waltz.model.staticpanel.ImmutableStaticPanel",
      "event": "call",
      "id": 106,
      "lineno": 183,
      "method_id": "width",
      "path": "org/finos/waltz/model/staticpanel/ImmutableStaticPanel.java",
      "receiver": {
        "class": "org.finos.waltz.model.staticpanel.ImmutableStaticPanel",
        "object_id": 1260982339,
        "value": "StaticPanel{id=4, title=News, icon=bolt, group=NEWS, content=This is a demo instance of Waltz. It is based on the **1.47** Release of Waltz (Jan 2023)\n\nFor more information checkout out [Github page](https://github.com/finos/waltz)\n\nSee the [Introducing Waltz](https://waltz.finos.org/blog/waltz/2021/02/03/waltz-1-30.html) introductory screencast., priority=0, width=12, encoding=HTML}"
      },
      "static": false,
      "thread_id": 39
    },
    {
      "elapsed": 0.0000024,
      "event": "return",
      "id": 107,
      "parent_id": 106,
      "return_value": {
        "class": "java.lang.Integer",
        "object_id": 1462177176,
        "value": "12"
      },
      "thread_id": 39
    },
    {
      "defined_class": "org.finos.waltz.model.staticpanel.ImmutableStaticPanel",
      "event": "call",
      "id": 108,
      "lineno": 195,
      "method_id": "encoding",
      "path": "org/finos/waltz/model/staticpanel/ImmutableStaticPanel.java",
      "receiver": {
        "class": "org.finos.waltz.model.staticpanel.ImmutableStaticPanel",
        "object_id": 1260982339,
        "value": "StaticPanel{id=4, title=News, icon=bolt, group=NEWS, content=This is a demo instance of Waltz. It is based on the **1.47** Release of Waltz (Jan 2023)\n\nFor more information checkout out [Github page](https://github.com/finos/waltz)\n\nSee the [Introducing Waltz](https://waltz.finos.org/blog/waltz/2021/02/03/waltz-1-30.html) introductory screencast., priority=0, width=12, encoding=HTML}"
      },
      "static": false,
      "thread_id": 39
    },
    {
      "elapsed": 0.0000021,
      "event": "return",
      "id": 109,
      "parent_id": 108,
      "return_value": {
        "class": "org.finos.waltz.model.staticpanel.ContentKind",
        "object_id": 588950993,
        "value": "HTML"
      },
      "thread_id": 39
    },
    {
      "defined_class": "org.finos.waltz.model.staticpanel.ImmutableStaticPanel",
      "event": "call",
      "id": 110,
      "lineno": 129,
      "method_id": "id",
      "path": "org/finos/waltz/model/staticpanel/ImmutableStaticPanel.java",
      "receiver": {
        "class": "org.finos.waltz.model.staticpanel.ImmutableStaticPanel",
        "object_id": 1017788272,
        "value": "StaticPanel{id=6, title=More News, icon=cog, group=NEWS, content=Recent highlights:\n  - Report Grid enhancements\n  - Overlay diagram \n\nSee the [release notes](https://github.com/finos/waltz/releases/tag/1.47) for more info., priority=1, width=12, encoding=HTML}"
      },
      "static": false,
      "thread_id": 39
    },
    {
      "elapsed": 0.0000026,
      "event": "return",
      "id": 111,
      "parent_id": 110,
      "return_value": {
        "class": "java.util.Optional",
        "object_id": 292301969,
        "value": "Optional[6]"
      },
      "thread_id": 39
    },
    {
      "defined_class": "org.finos.waltz.model.staticpanel.ImmutableStaticPanel",
      "event": "call",
      "id": 112,
      "lineno": 138,
      "method_id": "title",
      "path": "org/finos/waltz/model/staticpanel/ImmutableStaticPanel.java",
      "receiver": {
        "class": "org.finos.waltz.model.staticpanel.ImmutableStaticPanel",
        "object_id": 1017788272,
        "value": "StaticPanel{id=6, title=More News, icon=cog, group=NEWS, content=Recent highlights:\n  - Report Grid enhancements\n  - Overlay diagram \n\nSee the [release notes](https://github.com/finos/waltz/releases/tag/1.47) for more info., priority=1, width=12, encoding=HTML}"
      },
      "static": false,
      "thread_id": 39
    },
    {
      "elapsed": 0.0000056,
      "event": "return",
      "id": 113,
      "parent_id": 112,
      "return_value": {
        "class": "java.lang.String",
        "object_id": 1450268769,
        "value": "More News"
      },
      "thread_id": 39
    },
    {
      "defined_class": "org.finos.waltz.model.staticpanel.ImmutableStaticPanel",
      "event": "call",
      "id": 114,
      "lineno": 147,
      "method_id": "icon",
      "path": "org/finos/waltz/model/staticpanel/ImmutableStaticPanel.java",
      "receiver": {
        "class": "org.finos.waltz.model.staticpanel.ImmutableStaticPanel",
        "object_id": 1017788272,
        "value": "StaticPanel{id=6, title=More News, icon=cog, group=NEWS, content=Recent highlights:\n  - Report Grid enhancements\n  - Overlay diagram \n\nSee the [release notes](https://github.com/finos/waltz/releases/tag/1.47) for more info., priority=1, width=12, encoding=HTML}"
      },
      "static": false,
      "thread_id": 39
    },
    {
      "elapsed": 0.0000022,
      "event": "return",
      "id": 115,
      "parent_id": 114,
      "return_value": {
        "class": "java.lang.String",
        "object_id": 1538556249,
        "value": "cog"
      },
      "thread_id": 39
    },
    {
      "defined_class": "org.finos.waltz.model.staticpanel.ImmutableStaticPanel",
      "event": "call",
      "id": 116,
      "lineno": 156,
      "method_id": "group",
      "path": "org/finos/waltz/model/staticpanel/ImmutableStaticPanel.java",
      "receiver": {
        "class": "org.finos.waltz.model.staticpanel.ImmutableStaticPanel",
        "object_id": 1017788272,
        "value": "StaticPanel{id=6, title=More News, icon=cog, group=NEWS, content=Recent highlights:\n  - Report Grid enhancements\n  - Overlay diagram \n\nSee the [release notes](https://github.com/finos/waltz/releases/tag/1.47) for more info., priority=1, width=12, encoding=HTML}"
      },
      "static": false,
      "thread_id": 39
    },
    {
      "elapsed": 0.0000032,
      "event": "return",
      "id": 117,
      "parent_id": 116,
      "return_value": {
        "class": "java.lang.String",
        "object_id": 73547175,
        "value": "NEWS"
      },
      "thread_id": 39
    },
    {
      "defined_class": "org.finos.waltz.model.staticpanel.ImmutableStaticPanel",
      "event": "call",
      "id": 118,
      "lineno": 165,
      "method_id": "content",
      "path": "org/finos/waltz/model/staticpanel/ImmutableStaticPanel.java",
      "receiver": {
        "class": "org.finos.waltz.model.staticpanel.ImmutableStaticPanel",
        "object_id": 1017788272,
        "value": "StaticPanel{id=6, title=More News, icon=cog, group=NEWS, content=Recent highlights:\n  - Report Grid enhancements\n  - Overlay diagram \n\nSee the [release notes](https://github.com/finos/waltz/releases/tag/1.47) for more info., priority=1, width=12, encoding=HTML}"
      },
      "static": false,
      "thread_id": 39
    },
    {
      "elapsed": 0.0000032,
      "event": "return",
      "id": 119,
      "parent_id": 118,
      "return_value": {
        "class": "java.lang.String",
        "object_id": 748094694,
        "value": "Recent highlights:\n  - Report Grid enhancements\n  - Overlay diagram \n\nSee the [release notes](https://github.com/finos/waltz/releases/tag/1.47) for more info."
      },
      "thread_id": 39
    },
    {
      "defined_class": "org.finos.waltz.model.staticpanel.ImmutableStaticPanel",
      "event": "call",
      "id": 120,
      "lineno": 174,
      "method_id": "priority",
      "path": "org/finos/waltz/model/staticpanel/ImmutableStaticPanel.java",
      "receiver": {
        "class": "org.finos.waltz.model.staticpanel.ImmutableStaticPanel",
        "object_id": 1017788272,
        "value": "StaticPanel{id=6, title=More News, icon=cog, group=NEWS, content=Recent highlights:\n  - Report Grid enhancements\n  - Overlay diagram \n\nSee the [release notes](https://github.com/finos/waltz/releases/tag/1.47) for more info., priority=1, width=12, encoding=HTML}"
      },
      "static": false,
      "thread_id": 39
    },
    {
      "elapsed": 0.0000023,
      "event": "return",
      "id": 121,
      "parent_id": 120,
      "return_value": {
        "class": "java.lang.Integer",
        "object_id": 1220839829,
        "value": "1"
      },
      "thread_id": 39
    },
    {
      "defined_class": "org.finos.waltz.model.staticpanel.ImmutableStaticPanel",
      "event": "call",
      "id": 122,
      "lineno": 183,
      "method_id": "width",
      "path": "org/finos/waltz/model/staticpanel/ImmutableStaticPanel.java",
      "receiver": {
        "class": "org.finos.waltz.model.staticpanel.ImmutableStaticPanel",
        "object_id": 1017788272,
        "value": "StaticPanel{id=6, title=More News, icon=cog, group=NEWS, content=Recent highlights:\n  - Report Grid enhancements\n  - Overlay diagram \n\nSee the [release notes](https://github.com/finos/waltz/releases/tag/1.47) for more info., priority=1, width=12, encoding=HTML}"
      },
      "static": false,
      "thread_id": 39
    },
    {
      "elapsed": 0.000002,
      "event": "return",
      "id": 123,
      "parent_id": 122,
      "return_value": {
        "class": "java.lang.Integer",
        "object_id": 1462177176,
        "value": "12"
      },
      "thread_id": 39
    },
    {
      "defined_class": "org.finos.waltz.model.staticpanel.ImmutableStaticPanel",
      "event": "call",
      "id": 124,
      "lineno": 195,
      "method_id": "encoding",
      "path": "org/finos/waltz/model/staticpanel/ImmutableStaticPanel.java",
      "receiver": {
        "class": "org.finos.waltz.model.staticpanel.ImmutableStaticPanel",
        "object_id": 1017788272,
        "value": "StaticPanel{id=6, title=More News, icon=cog, group=NEWS, content=Recent highlights:\n  - Report Grid enhancements\n  - Overlay diagram \n\nSee the [release notes](https://github.com/finos/waltz/releases/tag/1.47) for more info., priority=1, width=12, encoding=HTML}"
      },
      "static": false,
      "thread_id": 39
    },
    {
      "elapsed": 0.0000021,
      "event": "return",
      "id": 125,
      "parent_id": 124,
      "return_value": {
        "class": "org.finos.waltz.model.staticpanel.ContentKind",
        "object_id": 588950993,
        "value": "HTML"
      },
      "thread_id": 39
    },
    {
      "elapsed": 0.0020779,
      "event": "return",
      "http_server_response": {
        "headers": {
          "Access-Control-Expose-Headers": "*",
          "Access-Control-Allow-Origin": "*",
          "Date": "Tue, 04 Jun 2024 14:20:29 GMT",
          "Content-Type": "application/json"
        },
        "status": 200
      },
      "id": 126,
      "parent_id": 1,
      "thread_id": 39
    }
  ],
  "version": "1.2",
  "metadata": {
    "name": "GET /api/static-panel/group (200) - 14:20:29.361",
    "app": "waltz",
    "language": {
      "name": "java",
      "version": "17.0.8+9-LTS-211",
      "engine": "Java HotSpot(TM) 64-Bit Server VM"
    },
    "client": {
      "name": "appmap-java",
      "url": "https://github.com/appland/appmap-java"
    },
    "recorder": {
      "name": "request_recording",
      "type": "requests"
    },
    "recording": {},
    "git": {
      "repository": "git@github.com:land-of-apps/waltz.git",
      "branch": "master",
      "commit": "d013ac6221f1f2411cc51725a3bb201750f700be"
    }
  },
  "classMap": [
    {
      "children": [
        {
          "children": [
            {
              "children": [
                {
                  "children": [
                    {
                      "children": [
                        {
                          "children": [
                            {
                              "name": "encoding",
                              "type": "function",
                              "static": false,
                              "location": "org/finos/waltz/model/staticpanel/ImmutableStaticPanel.java:718"
                            },
                            {
                              "name": "icon",
                              "type": "function",
                              "static": false,
                              "location": "org/finos/waltz/model/staticpanel/ImmutableStaticPanel.java:657"
                            },
                            {
                              "name": "width",
                              "type": "function",
                              "static": false,
                              "location": "org/finos/waltz/model/staticpanel/ImmutableStaticPanel.java:705"
                            },
                            {
                              "name": "build",
                              "type": "function",
                              "static": false,
                              "location": "org/finos/waltz/model/staticpanel/ImmutableStaticPanel.java:728"
                            },
                            {
                              "name": "group",
                              "type": "function",
                              "static": false,
                              "location": "org/finos/waltz/model/staticpanel/ImmutableStaticPanel.java:668"
                            },
                            {
                              "name": "content",
                              "type": "function",
                              "static": false,
                              "location": "org/finos/waltz/model/staticpanel/ImmutableStaticPanel.java:680"
                            },
                            {
                              "name": "widthIsSet",
                              "type": "function",
                              "static": false,
                              "location": "org/finos/waltz/model/staticpanel/ImmutableStaticPanel.java:735"
                            },
                            {
                              "name": "title",
                              "type": "function",
                              "static": false,
                              "location": "org/finos/waltz/model/staticpanel/ImmutableStaticPanel.java:646"
                            },
                            {
                              "name": "id",
                              "type": "function",
                              "static": false,
                              "location": "org/finos/waltz/model/staticpanel/ImmutableStaticPanel.java:624"
                            },
                            {
                              "name": "priority",
                              "type": "function",
                              "static": false,
                              "location": "org/finos/waltz/model/staticpanel/ImmutableStaticPanel.java:692"
                            }
                          ],
                          "name": "ImmutableStaticPanel$Builder",
                          "type": "class"
                        },
                        {
                          "children": [
                            {
                              "name": "priority",
                              "type": "function",
                              "static": false,
                              "location": "org/finos/waltz/model/staticpanel/ImmutableStaticPanel.java:174"
                            },
                            {
                              "name": "content",
                              "type": "function",
                              "static": false,
                              "location": "org/finos/waltz/model/staticpanel/ImmutableStaticPanel.java:165"
                            },
                            {
                              "name": "icon",
                              "type": "function",
                              "static": false,
                              "location": "org/finos/waltz/model/staticpanel/ImmutableStaticPanel.java:147"
                            },
                            {
                              "name": "title",
                              "type": "function",
                              "static": false,
                              "location": "org/finos/waltz/model/staticpanel/ImmutableStaticPanel.java:138"
                            },
                            {
                              "name": "builder",
                              "type": "function",
                              "static": true,
                              "location": "org/finos/waltz/model/staticpanel/ImmutableStaticPanel.java:539"
                            },
                            {
                              "name": "group",
                              "type": "function",
                              "static": false,
                              "location": "org/finos/waltz/model/staticpanel/ImmutableStaticPanel.java:156"
                            },
                            {
                              "name": "encoding",
                              "type": "function",
                              "static": false,
                              "location": "org/finos/waltz/model/staticpanel/ImmutableStaticPanel.java:195"
                            },
                            {
                              "name": "id",
                              "type": "function",
                              "static": false,
                              "location": "org/finos/waltz/model/staticpanel/ImmutableStaticPanel.java:129"
                            },
                            {
                              "name": "width",
                              "type": "function",
                              "static": false,
                              "location": "org/finos/waltz/model/staticpanel/ImmutableStaticPanel.java:183"
                            }
                          ],
                          "name": "ImmutableStaticPanel",
                          "type": "class"
                        },
                        {
                          "children": [
                            {
                              "name": "encoding",
                              "type": "function",
                              "static": false,
                              "location": "org/finos/waltz/model/staticpanel/ImmutableStaticPanel.java:111"
                            },
                            {
                              "name": "width",
                              "type": "function",
                              "static": false,
                              "location": "org/finos/waltz/model/staticpanel/ImmutableStaticPanel.java:93"
                            },
                            {
                              "name": "encoding",
                              "type": "function",
                              "static": false,
                              "location": "org/finos/waltz/model/staticpanel/ImmutableStaticPanel.java:101"
                            },
                            {
                              "name": "width",
                              "type": "function",
                              "static": false,
                              "location": "org/finos/waltz/model/staticpanel/ImmutableStaticPanel.java:83"
                            }
                          ],
                          "name": "ImmutableStaticPanel$InitShim",
                          "type": "class"
                        },
                        {
                          "children": [
                            {
                              "name": "valueOf",
                              "type": "function",
                              "static": true,
                              "location": "waltz-model/src/main/java/org/finos/waltz/model/staticpanel/ContentKind.java:21"
                            }
                          ],
                          "name": "ContentKind",
                          "type": "class"
                        }
                      ],
                      "name": "staticpanel",
                      "type": "package"
                    }
                  ],
                  "name": "model",
                  "type": "package"
                },
                {
                  "children": [
                    {
                      "children": [
                        {
                          "children": [
                            {
                              "name": "findByGroups",
                              "type": "function",
                              "static": false,
                              "location": "waltz-data/src/main/java/org/finos/waltz/data/static_panel/StaticPanelDao.java:67"
                            }
                          ],
                          "name": "StaticPanelDao",
                          "type": "class"
                        }
                      ],
                      "name": "static_panel",
                      "type": "package"
                    }
                  ],
                  "name": "data",
                  "type": "package"
                },
                {
                  "children": [
                    {
                      "children": [
                        {
                          "children": [
                            {
                              "name": "findByGroups",
                              "type": "function",
                              "static": false,
                              "location": "waltz-service/src/main/java/org/finos/waltz/service/static_panel/StaticPanelService.java:45"
                            }
                          ],
                          "name": "StaticPanelService",
                          "type": "class"
                        }
                      ],
                      "name": "static_panel",
                      "type": "package"
                    },
                    {
                      "children": [
                        {
                          "name": "executeStart",
                          "type": "function",
                          "static": false,
                          "location": "waltz-service/src/main/java/org/finos/waltz/service/SlowQueryListener.java:59"
                        },
                        {
                          "name": "executeEnd",
                          "type": "function",
                          "static": false,
                          "location": "waltz-service/src/main/java/org/finos/waltz/service/SlowQueryListener.java:66"
                        }
                      ],
                      "name": "SlowQueryListener",
                      "type": "class"
                    }
                  ],
                  "name": "service",
                  "type": "package"
                },
                {
                  "children": [
                    {
                      "children": [
                        {
                          "children": [
                            {
                              "children": [
                                {
                                  "name": "handle",
                                  "type": "function",
                                  "static": false,
                                  "location": "waltz-web/src/main/java/org/finos/waltz/web/endpoints/auth/JWTAuthenticationFilter.java:62"
                                }
                              ],
                              "name": "JWTAuthenticationFilter",
                              "type": "class"
                            }
                          ],
                          "name": "auth",
                          "type": "package"
                        }
                      ],
                      "name": "endpoints",
                      "type": "package"
                    }
                  ],
                  "name": "web",
                  "type": "package"
                },
                {
                  "children": [
                    {
                      "children": [
                        {
                          "children": [
                            {
                              "name": "fieldsRow",
                              "type": "function",
                              "static": false,
                              "location": "org/finos/waltz/schema/tables/StaticPanel.java:174"
                            }
                          ],
                          "name": "StaticPanel",
                          "type": "class"
                        }
                      ],
                      "name": "tables",
                      "type": "package"
                    }
                  ],
                  "name": "schema",
                  "type": "package"
                },
                {
                  "children": [
                    {
                      "children": [
                        {
                          "name": "isEmpty",
                          "type": "function",
                          "static": true,
                          "location": "waltz-common/src/main/java/org/finos/waltz/common/ArrayUtilities.java:53"
                        }
                      ],
                      "name": "ArrayUtilities",
                      "type": "class"
                    }
                  ],
                  "name": "common",
                  "type": "package"
                }
              ],
              "name": "waltz",
              "type": "package"
            }
          ],
          "name": "finos",
          "type": "package"
        }
      ],
      "name": "org",
      "type": "package"
    },
    {
      "type": "http",
      "name": "HTTP server requests",
      "children": [
        {
          "type": "route",
          "name": "GET /api/static-panel/group"
        }
      ]
    },
    {
      "type": "database",
      "name": "Database",
      "children": [
        {
          "type": "query",
          "name": "select \"static_panel\".\"id\", \"static_panel\".\"group\", \"static_panel\".\"title\", \"static_panel\".\"icon\", \"static_panel\".\"priority\", \"static_panel\".\"width\", \"static_panel\".\"encoding\", \"static_panel\".\"content\" from \"static_panel\" where \"static_panel\".\"group\" in (?) order by \"static_panel\".\"priority\" asc"
        }
      ]
    }
  ]
}