{
  "events": [
    {
      "event": "call",
      "http_server_request": {
        "headers": {
          "Cookie": "appland_session=bFU5p0cvqrcXlz2oQfgEZG3%2BQjfds2AwmlOA%2Fx5fhQLjPvVHIKrHyvnbeq5nw8c5sME56znPsnpSSzB3nr%2BHfdk9sEC9MgOgNKjgjD8qlzGqDVuwRPr30ch96LWGIDwuITrAUwQGqlUw7%2Fdsq0tjrfHFPTlemq71kQtCAIi9JTRWo5tLPJlG%2F9JtfTuiWIfWg8X67ZkAOuaapIHdaA5w5QtwMr7h34LfseImCERQpzoz9xTqJYqSi2SJ9RE1eVw2jyYFG9IGPA4d1USUIXvAmeaMOQ9Z%2BDmKhiIRXve6%2BzO47%2F2RW1kaH2PND2r0EKz%2BaWMbrXswEaj2kjwx09pTJANR5arO0I9c2RelyrURJyvI%2FZ8OwnG99VyxbE2scovqFvxwhmhXr1KDOxpRle3VOJSpxXtFaDjv2TSSbtqGkIj4T51u58xasM4KbZUpapu5OQ5ENf%2FSMADW4DHmCrSQJ14SgVbNtrazlgwdph5p0AKax1l0Bw7j0jz2SGT9C5HMnzVyZdV59G6paFrgLqvtGuXdWr4VeJt2tPVftjki2S0LpmpTAacYMTeiz0JRvAUI2MTy5coFmozGwP2tYolztMsGb%2Bss8Pp0ZRYy8EsEs78L1J1nDMR5VCJ5yVhSq8JXZA7Misee05vblyt4OMHf9CA4AMzWpe2NbExRxiHuW%2Bkx%2F83vj%2Btrqn1QRG33cQUOn3jl8nfSuSLj5p0K5PYVYnXJu8E7RhAyqpC6J23a%2F8B4qsDAOrIrUYPQAWaYOsjd0i3Q5y49d77RlVc7zyyLJxFNVWLlYCD5BrfOMpyF2f9InowPEQei23xjT4UE0W3dXZP1xhk5wDvQ--zbb2b%2Flld908TQxF--8LcY2kn8%2BBw8bSaDiyP6LQ%3D%3D",
          "Accept": "application/json, text/plain, */*",
          "Connection": "keep-alive",
          "User-Agent": "Mozilla/5.0 (Macintosh; Intel Mac OS X 10_15_7) AppleWebKit/537.36 (KHTML, like Gecko) Chrome/125.0.0.0 Safari/537.36",
          "Referer": "http://localhost:8080/",
          "Sec-Fetch-Site": "same-origin",
          "Sec-Fetch-Dest": "empty",
          "Host": "localhost:8080",
          "Accept-Encoding": "gzip, deflate, br, zstd",
          "Sec-Fetch-Mode": "cors",
          "sec-ch-ua": "\"Google Chrome\";v=\"125\", \"Chromium\";v=\"125\", \"Not.A/Brand\";v=\"24\"",
          "sec-ch-ua-mobile": "?0",
          "Cache-Control": "max-age=0",
          "sec-ch-ua-platform": "\"macOS\"",
          "If-Modified-Since": "0",
          "Accept-Language": "en-US,en;q=0.9"
        },
        "path_info": "/api/user/whoami",
        "protocol": "HTTP/1.1",
        "request_method": "GET"
      },
      "id": 1,
      "thread_id": 39
    },
    {
      "defined_class": "org.finos.waltz.web.endpoints.auth.JWTAuthenticationFilter",
      "event": "call",
      "id": 2,
      "lineno": 62,
      "method_id": "handle",
      "parameters": [
        {
          "class": "spark.http.matching.RequestWrapper",
          "kind": "req",
          "name": "request",
          "object_id": 1705880174,
          "value": "spark.Request@f8563a5"
        },
        {
          "class": "spark.http.matching.ResponseWrapper",
          "kind": "req",
          "name": "response",
          "object_id": 635875228,
          "value": "spark.Response@68a3b0d7"
        }
      ],
      "path": "waltz-web/src/main/java/org/finos/waltz/web/endpoints/auth/JWTAuthenticationFilter.java",
      "receiver": {
        "class": "org.finos.waltz.web.endpoints.auth.JWTAuthenticationFilter",
        "object_id": 54642872,
        "value": "org.finos.waltz.web.endpoints.auth.JWTAuthenticationFilter@341c8b8"
      },
      "static": false,
      "thread_id": 39
    },
    {
      "elapsed": 0.0000644,
      "event": "return",
      "id": 3,
      "parent_id": 2,
      "thread_id": 39
    },
    {
      "defined_class": "org.finos.waltz.web.endpoints.auth.AuthenticationUtilities",
      "event": "call",
      "id": 4,
      "lineno": 42,
      "method_id": "isAnonymous",
      "parameters": [
        {
          "class": "spark.http.matching.RequestWrapper",
          "kind": "req",
          "name": "request",
          "object_id": 1705880174,
          "value": "spark.Request@60d59977"
        }
      ],
      "path": "waltz-web/src/main/java/org/finos/waltz/web/endpoints/auth/AuthenticationUtilities.java",
      "static": true,
      "thread_id": 39
    },
    {
      "elapsed": 0.0000093,
      "event": "return",
      "id": 5,
      "parent_id": 4,
      "return_value": {
        "class": "java.lang.Boolean",
        "object_id": 371479230,
        "value": "true"
      },
      "thread_id": 39
    },
    {
      "defined_class": "org.finos.waltz.model.user.ImmutableUser",
      "event": "call",
      "id": 6,
      "lineno": 42,
      "method_id": "userName",
      "path": "org/finos/waltz/model/user/ImmutableUser.java",
      "receiver": {
        "class": "org.finos.waltz.model.user.ImmutableUser",
        "object_id": 2024302629,
        "value": "User{userName=anonymous, roles=[]}"
      },
      "static": false,
      "thread_id": 39
    },
    {
      "elapsed": 0.0000378,
      "event": "return",
      "id": 7,
      "parent_id": 6,
      "return_value": {
        "class": "java.lang.String",
        "object_id": 2115323759,
        "value": "anonymous"
      },
      "thread_id": 39
    },
    {
      "defined_class": "org.finos.waltz.model.user.ImmutableUser",
      "event": "call",
      "id": 8,
      "lineno": 51,
      "method_id": "roles",
      "path": "org/finos/waltz/model/user/ImmutableUser.java",
      "receiver": {
        "class": "org.finos.waltz.model.user.ImmutableUser",
        "object_id": 2024302629,
        "value": "User{userName=anonymous, roles=[]}"
      },
      "static": false,
      "thread_id": 39
    },
    {
      "elapsed": 0.0000331,
      "event": "return",
      "id": 9,
      "parent_id": 8,
      "return_value": {
        "class": "java.util.Collections$EmptySet",
        "object_id": 535686228,
        "value": "[]"
      },
      "thread_id": 39
    },
    {
      "elapsed": 0.0005088,
      "event": "return",
      "http_server_response": {
        "headers": {
          "Access-Control-Expose-Headers": "*",
          "Access-Control-Allow-Origin": "*",
          "Date": "Tue, 04 Jun 2024 14:20:26 GMT",
          "Content-Type": "application/json"
        },
        "status": 200
      },
      "id": 10,
      "parent_id": 1,
      "thread_id": 39
    }
  ],
  "version": "1.2",
  "metadata": {
    "name": "GET /api/user/whoami (200) - 14:20:26.411",
    "app": "waltz",
    "language": {
      "name": "java",
      "version": "17.0.8+9-LTS-211",
      "engine": "Java HotSpot(TM) 64-Bit Server VM"
    },
    "client": {
      "name": "appmap-java",
      "url": "https://github.com/appland/appmap-java"
    },
    "recorder": {
      "name": "request_recording",
      "type": "requests"
    },
    "recording": {},
    "git": {
      "repository": "git@github.com:land-of-apps/waltz.git",
      "branch": "master",
      "commit": "d013ac6221f1f2411cc51725a3bb201750f700be"
    }
  },
  "classMap": [
    {
      "children": [
        {
          "children": [
            {
              "children": [
                {
                  "children": [
                    {
                      "children": [
                        {
                          "children": [
                            {
                              "name": "userName",
                              "type": "function",
                              "static": false,
                              "location": "org/finos/waltz/model/user/ImmutableUser.java:42"
                            },
                            {
                              "name": "roles",
                              "type": "function",
                              "static": false,
                              "location": "org/finos/waltz/model/user/ImmutableUser.java:51"
                            }
                          ],
                          "name": "ImmutableUser",
                          "type": "class"
                        }
                      ],
                      "name": "user",
                      "type": "package"
                    }
                  ],
                  "name": "model",
                  "type": "package"
                },
                {
                  "children": [
                    {
                      "children": [
                        {
                          "children": [
                            {
                              "children": [
                                {
                                  "name": "isAnonymous",
                                  "type": "function",
                                  "static": true,
                                  "location": "waltz-web/src/main/java/org/finos/waltz/web/endpoints/auth/AuthenticationUtilities.java:42"
                                }
                              ],
                              "name": "AuthenticationUtilities",
                              "type": "class"
                            },
                            {
                              "children": [
                                {
                                  "name": "handle",
                                  "type": "function",
                                  "static": false,
                                  "location": "waltz-web/src/main/java/org/finos/waltz/web/endpoints/auth/JWTAuthenticationFilter.java:62"
                                }
                              ],
                              "name": "JWTAuthenticationFilter",
                              "type": "class"
                            }
                          ],
                          "name": "auth",
                          "type": "package"
                        }
                      ],
                      "name": "endpoints",
                      "type": "package"
                    }
                  ],
                  "name": "web",
                  "type": "package"
                }
              ],
              "name": "waltz",
              "type": "package"
            }
          ],
          "name": "finos",
          "type": "package"
        }
      ],
      "name": "org",
      "type": "package"
    },
    {
      "type": "http",
      "name": "HTTP server requests",
      "children": [
        {
          "type": "route",
          "name": "GET /api/user/whoami"
        }
      ]
    }
  ]
}