{
  "events": [
    {
      "event": "call",
      "http_server_request": {
        "headers": {
          "Origin": "http://localhost:8080",
          "Cookie": "appland_session=bFU5p0cvqrcXlz2oQfgEZG3%2BQjfds2AwmlOA%2Fx5fhQLjPvVHIKrHyvnbeq5nw8c5sME56znPsnpSSzB3nr%2BHfdk9sEC9MgOgNKjgjD8qlzGqDVuwRPr30ch96LWGIDwuITrAUwQGqlUw7%2Fdsq0tjrfHFPTlemq71kQtCAIi9JTRWo5tLPJlG%2F9JtfTuiWIfWg8X67ZkAOuaapIHdaA5w5QtwMr7h34LfseImCERQpzoz9xTqJYqSi2SJ9RE1eVw2jyYFG9IGPA4d1USUIXvAmeaMOQ9Z%2BDmKhiIRXve6%2BzO47%2F2RW1kaH2PND2r0EKz%2BaWMbrXswEaj2kjwx09pTJANR5arO0I9c2RelyrURJyvI%2FZ8OwnG99VyxbE2scovqFvxwhmhXr1KDOxpRle3VOJSpxXtFaDjv2TSSbtqGkIj4T51u58xasM4KbZUpapu5OQ5ENf%2FSMADW4DHmCrSQJ14SgVbNtrazlgwdph5p0AKax1l0Bw7j0jz2SGT9C5HMnzVyZdV59G6paFrgLqvtGuXdWr4VeJt2tPVftjki2S0LpmpTAacYMTeiz0JRvAUI2MTy5coFmozGwP2tYolztMsGb%2Bss8Pp0ZRYy8EsEs78L1J1nDMR5VCJ5yVhSq8JXZA7Misee05vblyt4OMHf9CA4AMzWpe2NbExRxiHuW%2Bkx%2F83vj%2Btrqn1QRG33cQUOn3jl8nfSuSLj5p0K5PYVYnXJu8E7RhAyqpC6J23a%2F8B4qsDAOrIrUYPQAWaYOsjd0i3Q5y49d77RlVc7zyyLJxFNVWLlYCD5BrfOMpyF2f9InowPEQei23xjT4UE0W3dXZP1xhk5wDvQ--zbb2b%2Flld908TQxF--8LcY2kn8%2BBw8bSaDiyP6LQ%3D%3D",
          "Accept": "application/json, text/plain, */*",
          "Connection": "keep-alive",
          "User-Agent": "Mozilla/5.0 (Macintosh; Intel Mac OS X 10_15_7) AppleWebKit/537.36 (KHTML, like Gecko) Chrome/125.0.0.0 Safari/537.36",
          "Referer": "http://localhost:8080/application/50",
          "Sec-Fetch-Site": "same-origin",
          "Sec-Fetch-Dest": "empty",
          "Host": "localhost:8080",
          "Accept-Encoding": "gzip, deflate, br, zstd",
          "Sec-Fetch-Mode": "cors",
          "sec-ch-ua": "\"Google Chrome\";v=\"125\", \"Chromium\";v=\"125\", \"Not.A/Brand\";v=\"24\"",
          "sec-ch-ua-mobile": "?0",
          "sec-ch-ua-platform": "\"macOS\"",
          "Accept-Language": "en-US,en;q=0.9",
          "Content-Length": "18",
          "Content-Type": "application/json;charset=UTF-8"
        },
        "path_info": "/api/access-log/main.app.view%7Cdata-flow-section",
        "protocol": "HTTP/1.1",
        "request_method": "POST"
      },
      "id": 1,
      "thread_id": 36
    },
    {
      "defined_class": "org.finos.waltz.web.endpoints.auth.JWTAuthenticationFilter",
      "event": "call",
      "id": 2,
      "lineno": 62,
      "method_id": "handle",
      "parameters": [
        {
          "class": "spark.http.matching.RequestWrapper",
          "kind": "req",
          "name": "request",
          "object_id": 191530238,
          "value": "spark.Request@22faa8b2"
        },
        {
          "class": "spark.http.matching.ResponseWrapper",
          "kind": "req",
          "name": "response",
          "object_id": 721862863,
          "value": "spark.Response@76e73d14"
        }
      ],
      "path": "waltz-web/src/main/java/org/finos/waltz/web/endpoints/auth/JWTAuthenticationFilter.java",
      "receiver": {
        "class": "org.finos.waltz.web.endpoints.auth.JWTAuthenticationFilter",
        "object_id": 1161636242,
        "value": "org.finos.waltz.web.endpoints.auth.JWTAuthenticationFilter@453d2992"
      },
      "static": false,
      "thread_id": 36
    },
    {
      "elapsed": 0.0000297,
      "event": "return",
      "id": 3,
      "parent_id": 2,
      "thread_id": 36
    },
    {
      "defined_class": "org.finos.waltz.web.endpoints.api.AccessLogEndpoint",
      "event": "call",
      "id": 4,
      "lineno": 79,
      "method_id": "writeRoute",
      "parameters": [
        {
          "class": "spark.http.matching.RequestWrapper",
          "kind": "req",
          "name": "request",
          "object_id": 191530238,
          "value": "spark.Request@29f50a42"
        },
        {
          "class": "spark.http.matching.ResponseWrapper",
          "kind": "req",
          "name": "response",
          "object_id": 721862863,
          "value": "spark.Response@76e73d14"
        }
      ],
      "path": "waltz-web/src/main/java/org/finos/waltz/web/endpoints/api/AccessLogEndpoint.java",
      "receiver": {
        "class": "org.finos.waltz.web.endpoints.api.AccessLogEndpoint",
        "object_id": 1945420639,
        "value": "org.finos.waltz.web.endpoints.api.AccessLogEndpoint@73f4c35f"
      },
      "static": false,
      "thread_id": 36
    },
    {
      "defined_class": "org.finos.waltz.model.accesslog.ImmutableAccessLog",
      "event": "call",
      "id": 5,
      "lineno": 270,
      "method_id": "builder",
      "path": "org/finos/waltz/model/accesslog/ImmutableAccessLog.java",
      "static": true,
      "thread_id": 36
    },
    {
      "elapsed": 0.0000061,
      "event": "return",
      "id": 6,
      "parent_id": 5,
      "return_value": {
        "class": "org.finos.waltz.model.accesslog.ImmutableAccessLog$Builder",
        "object_id": 879277835,
        "value": "org.finos.waltz.model.accesslog.ImmutableAccessLog$Builder@3468b70b"
      },
      "thread_id": 36
    },
    {
      "defined_class": "org.finos.waltz.web.WebUtilities",
      "event": "call",
      "id": 7,
      "lineno": 171,
      "method_id": "getUsername",
      "parameters": [
        {
          "class": "spark.http.matching.RequestWrapper",
          "kind": "req",
          "name": "request",
          "object_id": 191530238,
          "value": "spark.Request@29f50a42"
        }
      ],
      "path": "waltz-web/src/main/java/org/finos/waltz/web/WebUtilities.java",
      "static": true,
      "thread_id": 36
    },
    {
      "defined_class": "org.finos.waltz.web.endpoints.auth.AuthenticationUtilities",
      "event": "call",
      "id": 8,
      "lineno": 37,
      "method_id": "getUsername",
      "parameters": [
        {
          "class": "spark.http.matching.RequestWrapper",
          "kind": "req",
          "name": "request",
          "object_id": 191530238,
          "value": "spark.Request@29f50a42"
        }
      ],
      "path": "waltz-web/src/main/java/org/finos/waltz/web/endpoints/auth/AuthenticationUtilities.java",
      "static": true,
      "thread_id": 36
    },
    {
      "elapsed": 0.0000056,
      "event": "return",
      "id": 9,
      "parent_id": 8,
      "return_value": {
        "class": "java.lang.String",
        "object_id": 1623543673,
        "value": "anonymous"
      },
      "thread_id": 36
    },
    {
      "elapsed": 0.0000107,
      "event": "return",
      "id": 10,
      "parent_id": 7,
      "return_value": {
        "class": "java.lang.String",
        "object_id": 1623543673,
        "value": "anonymous"
      },
      "thread_id": 36
    },
    {
      "defined_class": "org.finos.waltz.model.accesslog.ImmutableAccessLog$Builder",
      "event": "call",
      "id": 11,
      "lineno": 342,
      "method_id": "userId",
      "parameters": [
        {
          "class": "java.lang.String",
          "kind": "req",
          "name": "userId",
          "object_id": 1623543673,
          "value": "anonymous"
        }
      ],
      "path": "org/finos/waltz/model/accesslog/ImmutableAccessLog.java",
      "receiver": {
        "class": "org.finos.waltz.model.accesslog.ImmutableAccessLog$Builder",
        "object_id": 879277835,
        "value": "org.finos.waltz.model.accesslog.ImmutableAccessLog$Builder@3468b70b"
      },
      "static": false,
      "thread_id": 36
    },
    {
      "elapsed": 0.0000019,
      "event": "return",
      "id": 12,
      "parent_id": 11,
      "return_value": {
        "class": "org.finos.waltz.model.accesslog.ImmutableAccessLog$Builder",
        "object_id": 879277835,
        "value": "org.finos.waltz.model.accesslog.ImmutableAccessLog$Builder@3468b70b"
      },
      "thread_id": 36
    },
    {
      "defined_class": "org.finos.waltz.model.accesslog.ImmutableAccessLog$Builder",
      "event": "call",
      "id": 13,
      "lineno": 318,
      "method_id": "state",
      "parameters": [
        {
          "class": "java.lang.String",
          "kind": "req",
          "name": "state",
          "object_id": 1126180364,
          "value": "main.app.view|data-flow-section"
        }
      ],
      "path": "org/finos/waltz/model/accesslog/ImmutableAccessLog.java",
      "receiver": {
        "class": "org.finos.waltz.model.accesslog.ImmutableAccessLog$Builder",
        "object_id": 879277835,
        "value": "org.finos.waltz.model.accesslog.ImmutableAccessLog$Builder@3468b70b"
      },
      "static": false,
      "thread_id": 36
    },
    {
      "elapsed": 0.0000017,
      "event": "return",
      "id": 14,
      "parent_id": 13,
      "return_value": {
        "class": "org.finos.waltz.model.accesslog.ImmutableAccessLog$Builder",
        "object_id": 879277835,
        "value": "org.finos.waltz.model.accesslog.ImmutableAccessLog$Builder@3468b70b"
      },
      "thread_id": 36
    },
    {
      "defined_class": "org.finos.waltz.model.accesslog.ImmutableAccessLog$Builder",
      "event": "call",
      "id": 15,
      "lineno": 330,
      "method_id": "params",
      "parameters": [
        {
          "class": "java.lang.String",
          "kind": "req",
          "name": "params",
          "object_id": 207666401,
          "value": "{\"#\":null,\"id\":50}"
        }
      ],
      "path": "org/finos/waltz/model/accesslog/ImmutableAccessLog.java",
      "receiver": {
        "class": "org.finos.waltz.model.accesslog.ImmutableAccessLog$Builder",
        "object_id": 879277835,
        "value": "org.finos.waltz.model.accesslog.ImmutableAccessLog$Builder@3468b70b"
      },
      "static": false,
      "thread_id": 36
    },
    {
      "elapsed": 0.0000041,
      "event": "return",
      "id": 16,
      "parent_id": 15,
      "return_value": {
        "class": "org.finos.waltz.model.accesslog.ImmutableAccessLog$Builder",
        "object_id": 879277835,
        "value": "org.finos.waltz.model.accesslog.ImmutableAccessLog$Builder@3468b70b"
      },
      "thread_id": 36
    },
    {
      "defined_class": "org.finos.waltz.model.accesslog.ImmutableAccessLog$Builder",
      "event": "call",
      "id": 17,
      "lineno": 365,
      "method_id": "build",
      "path": "org/finos/waltz/model/accesslog/ImmutableAccessLog.java",
      "receiver": {
        "class": "org.finos.waltz.model.accesslog.ImmutableAccessLog$Builder",
        "object_id": 879277835,
        "value": "org.finos.waltz.model.accesslog.ImmutableAccessLog$Builder@3468b70b"
      },
      "static": false,
      "thread_id": 36
    },
    {
      "defined_class": "org.finos.waltz.model.accesslog.AccessLog",
      "event": "call",
      "id": 18,
      "lineno": 40,
      "method_id": "createdAt",
      "path": "waltz-model/src/main/java/org/finos/waltz/model/accesslog/AccessLog.java",
      "receiver": {
        "class": "org.finos.waltz.model.accesslog.ImmutableAccessLog",
        "object_id": 222691381,
        "value": "AccessLog{state=main.app.view|data-flow-section, params={\"#\":null,\"id\":50}, userId=anonymous, createdAt=null}"
      },
      "static": false,
      "thread_id": 36
    },
    {
      "elapsed": 0.0000084,
      "event": "return",
      "id": 19,
      "parent_id": 18,
      "return_value": {
        "class": "java.time.LocalDateTime",
        "object_id": 2087136889,
        "value": "2024-06-04T17:34:06.329595"
      },
      "thread_id": 36
    },
    {
      "elapsed": 0.0000227,
      "event": "return",
      "id": 20,
      "parent_id": 17,
      "return_value": {
        "class": "org.finos.waltz.model.accesslog.ImmutableAccessLog",
        "object_id": 222691381,
        "value": "AccessLog{state=main.app.view|data-flow-section, params={\"#\":null,\"id\":50}, userId=anonymous, createdAt=2024-06-04T17:34:06.329595}"
      },
      "thread_id": 36
    },
    {
      "defined_class": "org.finos.waltz.service.access_log.AccessLogService",
      "event": "call",
      "id": 21,
      "lineno": 49,
      "method_id": "write",
      "parameters": [
        {
          "class": "org.finos.waltz.model.accesslog.ImmutableAccessLog",
          "kind": "req",
          "name": "logEntry",
          "object_id": 222691381,
          "value": "AccessLog{state=main.app.view|data-flow-section, params={\"#\":null,\"id\":50}, userId=anonymous, createdAt=2024-06-04T17:34:06.329595}"
        }
      ],
      "path": "waltz-service/src/main/java/org/finos/waltz/service/access_log/AccessLogService.java",
      "receiver": {
        "class": "org.finos.waltz.service.access_log.AccessLogService",
        "object_id": 412664425,
        "value": "org.finos.waltz.service.access_log.AccessLogService@1898c269"
      },
      "static": false,
      "thread_id": 36
    },
    {
      "defined_class": "org.finos.waltz.common.Checks",
      "event": "call",
      "id": 22,
      "lineno": 37,
      "method_id": "checkNotNull",
      "parameters": [
        {
          "class": "org.finos.waltz.model.accesslog.ImmutableAccessLog",
          "kind": "req",
          "name": "t",
          "object_id": 222691381,
          "value": "AccessLog{state=main.app.view|data-flow-section, params={\"#\":null,\"id\":50}, userId=anonymous, createdAt=2024-06-04T17:34:06.329595}"
        },
        {
          "class": "java.lang.String",
          "kind": "req",
          "name": "message",
          "object_id": 1101396835,
          "value": "logEntry must not be null"
        },
        {
          "class": "[Ljava.lang.Object;",
          "kind": "req",
          "name": "args",
          "object_id": 1043691455,
          "value": "[Ljava.lang.Object;@3e3577bf"
        }
      ],
      "path": "waltz-common/src/main/java/org/finos/waltz/common/Checks.java",
      "static": true,
      "thread_id": 36
    },
    {
      "defined_class": "org.finos.waltz.common.Checks",
      "event": "call",
      "id": 23,
      "lineno": 85,
      "method_id": "checkTrue",
      "parameters": [
        {
          "class": "java.lang.Boolean",
          "kind": "req",
          "name": "b",
          "object_id": 1639612098,
          "value": "true"
        },
        {
          "class": "java.lang.String",
          "kind": "req",
          "name": "msg",
          "object_id": 1101396835,
          "value": "logEntry must not be null"
        },
        {
          "class": "[Ljava.lang.Object;",
          "kind": "req",
          "name": "args",
          "object_id": 1043691455,
          "value": "[Ljava.lang.Object;@3e3577bf"
        }
      ],
      "path": "waltz-common/src/main/java/org/finos/waltz/common/Checks.java",
      "static": true,
      "thread_id": 36
    },
    {
      "elapsed": 0.0000051,
      "event": "return",
      "id": 24,
      "parent_id": 23,
      "thread_id": 36
    },
    {
      "elapsed": 0.0000227,
      "event": "return",
      "id": 25,
      "parent_id": 22,
      "return_value": {
        "class": "org.finos.waltz.model.accesslog.ImmutableAccessLog",
        "object_id": 222691381,
        "value": "AccessLog{state=main.app.view|data-flow-section, params={\"#\":null,\"id\":50}, userId=anonymous, createdAt=2024-06-04T17:34:06.329595}"
      },
      "thread_id": 36
    },
    {
      "defined_class": "org.finos.waltz.data.access_log.AccessLogDao",
      "event": "call",
      "id": 26,
      "lineno": 74,
      "method_id": "write",
      "parameters": [
        {
          "class": "org.finos.waltz.model.accesslog.ImmutableAccessLog",
          "kind": "req",
          "name": "logEntry",
          "object_id": 222691381,
          "value": "AccessLog{state=main.app.view|data-flow-section, params={\"#\":null,\"id\":50}, userId=anonymous, createdAt=2024-06-04T17:34:06.329595}"
        }
      ],
      "path": "waltz-data/src/main/java/org/finos/waltz/data/access_log/AccessLogDao.java",
      "receiver": {
        "class": "org.finos.waltz.data.access_log.AccessLogDao",
        "object_id": 864610864,
        "value": "org.finos.waltz.data.access_log.AccessLogDao@3388ea30"
      },
      "static": false,
      "thread_id": 36
    },
    {
      "defined_class": "org.finos.waltz.schema.tables.AccessLog",
      "event": "call",
      "id": 27,
      "lineno": 160,
      "method_id": "fieldsRow",
      "path": "org/finos/waltz/schema/tables/AccessLog.java",
      "receiver": {
        "class": "org.finos.waltz.schema.tables.AccessLog",
        "object_id": 704585497,
        "value": "\"access_log\""
      },
      "static": false,
      "thread_id": 36
    },
    {
      "elapsed": 0.0000037,
      "event": "return",
      "id": 28,
      "parent_id": 27,
      "return_value": {
        "class": "org.jooq.impl.RowImpl",
        "object_id": 935019308,
        "value": "(\"access_log\".\"id\", \"access_log\".\"user_id\", \"access_log\".\"state\", \"access_log\".\"params\", \"access_log\".\"created_at\")"
      },
      "thread_id": 36
    },
    {
      "defined_class": "org.finos.waltz.model.accesslog.ImmutableAccessLog",
      "event": "call",
      "id": 29,
      "lineno": 63,
      "method_id": "params",
      "path": "org/finos/waltz/model/accesslog/ImmutableAccessLog.java",
      "receiver": {
        "class": "org.finos.waltz.model.accesslog.ImmutableAccessLog",
        "object_id": 222691381,
        "value": "AccessLog{state=main.app.view|data-flow-section, params={\"#\":null,\"id\":50}, userId=anonymous, createdAt=2024-06-04T17:34:06.329595}"
      },
      "static": false,
      "thread_id": 36
    },
    {
      "elapsed": 0.000007,
      "event": "return",
      "id": 30,
      "parent_id": 29,
      "return_value": {
        "class": "java.lang.String",
        "object_id": 207666401,
        "value": "{\"#\":null,\"id\":50}"
      },
      "thread_id": 36
    },
    {
      "defined_class": "org.finos.waltz.model.accesslog.ImmutableAccessLog",
      "event": "call",
      "id": 31,
      "lineno": 54,
      "method_id": "state",
      "path": "org/finos/waltz/model/accesslog/ImmutableAccessLog.java",
      "receiver": {
        "class": "org.finos.waltz.model.accesslog.ImmutableAccessLog",
        "object_id": 222691381,
        "value": "AccessLog{state=main.app.view|data-flow-section, params={\"#\":null,\"id\":50}, userId=anonymous, createdAt=2024-06-04T17:34:06.329595}"
      },
      "static": false,
      "thread_id": 36
    },
    {
      "elapsed": 0.0000018,
      "event": "return",
      "id": 32,
      "parent_id": 31,
      "return_value": {
        "class": "java.lang.String",
        "object_id": 1126180364,
        "value": "main.app.view|data-flow-section"
      },
      "thread_id": 36
    },
    {
      "defined_class": "org.finos.waltz.model.accesslog.ImmutableAccessLog",
      "event": "call",
      "id": 33,
      "lineno": 72,
      "method_id": "userId",
      "path": "org/finos/waltz/model/accesslog/ImmutableAccessLog.java",
      "receiver": {
        "class": "org.finos.waltz.model.accesslog.ImmutableAccessLog",
        "object_id": 222691381,
        "value": "AccessLog{state=main.app.view|data-flow-section, params={\"#\":null,\"id\":50}, userId=anonymous, createdAt=2024-06-04T17:34:06.329595}"
      },
      "static": false,
      "thread_id": 36
    },
    {
      "elapsed": 0.0000017,
      "event": "return",
      "id": 34,
      "parent_id": 33,
      "return_value": {
        "class": "java.lang.String",
        "object_id": 1623543673,
        "value": "anonymous"
      },
      "thread_id": 36
    },
    {
      "defined_class": "org.finos.waltz.model.accesslog.ImmutableAccessLog",
      "event": "call",
      "id": 35,
      "lineno": 81,
      "method_id": "createdAt",
      "path": "org/finos/waltz/model/accesslog/ImmutableAccessLog.java",
      "receiver": {
        "class": "org.finos.waltz.model.accesslog.ImmutableAccessLog",
        "object_id": 222691381,
        "value": "AccessLog{state=main.app.view|data-flow-section, params={\"#\":null,\"id\":50}, userId=anonymous, createdAt=2024-06-04T17:34:06.329595}"
      },
      "static": false,
      "thread_id": 36
    },
    {
      "elapsed": 0.0000017,
      "event": "return",
      "id": 36,
      "parent_id": 35,
      "return_value": {
        "class": "java.time.LocalDateTime",
        "object_id": 2087136889,
        "value": "2024-06-04T17:34:06.329595"
      },
      "thread_id": 36
    },
    {
      "event": "call",
      "id": 37,
      "sql_query": {
        "database_type": "PostgreSQL",
        "sql": "insert into \"access_log\" (\"params\", \"state\", \"user_id\", \"created_at\") values (?, ?, ?, cast(? as timestamp))"
      },
      "thread_id": 36
    },
    {
      "elapsed": 0.0000136,
      "event": "return",
      "id": 38,
      "parent_id": 37,
      "thread_id": 36
    },
    {
      "defined_class": "org.finos.waltz.service.SlowQueryListener",
      "event": "call",
      "id": 39,
      "lineno": 59,
      "method_id": "executeStart",
      "parameters": [
        {
          "class": "org.jooq.impl.DefaultExecuteContext",
          "kind": "req",
          "name": "ctx",
          "object_id": 172075590,
          "value": "org.jooq.impl.DefaultExecuteContext@a41aa46"
        }
      ],
      "path": "waltz-service/src/main/java/org/finos/waltz/service/SlowQueryListener.java",
      "receiver": {
        "class": "org.finos.waltz.service.SlowQueryListener",
        "object_id": 1526683037,
        "value": "org.finos.waltz.service.SlowQueryListener@5aff559d"
      },
      "static": false,
      "thread_id": 36
    },
    {
      "elapsed": 0.0000037,
      "event": "return",
      "id": 40,
      "parent_id": 39,
      "thread_id": 36
    },
    {
      "elapsed": 0.000517,
      "event": "return",
      "exceptions": [
        {
          "class": "org.postgresql.util.PSQLException",
          "lineno": 2440,
          "message": "ERROR: duplicate key value violates unique constraint \"access_log_pkey\"\n  Detail: Key (id)=(13545) already exists.",
          "object_id": 1326467473,
          "path": "QueryExecutorImpl.java"
        }
      ],
      "id": 41,
      "parent_id": 26,
      "thread_id": 36
    },
    {
      "defined_class": "org.finos.waltz.service.SpringExceptionTranslationExecuteListener",
      "event": "call",
      "id": 42,
      "lineno": 25,
      "method_id": "exception",
      "parameters": [
        {
          "class": "org.jooq.impl.DefaultExecuteContext",
          "kind": "req",
          "name": "ctx",
          "object_id": 172075590,
          "value": "org.jooq.impl.DefaultExecuteContext@a41aa46"
        }
      ],
      "path": "waltz-service/src/main/java/org/finos/waltz/service/SpringExceptionTranslationExecuteListener.java",
      "receiver": {
        "class": "org.finos.waltz.service.SpringExceptionTranslationExecuteListener",
        "object_id": 133167879,
        "value": "org.finos.waltz.service.SpringExceptionTranslationExecuteListener@7effb07"
      },
      "static": false,
      "thread_id": 36
    },
    {
      "elapsed": 0.0000312,
      "event": "return",
      "id": 43,
      "parent_id": 42,
      "thread_id": 36
    },
    {
      "elapsed": 0.0006304,
      "event": "return",
      "exceptions": [
        {
          "class": "org.springframework.dao.DataIntegrityViolationException",
          "lineno": -1,
          "message": "jooq; SQL [insert into \"access_log\" (\"params\", \"state\", \"user_id\", \"created_at\") values (?, ?, ?, cast(? as timestamp))]; ERROR: duplicate key value violates unique constraint \"access_log_pkey\"\n  Detail: Key (id)=(13545) already exists.; nested exception is org.postgresql.util.PSQLException: ERROR: duplicate key value violates unique constraint \"access_log_pkey\"\n  Detail: Key (id)=(13545) already exists.",
          "object_id": 1510823747
        },
        {
          "class": "org.postgresql.util.PSQLException",
          "lineno": 2440,
          "message": "ERROR: duplicate key value violates unique constraint \"access_log_pkey\"\n  Detail: Key (id)=(13545) already exists.",
          "object_id": 1326467473,
          "path": "QueryExecutorImpl.java"
        }
      ],
      "id": 44,
      "parent_id": 21,
      "thread_id": 36
    },
    {
      "elapsed": 0.0007305,
      "event": "return",
      "exceptions": [
        {
          "class": "org.springframework.dao.DataIntegrityViolationException",
          "lineno": -1,
          "message": "jooq; SQL [insert into \"access_log\" (\"params\", \"state\", \"user_id\", \"created_at\") values (?, ?, ?, cast(? as timestamp))]; ERROR: duplicate key value violates unique constraint \"access_log_pkey\"\n  Detail: Key (id)=(13545) already exists.; nested exception is org.postgresql.util.PSQLException: ERROR: duplicate key value violates unique constraint \"access_log_pkey\"\n  Detail: Key (id)=(13545) already exists.",
          "object_id": 1510823747
        },
        {
          "class": "org.postgresql.util.PSQLException",
          "lineno": 2440,
          "message": "ERROR: duplicate key value violates unique constraint \"access_log_pkey\"\n  Detail: Key (id)=(13545) already exists.",
          "object_id": 1326467473,
          "path": "QueryExecutorImpl.java"
        }
      ],
      "id": 45,
      "parent_id": 4,
      "thread_id": 36
    },
    {
      "elapsed": 0.0008457,
      "event": "return",
      "exceptions": [
        {
          "class": "org.springframework.dao.DataIntegrityViolationException",
          "lineno": -1,
          "message": "jooq; SQL [insert into \"access_log\" (\"params\", \"state\", \"user_id\", \"created_at\") values (?, ?, ?, cast(? as timestamp))]; ERROR: duplicate key value violates unique constraint \"access_log_pkey\"\n  Detail: Key (id)=(13545) already exists.; nested exception is org.postgresql.util.PSQLException: ERROR: duplicate key value violates unique constraint \"access_log_pkey\"\n  Detail: Key (id)=(13545) already exists.",
          "object_id": 1510823747
        },
        {
          "class": "org.postgresql.util.PSQLException",
          "lineno": 2440,
          "message": "ERROR: duplicate key value violates unique constraint \"access_log_pkey\"\n  Detail: Key (id)=(13545) already exists.",
          "object_id": 1326467473,
          "path": "QueryExecutorImpl.java"
        }
      ],
      "id": 46,
      "parent_id": 1,
      "thread_id": 36
    },
    {
      "defined_class": "org.finos.waltz.web.WebUtilities",
      "event": "call",
      "id": 47,
      "lineno": 321,
      "method_id": "reportException",
      "parameters": [
        {
          "class": "java.lang.Integer",
          "kind": "req",
          "name": "statusCode",
          "object_id": 927128845,
          "value": "409"
        },
        {
          "class": "java.lang.String",
          "kind": "req",
          "name": "errorCode",
          "object_id": 950550559,
          "value": "DATA_INTEGRITY"
        },
        {
          "class": "java.lang.String",
          "kind": "req",
          "name": "message",
          "object_id": 819348025,
          "value": "Data integrity violation detected: jooq; SQL [insert into \"access_log\" (\"params\", \"state\", \"user_id\", \"created_at\") values (?, ?, ?, cast(? as timestamp))]; ERROR: duplicate key value violates unique constraint \"access_log_pkey\"\n  Detail: Key (id)=(13545) already exists.; nested exception is org.postgresql.util.PSQLException: ERROR: duplicate key value violates unique constraint \"access_log_pkey\"\n  Detail: Key (id)=(13545) already exists."
        },
        {
          "class": "spark.http.matching.ResponseWrapper",
          "kind": "req",
          "name": "res",
          "object_id": 721862863,
          "value": "spark.Response@76e73d14"
        },
        {
          "class": "ch.qos.logback.classic.Logger",
          "kind": "req",
          "name": "log",
          "object_id": 1232506723,
          "value": "Logger[org.finos.waltz.web.Main]"
        }
      ],
      "path": "waltz-web/src/main/java/org/finos/waltz/web/WebUtilities.java",
      "static": true,
      "thread_id": 36
    },
    {
      "defined_class": "org.finos.waltz.web.WebUtilities",
      "event": "call",
      "id": 48,
      "lineno": 306,
      "method_id": "reportException",
      "parameters": [
        {
          "class": "java.lang.Integer",
          "kind": "req",
          "name": "statusCode",
          "object_id": 2110249331,
          "value": "409"
        },
        {
          "class": "java.util.Optional",
          "kind": "req",
          "name": "maybeErrorCode",
          "object_id": 1296051911,
          "value": "Optional[DATA_INTEGRITY]"
        },
        {
          "class": "java.lang.String",
          "kind": "req",
          "name": "message",
          "object_id": 819348025,
          "value": "Data integrity violation detected: jooq; SQL [insert into \"access_log\" (\"params\", \"state\", \"user_id\", \"created_at\") values (?, ?, ?, cast(? as timestamp))]; ERROR: duplicate key value violates unique constraint \"access_log_pkey\"\n  Detail: Key (id)=(13545) already exists.; nested exception is org.postgresql.util.PSQLException: ERROR: duplicate key value violates unique constraint \"access_log_pkey\"\n  Detail: Key (id)=(13545) already exists."
        },
        {
          "class": "spark.http.matching.ResponseWrapper",
          "kind": "req",
          "name": "res",
          "object_id": 721862863,
          "value": "spark.Response@76e73d14"
        },
        {
          "class": "ch.qos.logback.classic.Logger",
          "kind": "req",
          "name": "log",
          "object_id": 1232506723,
          "value": "Logger[org.finos.waltz.web.Main]"
        }
      ],
      "path": "waltz-web/src/main/java/org/finos/waltz/web/WebUtilities.java",
      "static": true,
      "thread_id": 36
    },
    {
      "defined_class": "org.finos.waltz.model.ImmutableWebError",
      "event": "call",
      "id": 49,
      "lineno": 197,
      "method_id": "builder",
      "path": "org/finos/waltz/model/ImmutableWebError.java",
      "static": true,
      "thread_id": 36
    },
    {
      "elapsed": 0.0000036,
      "event": "return",
      "id": 50,
      "parent_id": 49,
      "return_value": {
        "class": "org.finos.waltz.model.ImmutableWebError$Builder",
        "object_id": 1816869079,
        "value": "org.finos.waltz.model.ImmutableWebError$Builder@6c4b38d7"
      },
      "thread_id": 36
    },
    {
      "defined_class": "org.finos.waltz.model.ImmutableWebError$Builder",
      "event": "call",
      "id": 51,
      "lineno": 242,
      "method_id": "message",
      "parameters": [
        {
          "class": "java.lang.String",
          "kind": "req",
          "name": "message",
          "object_id": 819348025,
          "value": "Data integrity violation detected: jooq; SQL [insert into \"access_log\" (\"params\", \"state\", \"user_id\", \"created_at\") values (?, ?, ?, cast(? as timestamp))]; ERROR: duplicate key value violates unique constraint \"access_log_pkey\"\n  Detail: Key (id)=(13545) already exists.; nested exception is org.postgresql.util.PSQLException: ERROR: duplicate key value violates unique constraint \"access_log_pkey\"\n  Detail: Key (id)=(13545) already exists."
        }
      ],
      "path": "org/finos/waltz/model/ImmutableWebError.java",
      "receiver": {
        "class": "org.finos.waltz.model.ImmutableWebError$Builder",
        "object_id": 1816869079,
        "value": "org.finos.waltz.model.ImmutableWebError$Builder@6c4b38d7"
      },
      "static": false,
      "thread_id": 36
    },
    {
      "elapsed": 0.0000015,
      "event": "return",
      "id": 52,
      "parent_id": 51,
      "return_value": {
        "class": "org.finos.waltz.model.ImmutableWebError$Builder",
        "object_id": 1816869079,
        "value": "org.finos.waltz.model.ImmutableWebError$Builder@6c4b38d7"
      },
      "thread_id": 36
    },
    {
      "defined_class": "org.finos.waltz.model.ImmutableWebError$Builder",
      "event": "call",
      "id": 53,
      "lineno": 264,
      "method_id": "id",
      "parameters": [
        {
          "class": "java.util.Optional",
          "kind": "req",
          "name": "id",
          "object_id": 1296051911,
          "value": "Optional[DATA_INTEGRITY]"
        }
      ],
      "path": "org/finos/waltz/model/ImmutableWebError.java",
      "receiver": {
        "class": "org.finos.waltz.model.ImmutableWebError$Builder",
        "object_id": 1816869079,
        "value": "org.finos.waltz.model.ImmutableWebError$Builder@6c4b38d7"
      },
      "static": false,
      "thread_id": 36
    },
    {
      "elapsed": 0.0000012,
      "event": "return",
      "id": 54,
      "parent_id": 53,
      "return_value": {
        "class": "org.finos.waltz.model.ImmutableWebError$Builder",
        "object_id": 1816869079,
        "value": "org.finos.waltz.model.ImmutableWebError$Builder@6c4b38d7"
      },
      "thread_id": 36
    },
    {
      "defined_class": "org.finos.waltz.model.ImmutableWebError$Builder",
      "event": "call",
      "id": 55,
      "lineno": 274,
      "method_id": "build",
      "path": "org/finos/waltz/model/ImmutableWebError.java",
      "receiver": {
        "class": "org.finos.waltz.model.ImmutableWebError$Builder",
        "object_id": 1816869079,
        "value": "org.finos.waltz.model.ImmutableWebError$Builder@6c4b38d7"
      },
      "static": false,
      "thread_id": 36
    },
    {
      "elapsed": 0.0000023,
      "event": "return",
      "id": 56,
      "parent_id": 55,
      "return_value": {
        "class": "org.finos.waltz.model.ImmutableWebError",
        "object_id": 1846438125,
        "value": "WebError{message=Data integrity violation detected: jooq; SQL [insert into \"access_log\" (\"params\", \"state\", \"user_id\", \"created_at\") values (?, ?, ?, cast(? as timestamp))]; ERROR: duplicate key value violates unique constraint \"access_log_pkey\"\n  Detail: Key (id)=(13545) already exists.; nested exception is org.postgresql.util.PSQLException: ERROR: duplicate key value violates unique constraint \"access_log_pkey\"\n  Detail: Key (id)=(13545) already exists., id=DATA_INTEGRITY}"
      },
      "thread_id": 36
    },
    {
      "defined_class": "org.finos.waltz.web.WebUtilities",
      "event": "call",
      "id": 57,
      "lineno": 79,
      "method_id": "attemptRender",
      "parameters": [
        {
          "class": "spark.http.matching.ResponseWrapper",
          "kind": "req",
          "name": "res",
          "object_id": 721862863,
          "value": "spark.Response@76e73d14"
        },
        {
          "class": "org.finos.waltz.model.ImmutableWebError",
          "kind": "req",
          "name": "obj",
          "object_id": 1846438125,
          "value": "WebError{message=Data integrity violation detected: jooq; SQL [insert into \"access_log\" (\"params\", \"state\", \"user_id\", \"created_at\") values (?, ?, ?, cast(? as timestamp))]; ERROR: duplicate key value violates unique constraint \"access_log_pkey\"\n  Detail: Key (id)=(13545) already exists.; nested exception is org.postgresql.util.PSQLException: ERROR: duplicate key value violates unique constraint \"access_log_pkey\"\n  Detail: Key (id)=(13545) already exists., id=DATA_INTEGRITY}"
        },
        {
          "class": "ch.qos.logback.classic.Logger",
          "kind": "req",
          "name": "logger",
          "object_id": 1232506723,
          "value": "Logger[org.finos.waltz.web.Main]"
        }
      ],
      "path": "waltz-web/src/main/java/org/finos/waltz/web/WebUtilities.java",
      "static": true,
      "thread_id": 36
    },
    {
      "defined_class": "org.finos.waltz.common.Checks",
      "event": "call",
      "id": 58,
      "lineno": 37,
      "method_id": "checkNotNull",
      "parameters": [
        {
          "class": "spark.http.matching.ResponseWrapper",
          "kind": "req",
          "name": "t",
          "object_id": 721862863,
          "value": "spark.Response@76e73d14"
        },
        {
          "class": "java.lang.String",
          "kind": "req",
          "name": "message",
          "object_id": 1539597328,
          "value": "res must not be null"
        },
        {
          "class": "[Ljava.lang.Object;",
          "kind": "req",
          "name": "args",
          "object_id": 759244830,
          "value": "[Ljava.lang.Object;@2d41281e"
        }
      ],
      "path": "waltz-common/src/main/java/org/finos/waltz/common/Checks.java",
      "static": true,
      "thread_id": 36
    },
    {
      "defined_class": "org.finos.waltz.common.Checks",
      "event": "call",
      "id": 59,
      "lineno": 85,
      "method_id": "checkTrue",
      "parameters": [
        {
          "class": "java.lang.Boolean",
          "kind": "req",
          "name": "b",
          "object_id": 1639612098,
          "value": "true"
        },
        {
          "class": "java.lang.String",
          "kind": "req",
          "name": "msg",
          "object_id": 1539597328,
          "value": "res must not be null"
        },
        {
          "class": "[Ljava.lang.Object;",
          "kind": "req",
          "name": "args",
          "object_id": 759244830,
          "value": "[Ljava.lang.Object;@2d41281e"
        }
      ],
      "path": "waltz-common/src/main/java/org/finos/waltz/common/Checks.java",
      "static": true,
      "thread_id": 36
    },
    {
      "elapsed": 0.0000014,
      "event": "return",
      "id": 60,
      "parent_id": 59,
      "thread_id": 36
    },
    {
      "elapsed": 0.0000045,
      "event": "return",
      "id": 61,
      "parent_id": 58,
      "return_value": {
        "class": "spark.http.matching.ResponseWrapper",
        "object_id": 721862863,
        "value": "spark.Response@76e73d14"
      },
      "thread_id": 36
    },
    {
      "defined_class": "org.finos.waltz.common.Checks",
      "event": "call",
      "id": 62,
      "lineno": 37,
      "method_id": "checkNotNull",
      "parameters": [
        {
          "class": "org.finos.waltz.model.ImmutableWebError",
          "kind": "req",
          "name": "t",
          "object_id": 1846438125,
          "value": "WebError{message=Data integrity violation detected: jooq; SQL [insert into \"access_log\" (\"params\", \"state\", \"user_id\", \"created_at\") values (?, ?, ?, cast(? as timestamp))]; ERROR: duplicate key value violates unique constraint \"access_log_pkey\"\n  Detail: Key (id)=(13545) already exists.; nested exception is org.postgresql.util.PSQLException: ERROR: duplicate key value violates unique constraint \"access_log_pkey\"\n  Detail: Key (id)=(13545) already exists., id=DATA_INTEGRITY}"
        },
        {
          "class": "java.lang.String",
          "kind": "req",
          "name": "message",
          "object_id": 2051290661,
          "value": "obj must not be null"
        },
        {
          "class": "[Ljava.lang.Object;",
          "kind": "req",
          "name": "args",
          "object_id": 1631260007,
          "value": "[Ljava.lang.Object;@613b0d67"
        }
      ],
      "path": "waltz-common/src/main/java/org/finos/waltz/common/Checks.java",
      "static": true,
      "thread_id": 36
    },
    {
      "defined_class": "org.finos.waltz.common.Checks",
      "event": "call",
      "id": 63,
      "lineno": 85,
      "method_id": "checkTrue",
      "parameters": [
        {
          "class": "java.lang.Boolean",
          "kind": "req",
          "name": "b",
          "object_id": 1639612098,
          "value": "true"
        },
        {
          "class": "java.lang.String",
          "kind": "req",
          "name": "msg",
          "object_id": 2051290661,
          "value": "obj must not be null"
        },
        {
          "class": "[Ljava.lang.Object;",
          "kind": "req",
          "name": "args",
          "object_id": 1631260007,
          "value": "[Ljava.lang.Object;@613b0d67"
        }
      ],
      "path": "waltz-common/src/main/java/org/finos/waltz/common/Checks.java",
      "static": true,
      "thread_id": 36
    },
    {
      "elapsed": 0.0000027,
      "event": "return",
      "id": 64,
      "parent_id": 63,
      "thread_id": 36
    },
    {
      "elapsed": 0.0000047,
      "event": "return",
      "id": 65,
      "parent_id": 62,
      "return_value": {
        "class": "org.finos.waltz.model.ImmutableWebError",
        "object_id": 1846438125,
        "value": "WebError{message=Data integrity violation detected: jooq; SQL [insert into \"access_log\" (\"params\", \"state\", \"user_id\", \"created_at\") values (?, ?, ?, cast(? as timestamp))]; ERROR: duplicate key value violates unique constraint \"access_log_pkey\"\n  Detail: Key (id)=(13545) already exists.; nested exception is org.postgresql.util.PSQLException: ERROR: duplicate key value violates unique constraint \"access_log_pkey\"\n  Detail: Key (id)=(13545) already exists., id=DATA_INTEGRITY}"
      },
      "thread_id": 36
    },
    {
      "defined_class": "org.finos.waltz.common.Checks",
      "event": "call",
      "id": 66,
      "lineno": 37,
      "method_id": "checkNotNull",
      "parameters": [
        {
          "class": "ch.qos.logback.classic.Logger",
          "kind": "req",
          "name": "t",
          "object_id": 1232506723,
          "value": "Logger[org.finos.waltz.web.Main]"
        },
        {
          "class": "java.lang.String",
          "kind": "req",
          "name": "message",
          "object_id": 567131021,
          "value": "logger must not be null"
        },
        {
          "class": "[Ljava.lang.Object;",
          "kind": "req",
          "name": "args",
          "object_id": 1409485847,
          "value": "[Ljava.lang.Object;@54030c17"
        }
      ],
      "path": "waltz-common/src/main/java/org/finos/waltz/common/Checks.java",
      "static": true,
      "thread_id": 36
    },
    {
      "defined_class": "org.finos.waltz.common.Checks",
      "event": "call",
      "id": 67,
      "lineno": 85,
      "method_id": "checkTrue",
      "parameters": [
        {
          "class": "java.lang.Boolean",
          "kind": "req",
          "name": "b",
          "object_id": 1639612098,
          "value": "true"
        },
        {
          "class": "java.lang.String",
          "kind": "req",
          "name": "msg",
          "object_id": 567131021,
          "value": "logger must not be null"
        },
        {
          "class": "[Ljava.lang.Object;",
          "kind": "req",
          "name": "args",
          "object_id": 1409485847,
          "value": "[Ljava.lang.Object;@54030c17"
        }
      ],
      "path": "waltz-common/src/main/java/org/finos/waltz/common/Checks.java",
      "static": true,
      "thread_id": 36
    },
    {
      "elapsed": 0.0000012,
      "event": "return",
      "id": 68,
      "parent_id": 67,
      "thread_id": 36
    },
    {
      "elapsed": 0.0000035,
      "event": "return",
      "id": 69,
      "parent_id": 66,
      "return_value": {
        "class": "ch.qos.logback.classic.Logger",
        "object_id": 1232506723,
        "value": "Logger[org.finos.waltz.web.Main]"
      },
      "thread_id": 36
    },
    {
      "defined_class": "org.finos.waltz.model.ImmutableWebError",
      "event": "call",
      "id": 70,
      "lineno": 37,
      "method_id": "message",
      "path": "org/finos/waltz/model/ImmutableWebError.java",
      "receiver": {
        "class": "org.finos.waltz.model.ImmutableWebError",
        "object_id": 1846438125,
        "value": "WebError{message=Data integrity violation detected: jooq; SQL [insert into \"access_log\" (\"params\", \"state\", \"user_id\", \"created_at\") values (?, ?, ?, cast(? as timestamp))]; ERROR: duplicate key value violates unique constraint \"access_log_pkey\"\n  Detail: Key (id)=(13545) already exists.; nested exception is org.postgresql.util.PSQLException: ERROR: duplicate key value violates unique constraint \"access_log_pkey\"\n  Detail: Key (id)=(13545) already exists., id=DATA_INTEGRITY}"
      },
      "static": false,
      "thread_id": 36
    },
    {
      "elapsed": 0.0000014,
      "event": "return",
      "id": 71,
      "parent_id": 70,
      "return_value": {
        "class": "java.lang.String",
        "object_id": 819348025,
        "value": "Data integrity violation detected: jooq; SQL [insert into \"access_log\" (\"params\", \"state\", \"user_id\", \"created_at\") values (?, ?, ?, cast(? as timestamp))]; ERROR: duplicate key value violates unique constraint \"access_log_pkey\"\n  Detail: Key (id)=(13545) already exists.; nested exception is org.postgresql.util.PSQLException: ERROR: duplicate key value violates unique constraint \"access_log_pkey\"\n  Detail: Key (id)=(13545) already exists."
      },
      "thread_id": 36
    },
    {
      "defined_class": "org.finos.waltz.model.ImmutableWebError",
      "event": "call",
      "id": 72,
      "lineno": 46,
      "method_id": "id",
      "path": "org/finos/waltz/model/ImmutableWebError.java",
      "receiver": {
        "class": "org.finos.waltz.model.ImmutableWebError",
        "object_id": 1846438125,
        "value": "WebError{message=Data integrity violation detected: jooq; SQL [insert into \"access_log\" (\"params\", \"state\", \"user_id\", \"created_at\") values (?, ?, ?, cast(? as timestamp))]; ERROR: duplicate key value violates unique constraint \"access_log_pkey\"\n  Detail: Key (id)=(13545) already exists.; nested exception is org.postgresql.util.PSQLException: ERROR: duplicate key value violates unique constraint \"access_log_pkey\"\n  Detail: Key (id)=(13545) already exists., id=DATA_INTEGRITY}"
      },
      "static": false,
      "thread_id": 36
    },
    {
      "elapsed": 0.0000014,
      "event": "return",
      "id": 73,
      "parent_id": 72,
      "return_value": {
        "class": "java.util.Optional",
        "object_id": 1230462842,
        "value": "Optional[DATA_INTEGRITY]"
      },
      "thread_id": 36
    },
    {
      "elapsed": 0.0000301,
      "event": "return",
      "id": 74,
      "parent_id": 57,
      "thread_id": 36
    },
    {
      "elapsed": 0.000053,
      "event": "return",
      "id": 75,
      "parent_id": 48,
      "thread_id": 36
    },
    {
      "elapsed": 0.0000599,
      "event": "return",
      "id": 76,
      "parent_id": 47,
      "thread_id": 36
    }
  ],
  "version": "1.2",
  "metadata": {
    "name": "POST /api/access-log/main.app.view%7Cdata-flow-section (409) - 17:34:06.326",
    "app": "waltz",
    "language": {
      "name": "java",
      "version": "17.0.8+9-LTS-211",
      "engine": "Java HotSpot(TM) 64-Bit Server VM"
    },
    "client": {
      "name": "appmap-java",
      "url": "https://github.com/appland/appmap-java"
    },
    "recorder": {
      "name": "request_recording",
      "type": "requests"
    },
    "recording": {},
    "git": {
      "repository": "git@github.com:land-of-apps/waltz.git",
      "branch": "master",
      "commit": "4843ed86d43213c400243d4cf09afe5318490c9e"
    }
  },
  "classMap": [
    {
      "children": [
        {
          "children": [
            {
              "children": [
                {
                  "children": [
                    {
                      "children": [
                        {
                          "children": [
                            {
                              "name": "createdAt",
                              "type": "function",
                              "static": false,
                              "location": "waltz-model/src/main/java/org/finos/waltz/model/accesslog/AccessLog.java:40"
                            }
                          ],
                          "name": "AccessLog",
                          "type": "class"
                        },
                        {
                          "children": [
                            {
                              "name": "createdAt",
                              "type": "function",
                              "static": false,
                              "location": "org/finos/waltz/model/accesslog/ImmutableAccessLog.java:81"
                            },
                            {
                              "name": "params",
                              "type": "function",
                              "static": false,
                              "location": "org/finos/waltz/model/accesslog/ImmutableAccessLog.java:63"
                            },
                            {
                              "name": "builder",
                              "type": "function",
                              "static": true,
                              "location": "org/finos/waltz/model/accesslog/ImmutableAccessLog.java:270"
                            },
                            {
                              "name": "userId",
                              "type": "function",
                              "static": false,
                              "location": "org/finos/waltz/model/accesslog/ImmutableAccessLog.java:72"
                            },
                            {
                              "name": "state",
                              "type": "function",
                              "static": false,
                              "location": "org/finos/waltz/model/accesslog/ImmutableAccessLog.java:54"
                            }
                          ],
                          "name": "ImmutableAccessLog",
                          "type": "class"
                        },
                        {
                          "children": [
                            {
                              "name": "build",
                              "type": "function",
                              "static": false,
                              "location": "org/finos/waltz/model/accesslog/ImmutableAccessLog.java:365"
                            },
                            {
                              "name": "params",
                              "type": "function",
                              "static": false,
                              "location": "org/finos/waltz/model/accesslog/ImmutableAccessLog.java:330"
                            },
                            {
                              "name": "state",
                              "type": "function",
                              "static": false,
                              "location": "org/finos/waltz/model/accesslog/ImmutableAccessLog.java:318"
                            },
                            {
                              "name": "userId",
                              "type": "function",
                              "static": false,
                              "location": "org/finos/waltz/model/accesslog/ImmutableAccessLog.java:342"
                            }
                          ],
                          "name": "ImmutableAccessLog$Builder",
                          "type": "class"
                        }
                      ],
                      "name": "accesslog",
                      "type": "package"
                    },
                    {
                      "children": [
                        {
                          "name": "message",
                          "type": "function",
                          "static": false,
                          "location": "org/finos/waltz/model/ImmutableWebError.java:37"
                        },
                        {
                          "name": "builder",
                          "type": "function",
                          "static": true,
                          "location": "org/finos/waltz/model/ImmutableWebError.java:197"
                        },
                        {
                          "name": "id",
                          "type": "function",
                          "static": false,
                          "location": "org/finos/waltz/model/ImmutableWebError.java:46"
                        }
                      ],
                      "name": "ImmutableWebError",
                      "type": "class"
                    },
                    {
                      "children": [
                        {
                          "name": "message",
                          "type": "function",
                          "static": false,
                          "location": "org/finos/waltz/model/ImmutableWebError.java:242"
                        },
                        {
                          "name": "build",
                          "type": "function",
                          "static": false,
                          "location": "org/finos/waltz/model/ImmutableWebError.java:274"
                        },
                        {
                          "name": "id",
                          "type": "function",
                          "static": false,
                          "location": "org/finos/waltz/model/ImmutableWebError.java:264"
                        }
                      ],
                      "name": "ImmutableWebError$Builder",
                      "type": "class"
                    }
                  ],
                  "name": "model",
                  "type": "package"
                },
                {
                  "children": [
                    {
                      "children": [
                        {
                          "name": "exception",
                          "type": "function",
                          "static": false,
                          "location": "waltz-service/src/main/java/org/finos/waltz/service/SpringExceptionTranslationExecuteListener.java:25"
                        }
                      ],
                      "name": "SpringExceptionTranslationExecuteListener",
                      "type": "class"
                    },
                    {
                      "children": [
                        {
                          "name": "executeStart",
                          "type": "function",
                          "static": false,
                          "location": "waltz-service/src/main/java/org/finos/waltz/service/SlowQueryListener.java:59"
                        }
                      ],
                      "name": "SlowQueryListener",
                      "type": "class"
                    },
                    {
                      "children": [
                        {
                          "children": [
                            {
                              "name": "write",
                              "type": "function",
                              "static": false,
                              "location": "waltz-service/src/main/java/org/finos/waltz/service/access_log/AccessLogService.java:49"
                            }
                          ],
                          "name": "AccessLogService",
                          "type": "class"
                        }
                      ],
                      "name": "access_log",
                      "type": "package"
                    }
                  ],
                  "name": "service",
                  "type": "package"
                },
                {
                  "children": [
                    {
                      "children": [
                        {
                          "name": "attemptRender",
                          "type": "function",
                          "static": true,
                          "location": "waltz-web/src/main/java/org/finos/waltz/web/WebUtilities.java:79"
                        },
                        {
                          "name": "reportException",
                          "type": "function",
                          "static": true,
                          "location": "waltz-web/src/main/java/org/finos/waltz/web/WebUtilities.java:306"
                        },
                        {
                          "name": "reportException",
                          "type": "function",
                          "static": true,
                          "location": "waltz-web/src/main/java/org/finos/waltz/web/WebUtilities.java:321"
                        },
                        {
                          "name": "getUsername",
                          "type": "function",
                          "static": true,
                          "location": "waltz-web/src/main/java/org/finos/waltz/web/WebUtilities.java:171"
                        }
                      ],
                      "name": "WebUtilities",
                      "type": "class"
                    },
                    {
                      "children": [
                        {
                          "children": [
                            {
                              "children": [
                                {
                                  "name": "handle",
                                  "type": "function",
                                  "static": false,
                                  "location": "waltz-web/src/main/java/org/finos/waltz/web/endpoints/auth/JWTAuthenticationFilter.java:62"
                                }
                              ],
                              "name": "JWTAuthenticationFilter",
                              "type": "class"
                            },
                            {
                              "children": [
                                {
                                  "name": "getUsername",
                                  "type": "function",
                                  "static": true,
                                  "location": "waltz-web/src/main/java/org/finos/waltz/web/endpoints/auth/AuthenticationUtilities.java:37"
                                }
                              ],
                              "name": "AuthenticationUtilities",
                              "type": "class"
                            }
                          ],
                          "name": "auth",
                          "type": "package"
                        },
                        {
                          "children": [
                            {
                              "children": [
                                {
                                  "name": "writeRoute",
                                  "type": "function",
                                  "static": false,
                                  "location": "waltz-web/src/main/java/org/finos/waltz/web/endpoints/api/AccessLogEndpoint.java:79"
                                }
                              ],
                              "name": "AccessLogEndpoint",
                              "type": "class"
                            }
                          ],
                          "name": "api",
                          "type": "package"
                        }
                      ],
                      "name": "endpoints",
                      "type": "package"
                    }
                  ],
                  "name": "web",
                  "type": "package"
                },
                {
                  "children": [
                    {
                      "children": [
                        {
                          "children": [
                            {
                              "name": "write",
                              "type": "function",
                              "static": false,
                              "location": "waltz-data/src/main/java/org/finos/waltz/data/access_log/AccessLogDao.java:74"
                            }
                          ],
                          "name": "AccessLogDao",
                          "type": "class"
                        }
                      ],
                      "name": "access_log",
                      "type": "package"
                    }
                  ],
                  "name": "data",
                  "type": "package"
                },
                {
                  "children": [
                    {
                      "children": [
                        {
                          "name": "checkTrue",
                          "type": "function",
                          "static": true,
                          "location": "waltz-common/src/main/java/org/finos/waltz/common/Checks.java:85"
                        },
                        {
                          "name": "checkNotNull",
                          "type": "function",
                          "static": true,
                          "location": "waltz-common/src/main/java/org/finos/waltz/common/Checks.java:37"
                        }
                      ],
                      "name": "Checks",
                      "type": "class"
                    }
                  ],
                  "name": "common",
                  "type": "package"
                },
                {
                  "children": [
                    {
                      "children": [
                        {
                          "children": [
                            {
                              "name": "fieldsRow",
                              "type": "function",
                              "static": false,
                              "location": "org/finos/waltz/schema/tables/AccessLog.java:160"
                            }
                          ],
                          "name": "AccessLog",
                          "type": "class"
                        }
                      ],
                      "name": "tables",
                      "type": "package"
                    }
                  ],
                  "name": "schema",
                  "type": "package"
                }
              ],
              "name": "waltz",
              "type": "package"
            }
          ],
          "name": "finos",
          "type": "package"
        }
      ],
      "name": "org",
      "type": "package"
    },
    {
      "type": "http",
      "name": "HTTP server requests",
      "children": [
        {
          "type": "route",
          "name": "POST /api/access-log/main.app.view%7Cdata-flow-section"
        }
      ]
    },
    {
      "type": "database",
      "name": "Database",
      "children": [
        {
          "type": "query",
          "name": "insert into \"access_log\" (\"params\", \"state\", \"user_id\", \"created_at\") values (?, ?, ?, cast(? as timestamp))"
        }
      ]
    }
  ]
}