{
  "events": [
    {
      "event": "call",
      "http_server_request": {
        "headers": {
          "Accept": "application/json, text/plain, */*",
          "Connection": "keep-alive",
          "User-Agent": "Mozilla/5.0 (Macintosh; Intel Mac OS X 10_15_7) AppleWebKit/537.36 (KHTML, like Gecko) Chrome/125.0.0.0 Safari/537.36",
          "Referer": "http://localhost:8080/application/50",
          "Sec-Fetch-Site": "same-origin",
          "Sec-Fetch-Dest": "empty",
          "Host": "localhost:8080",
          "Accept-Encoding": "gzip, deflate, br, zstd",
          "Sec-Fetch-Mode": "cors",
          "sec-ch-ua": "\"Brave\";v=\"125\", \"Chromium\";v=\"125\", \"Not.A/Brand\";v=\"24\"",
          "sec-ch-ua-mobile": "?0",
          "Cache-Control": "max-age=0",
          "sec-ch-ua-platform": "\"macOS\"",
          "If-Modified-Since": "0",
          "Sec-GPC": "1",
          "Accept-Language": "en-US,en"
        },
        "path_info": "/api/client-cache-key/all",
        "protocol": "HTTP/1.1",
        "request_method": "GET"
      },
      "id": 1,
      "thread_id": 55
    },
    {
      "defined_class": "org.finos.waltz.web.endpoints.auth.JWTAuthenticationFilter",
      "event": "call",
      "id": 2,
      "lineno": 62,
      "method_id": "handle",
      "parameters": [
        {
          "class": "spark.http.matching.RequestWrapper",
          "kind": "req",
          "name": "request",
          "object_id": 673005448,
          "value": "spark.Request@4b04e924"
        },
        {
          "class": "spark.http.matching.ResponseWrapper",
          "kind": "req",
          "name": "response",
          "object_id": 1301016021,
          "value": "spark.Response@76cd35f1"
        }
      ],
      "path": "waltz-web/src/main/java/org/finos/waltz/web/endpoints/auth/JWTAuthenticationFilter.java",
      "receiver": {
        "class": "org.finos.waltz.web.endpoints.auth.JWTAuthenticationFilter",
        "object_id": 1161636242,
        "value": "org.finos.waltz.web.endpoints.auth.JWTAuthenticationFilter@453d2992"
      },
      "static": false,
      "thread_id": 55
    },
    {
      "elapsed": 0.0003776,
      "event": "return",
      "id": 3,
      "parent_id": 2,
      "thread_id": 55
    },
    {
      "defined_class": "org.finos.waltz.service.client_cache_key.ClientCacheKeyService",
      "event": "call",
      "id": 4,
      "lineno": 48,
      "method_id": "findAll",
      "path": "waltz-service/src/main/java/org/finos/waltz/service/client_cache_key/ClientCacheKeyService.java",
      "receiver": {
        "class": "org.finos.waltz.service.client_cache_key.ClientCacheKeyService",
        "object_id": 429087101,
        "value": "org.finos.waltz.service.client_cache_key.ClientCacheKeyService@1993597d"
      },
      "static": false,
      "thread_id": 55
    },
    {
      "defined_class": "org.finos.waltz.data.client_cache_key.ClientCacheKeyDao",
      "event": "call",
      "id": 5,
      "lineno": 58,
      "method_id": "findAll",
      "path": "waltz-data/src/main/java/org/finos/waltz/data/client_cache_key/ClientCacheKeyDao.java",
      "receiver": {
        "class": "org.finos.waltz.data.client_cache_key.ClientCacheKeyDao",
        "object_id": 1301025844,
        "value": "org.finos.waltz.data.client_cache_key.ClientCacheKeyDao@4d8c1434"
      },
      "static": false,
      "thread_id": 55
    },
    {
      "defined_class": "org.finos.waltz.schema.tables.ClientCacheKey",
      "event": "call",
      "id": 6,
      "lineno": 144,
      "method_id": "fieldsRow",
      "path": "org/finos/waltz/schema/tables/ClientCacheKey.java",
      "receiver": {
        "class": "org.finos.waltz.schema.tables.ClientCacheKey",
        "object_id": 1863136881,
        "value": "\"client_cache_key\""
      },
      "static": false,
      "thread_id": 55
    },
    {
      "elapsed": 0.0000251,
      "event": "return",
      "id": 7,
      "parent_id": 6,
      "return_value": {
        "class": "org.jooq.impl.RowImpl",
        "object_id": 938321375,
        "value": "(\"client_cache_key\".\"key\", \"client_cache_key\".\"guid\", \"client_cache_key\".\"last_updated_at\")"
      },
      "thread_id": 55
    },
    {
      "event": "call",
      "id": 8,
      "sql_query": {
        "database_type": "PostgreSQL",
        "sql": "select \"client_cache_key\".\"key\", \"client_cache_key\".\"guid\", \"client_cache_key\".\"last_updated_at\" from \"client_cache_key\""
      },
      "thread_id": 55
    },
    {
      "elapsed": 0.0004032,
      "event": "return",
      "id": 9,
      "parent_id": 8,
      "thread_id": 55
    },
    {
      "defined_class": "org.finos.waltz.service.SlowQueryListener",
      "event": "call",
      "id": 10,
      "lineno": 59,
      "method_id": "executeStart",
      "parameters": [
        {
          "class": "org.jooq.impl.DefaultExecuteContext",
          "kind": "req",
          "name": "ctx",
          "object_id": 630854578,
          "value": "org.jooq.impl.DefaultExecuteContext@259a13b2"
        }
      ],
      "path": "waltz-service/src/main/java/org/finos/waltz/service/SlowQueryListener.java",
      "receiver": {
        "class": "org.finos.waltz.service.SlowQueryListener",
        "object_id": 1526683037,
        "value": "org.finos.waltz.service.SlowQueryListener@5aff559d"
      },
      "static": false,
      "thread_id": 55
    },
    {
      "elapsed": 0.0000555,
      "event": "return",
      "id": 11,
      "parent_id": 10,
      "thread_id": 55
    },
    {
      "defined_class": "org.finos.waltz.service.SlowQueryListener",
      "event": "call",
      "id": 12,
      "lineno": 66,
      "method_id": "executeEnd",
      "parameters": [
        {
          "class": "org.jooq.impl.DefaultExecuteContext",
          "kind": "req",
          "name": "ctx",
          "object_id": 630854578,
          "value": "org.jooq.impl.DefaultExecuteContext@259a13b2"
        }
      ],
      "path": "waltz-service/src/main/java/org/finos/waltz/service/SlowQueryListener.java",
      "receiver": {
        "class": "org.finos.waltz.service.SlowQueryListener",
        "object_id": 1526683037,
        "value": "org.finos.waltz.service.SlowQueryListener@5aff559d"
      },
      "static": false,
      "thread_id": 55
    },
    {
      "elapsed": 0.0000073,
      "event": "return",
      "id": 13,
      "parent_id": 12,
      "thread_id": 55
    },
    {
      "defined_class": "org.finos.waltz.schema.tables.ClientCacheKey",
      "event": "call",
      "id": 14,
      "lineno": 144,
      "method_id": "fieldsRow",
      "path": "org/finos/waltz/schema/tables/ClientCacheKey.java",
      "receiver": {
        "class": "org.finos.waltz.schema.tables.ClientCacheKey",
        "object_id": 1863136881,
        "value": "\"client_cache_key\""
      },
      "static": false,
      "thread_id": 55
    },
    {
      "elapsed": 0.0000027,
      "event": "return",
      "id": 15,
      "parent_id": 14,
      "return_value": {
        "class": "org.jooq.impl.RowImpl",
        "object_id": 1447449991,
        "value": "(\"client_cache_key\".\"key\", \"client_cache_key\".\"guid\", \"client_cache_key\".\"last_updated_at\")"
      },
      "thread_id": 55
    },
    {
      "defined_class": "org.finos.waltz.schema.tables.ClientCacheKey",
      "event": "call",
      "id": 16,
      "lineno": 144,
      "method_id": "fieldsRow",
      "path": "org/finos/waltz/schema/tables/ClientCacheKey.java",
      "receiver": {
        "class": "org.finos.waltz.schema.tables.ClientCacheKey",
        "object_id": 1863136881,
        "value": "\"client_cache_key\""
      },
      "static": false,
      "thread_id": 55
    },
    {
      "elapsed": 0.0000799,
      "event": "return",
      "id": 17,
      "parent_id": 16,
      "return_value": {
        "class": "org.jooq.impl.RowImpl",
        "object_id": 1813781597,
        "value": "(\"client_cache_key\".\"key\", \"client_cache_key\".\"guid\", \"client_cache_key\".\"last_updated_at\")"
      },
      "thread_id": 55
    },
    {
      "defined_class": "org.finos.waltz.schema.tables.ClientCacheKey",
      "event": "call",
      "id": 18,
      "lineno": 144,
      "method_id": "fieldsRow",
      "path": "org/finos/waltz/schema/tables/ClientCacheKey.java",
      "receiver": {
        "class": "org.finos.waltz.schema.tables.ClientCacheKey",
        "object_id": 1863136881,
        "value": "\"client_cache_key\""
      },
      "static": false,
      "thread_id": 55
    },
    {
      "elapsed": 0.0000036,
      "event": "return",
      "id": 19,
      "parent_id": 18,
      "return_value": {
        "class": "org.jooq.impl.RowImpl",
        "object_id": 135431732,
        "value": "(\"client_cache_key\".\"key\", \"client_cache_key\".\"guid\", \"client_cache_key\".\"last_updated_at\")"
      },
      "thread_id": 55
    },
    {
      "defined_class": "org.finos.waltz.model.client_cache_key.ImmutableClientCacheKey",
      "event": "call",
      "id": 20,
      "lineno": 228,
      "method_id": "builder",
      "path": "org/finos/waltz/model/client_cache_key/ImmutableClientCacheKey.java",
      "static": true,
      "thread_id": 55
    },
    {
      "elapsed": 0.0000034,
      "event": "return",
      "id": 21,
      "parent_id": 20,
      "return_value": {
        "class": "org.finos.waltz.model.client_cache_key.ImmutableClientCacheKey$Builder",
        "object_id": 2050092866,
        "value": "org.finos.waltz.model.client_cache_key.ImmutableClientCacheKey$Builder@7a31ef42"
      },
      "thread_id": 55
    },
    {
      "defined_class": "org.finos.waltz.model.client_cache_key.ImmutableClientCacheKey$Builder",
      "event": "call",
      "id": 22,
      "lineno": 273,
      "method_id": "key",
      "parameters": [
        {
          "class": "java.lang.String",
          "kind": "req",
          "name": "key",
          "object_id": 1772884639,
          "value": "TAXONOMY"
        }
      ],
      "path": "org/finos/waltz/model/client_cache_key/ImmutableClientCacheKey.java",
      "receiver": {
        "class": "org.finos.waltz.model.client_cache_key.ImmutableClientCacheKey$Builder",
        "object_id": 2050092866,
        "value": "org.finos.waltz.model.client_cache_key.ImmutableClientCacheKey$Builder@7a31ef42"
      },
      "static": false,
      "thread_id": 55
    },
    {
      "elapsed": 0.0000024,
      "event": "return",
      "id": 23,
      "parent_id": 22,
      "return_value": {
        "class": "org.finos.waltz.model.client_cache_key.ImmutableClientCacheKey$Builder",
        "object_id": 2050092866,
        "value": "org.finos.waltz.model.client_cache_key.ImmutableClientCacheKey$Builder@7a31ef42"
      },
      "thread_id": 55
    },
    {
      "defined_class": "org.finos.waltz.model.client_cache_key.ImmutableClientCacheKey$Builder",
      "event": "call",
      "id": 24,
      "lineno": 285,
      "method_id": "guid",
      "parameters": [
        {
          "class": "java.lang.String",
          "kind": "req",
          "name": "guid",
          "object_id": 1700664579,
          "value": "c8817e20-6cfe-4c0b-9f34-357e82ad17b9"
        }
      ],
      "path": "org/finos/waltz/model/client_cache_key/ImmutableClientCacheKey.java",
      "receiver": {
        "class": "org.finos.waltz.model.client_cache_key.ImmutableClientCacheKey$Builder",
        "object_id": 2050092866,
        "value": "org.finos.waltz.model.client_cache_key.ImmutableClientCacheKey$Builder@7a31ef42"
      },
      "static": false,
      "thread_id": 55
    },
    {
      "elapsed": 0.0000019,
      "event": "return",
      "id": 25,
      "parent_id": 24,
      "return_value": {
        "class": "org.finos.waltz.model.client_cache_key.ImmutableClientCacheKey$Builder",
        "object_id": 2050092866,
        "value": "org.finos.waltz.model.client_cache_key.ImmutableClientCacheKey$Builder@7a31ef42"
      },
      "thread_id": 55
    },
    {
      "defined_class": "org.finos.waltz.model.client_cache_key.ImmutableClientCacheKey$Builder",
      "event": "call",
      "id": 26,
      "lineno": 298,
      "method_id": "lastUpdatedAt",
      "parameters": [
        {
          "class": "java.time.LocalDateTime",
          "kind": "req",
          "name": "lastUpdatedAt",
          "object_id": 2044796090,
          "value": "2022-09-05T11:00:29.951"
        }
      ],
      "path": "org/finos/waltz/model/client_cache_key/ImmutableClientCacheKey.java",
      "receiver": {
        "class": "org.finos.waltz.model.client_cache_key.ImmutableClientCacheKey$Builder",
        "object_id": 2050092866,
        "value": "org.finos.waltz.model.client_cache_key.ImmutableClientCacheKey$Builder@7a31ef42"
      },
      "static": false,
      "thread_id": 55
    },
    {
      "elapsed": 0.0000021,
      "event": "return",
      "id": 27,
      "parent_id": 26,
      "return_value": {
        "class": "org.finos.waltz.model.client_cache_key.ImmutableClientCacheKey$Builder",
        "object_id": 2050092866,
        "value": "org.finos.waltz.model.client_cache_key.ImmutableClientCacheKey$Builder@7a31ef42"
      },
      "thread_id": 55
    },
    {
      "defined_class": "org.finos.waltz.model.client_cache_key.ImmutableClientCacheKey$Builder",
      "event": "call",
      "id": 28,
      "lineno": 308,
      "method_id": "build",
      "path": "org/finos/waltz/model/client_cache_key/ImmutableClientCacheKey.java",
      "receiver": {
        "class": "org.finos.waltz.model.client_cache_key.ImmutableClientCacheKey$Builder",
        "object_id": 2050092866,
        "value": "org.finos.waltz.model.client_cache_key.ImmutableClientCacheKey$Builder@7a31ef42"
      },
      "static": false,
      "thread_id": 55
    },
    {
      "elapsed": 0.0000019,
      "event": "return",
      "id": 29,
      "parent_id": 28,
      "return_value": {
        "class": "org.finos.waltz.model.client_cache_key.ImmutableClientCacheKey",
        "object_id": 215988027,
        "value": "ClientCacheKey{key=TAXONOMY, guid=c8817e20-6cfe-4c0b-9f34-357e82ad17b9, lastUpdatedAt=2022-09-05T11:00:29.951}"
      },
      "thread_id": 55
    },
    {
      "elapsed": 0.0010304,
      "event": "return",
      "id": 30,
      "parent_id": 5,
      "return_value": {
        "class": "java.util.ArrayList",
        "object_id": 99513557,
        "value": "[ClientCacheKey{key=TAXONOMY, guid=c8817e20-6cfe-4c0b-9f34-357e82ad17b9, lastUpdatedAt=2022-09-05T11:00:29.951}]"
      },
      "thread_id": 55
    },
    {
      "elapsed": 0.001037,
      "event": "return",
      "id": 31,
      "parent_id": 4,
      "return_value": {
        "class": "java.util.ArrayList",
        "object_id": 99513557,
        "value": "[ClientCacheKey{key=TAXONOMY, guid=c8817e20-6cfe-4c0b-9f34-357e82ad17b9, lastUpdatedAt=2022-09-05T11:00:29.951}]"
      },
      "thread_id": 55
    },
    {
      "defined_class": "org.finos.waltz.model.client_cache_key.ImmutableClientCacheKey",
      "event": "call",
      "id": 32,
      "lineno": 47,
      "method_id": "key",
      "path": "org/finos/waltz/model/client_cache_key/ImmutableClientCacheKey.java",
      "receiver": {
        "class": "org.finos.waltz.model.client_cache_key.ImmutableClientCacheKey",
        "object_id": 215988027,
        "value": "ClientCacheKey{key=TAXONOMY, guid=c8817e20-6cfe-4c0b-9f34-357e82ad17b9, lastUpdatedAt=2022-09-05T11:00:29.951}"
      },
      "static": false,
      "thread_id": 55
    },
    {
      "elapsed": 0.0004388,
      "event": "return",
      "id": 33,
      "parent_id": 32,
      "return_value": {
        "class": "java.lang.String",
        "object_id": 1772884639,
        "value": "TAXONOMY"
      },
      "thread_id": 55
    },
    {
      "defined_class": "org.finos.waltz.model.client_cache_key.ImmutableClientCacheKey",
      "event": "call",
      "id": 34,
      "lineno": 56,
      "method_id": "guid",
      "path": "org/finos/waltz/model/client_cache_key/ImmutableClientCacheKey.java",
      "receiver": {
        "class": "org.finos.waltz.model.client_cache_key.ImmutableClientCacheKey",
        "object_id": 215988027,
        "value": "ClientCacheKey{key=TAXONOMY, guid=c8817e20-6cfe-4c0b-9f34-357e82ad17b9, lastUpdatedAt=2022-09-05T11:00:29.951}"
      },
      "static": false,
      "thread_id": 55
    },
    {
      "elapsed": 0.0000044,
      "event": "return",
      "id": 35,
      "parent_id": 34,
      "return_value": {
        "class": "java.lang.String",
        "object_id": 1700664579,
        "value": "c8817e20-6cfe-4c0b-9f34-357e82ad17b9"
      },
      "thread_id": 55
    },
    {
      "defined_class": "org.finos.waltz.model.client_cache_key.ImmutableClientCacheKey",
      "event": "call",
      "id": 36,
      "lineno": 65,
      "method_id": "lastUpdatedAt",
      "path": "org/finos/waltz/model/client_cache_key/ImmutableClientCacheKey.java",
      "receiver": {
        "class": "org.finos.waltz.model.client_cache_key.ImmutableClientCacheKey",
        "object_id": 215988027,
        "value": "ClientCacheKey{key=TAXONOMY, guid=c8817e20-6cfe-4c0b-9f34-357e82ad17b9, lastUpdatedAt=2022-09-05T11:00:29.951}"
      },
      "static": false,
      "thread_id": 55
    },
    {
      "elapsed": 0.0000083,
      "event": "return",
      "id": 37,
      "parent_id": 36,
      "return_value": {
        "class": "java.time.LocalDateTime",
        "object_id": 2044796090,
        "value": "2022-09-05T11:00:29.951"
      },
      "thread_id": 55
    },
    {
      "elapsed": 0.0023053,
      "event": "return",
      "http_server_response": {
        "headers": {
          "Access-Control-Expose-Headers": "*",
          "Access-Control-Allow-Origin": "*",
          "Date": "Tue, 04 Jun 2024 17:36:17 GMT",
          "Content-Type": "application/json"
        },
        "status": 200
      },
      "id": 38,
      "parent_id": 1,
      "thread_id": 55
    }
  ],
  "version": "1.2",
  "metadata": {
    "name": "GET /api/client-cache-key/all (200) - 17:36:17.614",
    "app": "waltz",
    "language": {
      "name": "java",
      "version": "17.0.8+9-LTS-211",
      "engine": "Java HotSpot(TM) 64-Bit Server VM"
    },
    "client": {
      "name": "appmap-java",
      "url": "https://github.com/appland/appmap-java"
    },
    "recorder": {
      "name": "request_recording",
      "type": "requests"
    },
    "recording": {},
    "git": {
      "repository": "git@github.com:land-of-apps/waltz.git",
      "branch": "master",
      "commit": "4843ed86d43213c400243d4cf09afe5318490c9e"
    }
  },
  "classMap": [
    {
      "children": [
        {
          "children": [
            {
              "children": [
                {
                  "children": [
                    {
                      "children": [
                        {
                          "children": [
                            {
                              "name": "key",
                              "type": "function",
                              "static": false,
                              "location": "org/finos/waltz/model/client_cache_key/ImmutableClientCacheKey.java:273"
                            },
                            {
                              "name": "lastUpdatedAt",
                              "type": "function",
                              "static": false,
                              "location": "org/finos/waltz/model/client_cache_key/ImmutableClientCacheKey.java:298"
                            },
                            {
                              "name": "build",
                              "type": "function",
                              "static": false,
                              "location": "org/finos/waltz/model/client_cache_key/ImmutableClientCacheKey.java:308"
                            },
                            {
                              "name": "guid",
                              "type": "function",
                              "static": false,
                              "location": "org/finos/waltz/model/client_cache_key/ImmutableClientCacheKey.java:285"
                            }
                          ],
                          "name": "ImmutableClientCacheKey$Builder",
                          "type": "class"
                        },
                        {
                          "children": [
                            {
                              "name": "lastUpdatedAt",
                              "type": "function",
                              "static": false,
                              "location": "org/finos/waltz/model/client_cache_key/ImmutableClientCacheKey.java:65"
                            },
                            {
                              "name": "key",
                              "type": "function",
                              "static": false,
                              "location": "org/finos/waltz/model/client_cache_key/ImmutableClientCacheKey.java:47"
                            },
                            {
                              "name": "builder",
                              "type": "function",
                              "static": true,
                              "location": "org/finos/waltz/model/client_cache_key/ImmutableClientCacheKey.java:228"
                            },
                            {
                              "name": "guid",
                              "type": "function",
                              "static": false,
                              "location": "org/finos/waltz/model/client_cache_key/ImmutableClientCacheKey.java:56"
                            }
                          ],
                          "name": "ImmutableClientCacheKey",
                          "type": "class"
                        }
                      ],
                      "name": "client_cache_key",
                      "type": "package"
                    }
                  ],
                  "name": "model",
                  "type": "package"
                },
                {
                  "children": [
                    {
                      "children": [
                        {
                          "children": [
                            {
                              "name": "findAll",
                              "type": "function",
                              "static": false,
                              "location": "waltz-service/src/main/java/org/finos/waltz/service/client_cache_key/ClientCacheKeyService.java:48"
                            }
                          ],
                          "name": "ClientCacheKeyService",
                          "type": "class"
                        }
                      ],
                      "name": "client_cache_key",
                      "type": "package"
                    },
                    {
                      "children": [
                        {
                          "name": "executeEnd",
                          "type": "function",
                          "static": false,
                          "location": "waltz-service/src/main/java/org/finos/waltz/service/SlowQueryListener.java:66"
                        },
                        {
                          "name": "executeStart",
                          "type": "function",
                          "static": false,
                          "location": "waltz-service/src/main/java/org/finos/waltz/service/SlowQueryListener.java:59"
                        }
                      ],
                      "name": "SlowQueryListener",
                      "type": "class"
                    }
                  ],
                  "name": "service",
                  "type": "package"
                },
                {
                  "children": [
                    {
                      "children": [
                        {
                          "children": [
                            {
                              "name": "findAll",
                              "type": "function",
                              "static": false,
                              "location": "waltz-data/src/main/java/org/finos/waltz/data/client_cache_key/ClientCacheKeyDao.java:58"
                            }
                          ],
                          "name": "ClientCacheKeyDao",
                          "type": "class"
                        }
                      ],
                      "name": "client_cache_key",
                      "type": "package"
                    }
                  ],
                  "name": "data",
                  "type": "package"
                },
                {
                  "children": [
                    {
                      "children": [
                        {
                          "children": [
                            {
                              "children": [
                                {
                                  "name": "handle",
                                  "type": "function",
                                  "static": false,
                                  "location": "waltz-web/src/main/java/org/finos/waltz/web/endpoints/auth/JWTAuthenticationFilter.java:62"
                                }
                              ],
                              "name": "JWTAuthenticationFilter",
                              "type": "class"
                            }
                          ],
                          "name": "auth",
                          "type": "package"
                        }
                      ],
                      "name": "endpoints",
                      "type": "package"
                    }
                  ],
                  "name": "web",
                  "type": "package"
                },
                {
                  "children": [
                    {
                      "children": [
                        {
                          "children": [
                            {
                              "name": "fieldsRow",
                              "type": "function",
                              "static": false,
                              "location": "org/finos/waltz/schema/tables/ClientCacheKey.java:144"
                            }
                          ],
                          "name": "ClientCacheKey",
                          "type": "class"
                        }
                      ],
                      "name": "tables",
                      "type": "package"
                    }
                  ],
                  "name": "schema",
                  "type": "package"
                }
              ],
              "name": "waltz",
              "type": "package"
            }
          ],
          "name": "finos",
          "type": "package"
        }
      ],
      "name": "org",
      "type": "package"
    },
    {
      "type": "http",
      "name": "HTTP server requests",
      "children": [
        {
          "type": "route",
          "name": "GET /api/client-cache-key/all"
        }
      ]
    },
    {
      "type": "database",
      "name": "Database",
      "children": [
        {
          "type": "query",
          "name": "select \"client_cache_key\".\"key\", \"client_cache_key\".\"guid\", \"client_cache_key\".\"last_updated_at\" from \"client_cache_key\""
        }
      ]
    }
  ]
}