{
  "events": [
    {
      "event": "call",
      "http_server_request": {
        "headers": {
          "Cookie": "appland_session=bFU5p0cvqrcXlz2oQfgEZG3%2BQjfds2AwmlOA%2Fx5fhQLjPvVHIKrHyvnbeq5nw8c5sME56znPsnpSSzB3nr%2BHfdk9sEC9MgOgNKjgjD8qlzGqDVuwRPr30ch96LWGIDwuITrAUwQGqlUw7%2Fdsq0tjrfHFPTlemq71kQtCAIi9JTRWo5tLPJlG%2F9JtfTuiWIfWg8X67ZkAOuaapIHdaA5w5QtwMr7h34LfseImCERQpzoz9xTqJYqSi2SJ9RE1eVw2jyYFG9IGPA4d1USUIXvAmeaMOQ9Z%2BDmKhiIRXve6%2BzO47%2F2RW1kaH2PND2r0EKz%2BaWMbrXswEaj2kjwx09pTJANR5arO0I9c2RelyrURJyvI%2FZ8OwnG99VyxbE2scovqFvxwhmhXr1KDOxpRle3VOJSpxXtFaDjv2TSSbtqGkIj4T51u58xasM4KbZUpapu5OQ5ENf%2FSMADW4DHmCrSQJ14SgVbNtrazlgwdph5p0AKax1l0Bw7j0jz2SGT9C5HMnzVyZdV59G6paFrgLqvtGuXdWr4VeJt2tPVftjki2S0LpmpTAacYMTeiz0JRvAUI2MTy5coFmozGwP2tYolztMsGb%2Bss8Pp0ZRYy8EsEs78L1J1nDMR5VCJ5yVhSq8JXZA7Misee05vblyt4OMHf9CA4AMzWpe2NbExRxiHuW%2Bkx%2F83vj%2Btrqn1QRG33cQUOn3jl8nfSuSLj5p0K5PYVYnXJu8E7RhAyqpC6J23a%2F8B4qsDAOrIrUYPQAWaYOsjd0i3Q5y49d77RlVc7zyyLJxFNVWLlYCD5BrfOMpyF2f9InowPEQei23xjT4UE0W3dXZP1xhk5wDvQ--zbb2b%2Flld908TQxF--8LcY2kn8%2BBw8bSaDiyP6LQ%3D%3D",
          "Accept": "application/json, text/plain, */*",
          "Connection": "keep-alive",
          "User-Agent": "Mozilla/5.0 (Macintosh; Intel Mac OS X 10_15_7) AppleWebKit/537.36 (KHTML, like Gecko) Chrome/125.0.0.0 Safari/537.36",
          "Referer": "http://localhost:8080/",
          "Sec-Fetch-Site": "same-origin",
          "Sec-Fetch-Dest": "empty",
          "Host": "localhost:8080",
          "Accept-Encoding": "gzip, deflate, br, zstd",
          "Sec-Fetch-Mode": "cors",
          "sec-ch-ua": "\"Google Chrome\";v=\"125\", \"Chromium\";v=\"125\", \"Not.A/Brand\";v=\"24\"",
          "sec-ch-ua-mobile": "?0",
          "Cache-Control": "max-age=0",
          "sec-ch-ua-platform": "\"macOS\"",
          "If-Modified-Since": "0",
          "Accept-Language": "en-US,en;q=0.9"
        },
        "path_info": "/api/favourites/group",
        "protocol": "HTTP/1.1",
        "request_method": "GET"
      },
      "id": 1,
      "thread_id": 31
    },
    {
      "defined_class": "org.finos.waltz.web.endpoints.auth.JWTAuthenticationFilter",
      "event": "call",
      "id": 2,
      "lineno": 62,
      "method_id": "handle",
      "parameters": [
        {
          "class": "spark.http.matching.RequestWrapper",
          "kind": "req",
          "name": "request",
          "object_id": 1757889233,
          "value": "spark.Request@16e3af4f"
        },
        {
          "class": "spark.http.matching.ResponseWrapper",
          "kind": "req",
          "name": "response",
          "object_id": 434746255,
          "value": "spark.Response@44d9ecca"
        }
      ],
      "path": "waltz-web/src/main/java/org/finos/waltz/web/endpoints/auth/JWTAuthenticationFilter.java",
      "receiver": {
        "class": "org.finos.waltz.web.endpoints.auth.JWTAuthenticationFilter",
        "object_id": 54642872,
        "value": "org.finos.waltz.web.endpoints.auth.JWTAuthenticationFilter@341c8b8"
      },
      "static": false,
      "thread_id": 31
    },
    {
      "elapsed": 0.0000153,
      "event": "return",
      "id": 3,
      "parent_id": 2,
      "thread_id": 31
    },
    {
      "defined_class": "org.finos.waltz.web.WebUtilities",
      "event": "call",
      "id": 4,
      "lineno": 171,
      "method_id": "getUsername",
      "parameters": [
        {
          "class": "spark.http.matching.RequestWrapper",
          "kind": "req",
          "name": "request",
          "object_id": 1757889233,
          "value": "spark.Request@16daef4a"
        }
      ],
      "path": "waltz-web/src/main/java/org/finos/waltz/web/WebUtilities.java",
      "static": true,
      "thread_id": 31
    },
    {
      "defined_class": "org.finos.waltz.web.endpoints.auth.AuthenticationUtilities",
      "event": "call",
      "id": 5,
      "lineno": 37,
      "method_id": "getUsername",
      "parameters": [
        {
          "class": "spark.http.matching.RequestWrapper",
          "kind": "req",
          "name": "request",
          "object_id": 1757889233,
          "value": "spark.Request@16daef4a"
        }
      ],
      "path": "waltz-web/src/main/java/org/finos/waltz/web/endpoints/auth/AuthenticationUtilities.java",
      "static": true,
      "thread_id": 31
    },
    {
      "elapsed": 0.0000037,
      "event": "return",
      "id": 6,
      "parent_id": 5,
      "return_value": {
        "class": "java.lang.String",
        "object_id": 1264015556,
        "value": "anonymous"
      },
      "thread_id": 31
    },
    {
      "elapsed": 0.0000103,
      "event": "return",
      "id": 7,
      "parent_id": 4,
      "return_value": {
        "class": "java.lang.String",
        "object_id": 1264015556,
        "value": "anonymous"
      },
      "thread_id": 31
    },
    {
      "defined_class": "org.finos.waltz.service.app_group.FavouritesService",
      "event": "call",
      "id": 8,
      "lineno": 71,
      "method_id": "getFavouritesGroup",
      "parameters": [
        {
          "class": "java.lang.String",
          "kind": "req",
          "name": "username",
          "object_id": 1264015556,
          "value": "anonymous"
        }
      ],
      "path": "waltz-service/src/main/java/org/finos/waltz/service/app_group/FavouritesService.java",
      "receiver": {
        "class": "org.finos.waltz.service.app_group.FavouritesService",
        "object_id": 1601326474,
        "value": "org.finos.waltz.service.app_group.FavouritesService@5f724d8a"
      },
      "static": false,
      "thread_id": 31
    },
    {
      "defined_class": "org.finos.waltz.data.app_group.AppGroupDao",
      "event": "call",
      "id": 9,
      "lineno": 124,
      "method_id": "getFavouritesGroupForOwner",
      "parameters": [
        {
          "class": "java.lang.String",
          "kind": "req",
          "name": "userId",
          "object_id": 1264015556,
          "value": "anonymous"
        }
      ],
      "path": "waltz-data/src/main/java/org/finos/waltz/data/app_group/AppGroupDao.java",
      "receiver": {
        "class": "org.finos.waltz.data.app_group.AppGroupDao",
        "object_id": 1862577394,
        "value": "org.finos.waltz.data.app_group.AppGroupDao@6f04acf2"
      },
      "static": false,
      "thread_id": 31
    },
    {
      "defined_class": "org.finos.waltz.data.app_group.AppGroupDao",
      "event": "call",
      "id": 10,
      "lineno": 346,
      "method_id": "findGroupsOwnedByUser",
      "parameters": [
        {
          "class": "java.lang.String",
          "kind": "req",
          "name": "userId",
          "object_id": 1264015556,
          "value": "anonymous"
        }
      ],
      "path": "waltz-data/src/main/java/org/finos/waltz/data/app_group/AppGroupDao.java",
      "receiver": {
        "class": "org.finos.waltz.data.app_group.AppGroupDao",
        "object_id": 1862577394,
        "value": "org.finos.waltz.data.app_group.AppGroupDao@6f04acf2"
      },
      "static": false,
      "thread_id": 31
    },
    {
      "elapsed": 0.0000309,
      "event": "return",
      "id": 11,
      "parent_id": 10,
      "return_value": {
        "class": "org.jooq.impl.SelectImpl",
        "object_id": 1240007938,
        "value": "select \"application_group_member\".\"group_id\"\nfrom \"application_group_member\"\n  join \"application_group\"\n    on \"application_group_member\".\"group_id\" = \"application_group\".\"id\"\nwhere (\n  \"application_group_member\".\"user_id\" = 'anonymous'\n  and \"application_group_member\".\"role\" = 'OWNER'\n)"
      },
      "thread_id": 31
    },
    {
      "defined_class": "org.finos.waltz.schema.tables.ApplicationGroup",
      "event": "call",
      "id": 12,
      "lineno": 169,
      "method_id": "fieldsRow",
      "path": "org/finos/waltz/schema/tables/ApplicationGroup.java",
      "receiver": {
        "class": "org.finos.waltz.schema.tables.ApplicationGroup",
        "object_id": 241664103,
        "value": "\"application_group\""
      },
      "static": false,
      "thread_id": 31
    },
    {
      "elapsed": 0.0000424,
      "event": "return",
      "id": 13,
      "parent_id": 12,
      "return_value": {
        "class": "org.jooq.impl.RowImpl",
        "object_id": 1113399113,
        "value": "(\"application_group\".\"id\", \"application_group\".\"name\", \"application_group\".\"kind\", \"application_group\".\"description\", \"application_group\".\"external_id\", \"application_group\".\"is_removed\", \"application_group\".\"is_favourite_group\")"
      },
      "thread_id": 31
    },
    {
      "event": "call",
      "id": 14,
      "sql_query": {
        "database_type": "PostgreSQL",
        "sql": "select \"application_group\".\"id\", \"application_group\".\"name\", \"application_group\".\"kind\", \"application_group\".\"description\", \"application_group\".\"external_id\", \"application_group\".\"is_removed\", \"application_group\".\"is_favourite_group\" from \"application_group\" where (\"application_group\".\"id\" in (select \"application_group_member\".\"group_id\" from \"application_group_member\" join \"application_group\" on \"application_group_member\".\"group_id\" = \"application_group\".\"id\" where (\"application_group_member\".\"user_id\" = ? and \"application_group_member\".\"role\" = ?)) and \"application_group\".\"kind\" = ? and \"application_group\".\"is_removed\" = ? and \"application_group\".\"is_favourite_group\" = true)"
      },
      "thread_id": 31
    },
    {
      "elapsed": 0.000023,
      "event": "return",
      "id": 15,
      "parent_id": 14,
      "thread_id": 31
    },
    {
      "defined_class": "org.finos.waltz.service.SlowQueryListener",
      "event": "call",
      "id": 16,
      "lineno": 59,
      "method_id": "executeStart",
      "parameters": [
        {
          "class": "org.jooq.impl.DefaultExecuteContext",
          "kind": "req",
          "name": "ctx",
          "object_id": 707402660,
          "value": "org.jooq.impl.DefaultExecuteContext@2a2a1ba4"
        }
      ],
      "path": "waltz-service/src/main/java/org/finos/waltz/service/SlowQueryListener.java",
      "receiver": {
        "class": "org.finos.waltz.service.SlowQueryListener",
        "object_id": 258203851,
        "value": "org.finos.waltz.service.SlowQueryListener@f63e0cb"
      },
      "static": false,
      "thread_id": 31
    },
    {
      "elapsed": 0.0000218,
      "event": "return",
      "id": 17,
      "parent_id": 16,
      "thread_id": 31
    },
    {
      "defined_class": "org.finos.waltz.service.SlowQueryListener",
      "event": "call",
      "id": 18,
      "lineno": 66,
      "method_id": "executeEnd",
      "parameters": [
        {
          "class": "org.jooq.impl.DefaultExecuteContext",
          "kind": "req",
          "name": "ctx",
          "object_id": 707402660,
          "value": "org.jooq.impl.DefaultExecuteContext@2a2a1ba4"
        }
      ],
      "path": "waltz-service/src/main/java/org/finos/waltz/service/SlowQueryListener.java",
      "receiver": {
        "class": "org.finos.waltz.service.SlowQueryListener",
        "object_id": 258203851,
        "value": "org.finos.waltz.service.SlowQueryListener@f63e0cb"
      },
      "static": false,
      "thread_id": 31
    },
    {
      "elapsed": 0.0000074,
      "event": "return",
      "id": 19,
      "parent_id": 18,
      "thread_id": 31
    },
    {
      "elapsed": 0.0010041,
      "event": "return",
      "id": 20,
      "parent_id": 9,
      "thread_id": 31
    },
    {
      "elapsed": 0.0010218,
      "event": "return",
      "id": 21,
      "parent_id": 8,
      "thread_id": 31
    },
    {
      "elapsed": 0.0013295,
      "event": "return",
      "http_server_response": {
        "headers": {
          "Access-Control-Expose-Headers": "*",
          "Access-Control-Allow-Origin": "*",
          "Date": "Mon, 03 Jun 2024 19:13:33 GMT",
          "Content-Type": "application/json"
        },
        "status": 200
      },
      "id": 22,
      "parent_id": 1,
      "thread_id": 31
    }
  ],
  "version": "1.2",
  "metadata": {
    "name": "GET /api/favourites/group (200) - 19:13:33.244",
    "app": "waltz",
    "language": {
      "name": "java",
      "version": "17.0.8+9-LTS-211",
      "engine": "Java HotSpot(TM) 64-Bit Server VM"
    },
    "client": {
      "name": "appmap-java",
      "url": "https://github.com/appland/appmap-java"
    },
    "recorder": {
      "name": "request_recording",
      "type": "requests"
    },
    "recording": {},
    "git": {
      "repository": "git@github.com:land-of-apps/waltz.git",
      "branch": "master",
      "commit": "d013ac6221f1f2411cc51725a3bb201750f700be"
    }
  },
  "classMap": [
    {
      "children": [
        {
          "children": [
            {
              "children": [
                {
                  "children": [
                    {
                      "children": [
                        {
                          "children": [
                            {
                              "name": "getFavouritesGroupForOwner",
                              "type": "function",
                              "static": false,
                              "location": "waltz-data/src/main/java/org/finos/waltz/data/app_group/AppGroupDao.java:124"
                            },
                            {
                              "name": "findGroupsOwnedByUser",
                              "type": "function",
                              "static": false,
                              "location": "waltz-data/src/main/java/org/finos/waltz/data/app_group/AppGroupDao.java:346"
                            }
                          ],
                          "name": "AppGroupDao",
                          "type": "class"
                        }
                      ],
                      "name": "app_group",
                      "type": "package"
                    }
                  ],
                  "name": "data",
                  "type": "package"
                },
                {
                  "children": [
                    {
                      "children": [
                        {
                          "name": "executeEnd",
                          "type": "function",
                          "static": false,
                          "location": "waltz-service/src/main/java/org/finos/waltz/service/SlowQueryListener.java:66"
                        },
                        {
                          "name": "executeStart",
                          "type": "function",
                          "static": false,
                          "location": "waltz-service/src/main/java/org/finos/waltz/service/SlowQueryListener.java:59"
                        }
                      ],
                      "name": "SlowQueryListener",
                      "type": "class"
                    },
                    {
                      "children": [
                        {
                          "children": [
                            {
                              "name": "getFavouritesGroup",
                              "type": "function",
                              "static": false,
                              "location": "waltz-service/src/main/java/org/finos/waltz/service/app_group/FavouritesService.java:71"
                            }
                          ],
                          "name": "FavouritesService",
                          "type": "class"
                        }
                      ],
                      "name": "app_group",
                      "type": "package"
                    }
                  ],
                  "name": "service",
                  "type": "package"
                },
                {
                  "children": [
                    {
                      "children": [
                        {
                          "children": [
                            {
                              "name": "fieldsRow",
                              "type": "function",
                              "static": false,
                              "location": "org/finos/waltz/schema/tables/ApplicationGroup.java:169"
                            }
                          ],
                          "name": "ApplicationGroup",
                          "type": "class"
                        }
                      ],
                      "name": "tables",
                      "type": "package"
                    }
                  ],
                  "name": "schema",
                  "type": "package"
                },
                {
                  "children": [
                    {
                      "children": [
                        {
                          "children": [
                            {
                              "children": [
                                {
                                  "name": "handle",
                                  "type": "function",
                                  "static": false,
                                  "location": "waltz-web/src/main/java/org/finos/waltz/web/endpoints/auth/JWTAuthenticationFilter.java:62"
                                }
                              ],
                              "name": "JWTAuthenticationFilter",
                              "type": "class"
                            },
                            {
                              "children": [
                                {
                                  "name": "getUsername",
                                  "type": "function",
                                  "static": true,
                                  "location": "waltz-web/src/main/java/org/finos/waltz/web/endpoints/auth/AuthenticationUtilities.java:37"
                                }
                              ],
                              "name": "AuthenticationUtilities",
                              "type": "class"
                            }
                          ],
                          "name": "auth",
                          "type": "package"
                        }
                      ],
                      "name": "endpoints",
                      "type": "package"
                    },
                    {
                      "children": [
                        {
                          "name": "getUsername",
                          "type": "function",
                          "static": true,
                          "location": "waltz-web/src/main/java/org/finos/waltz/web/WebUtilities.java:171"
                        }
                      ],
                      "name": "WebUtilities",
                      "type": "class"
                    }
                  ],
                  "name": "web",
                  "type": "package"
                }
              ],
              "name": "waltz",
              "type": "package"
            }
          ],
          "name": "finos",
          "type": "package"
        }
      ],
      "name": "org",
      "type": "package"
    },
    {
      "type": "http",
      "name": "HTTP server requests",
      "children": [
        {
          "type": "route",
          "name": "GET /api/favourites/group"
        }
      ]
    },
    {
      "type": "database",
      "name": "Database",
      "children": [
        {
          "type": "query",
          "name": "select \"application_group\".\"id\", \"application_group\".\"name\", \"application_group\".\"kind\", \"application_group\".\"description\", \"application_group\".\"external_id\", \"application_group\".\"is_removed\", \"application_group\".\"is_favourite_group\" from \"application_group\" where (\"application_group\".\"id\" in (select \"application_group_member\".\"group_id\" from \"application_group_member\" join \"application_group\" on \"application_group_member\".\"group_id\" = \"application_group\".\"id\" where (\"application_group_member\".\"user_id\" = ? and \"application_group_member\".\"role\" = ?)) and \"application_group\".\"kind\" = ? and \"application_group\".\"is_removed\" = ? and \"application_group\".\"is_favourite_group\" = true)"
        }
      ]
    }
  ]
}