{
  "events": [
    {
      "event": "call",
      "http_server_request": {
        "headers": {
          "Cookie": "appland_session=bFU5p0cvqrcXlz2oQfgEZG3%2BQjfds2AwmlOA%2Fx5fhQLjPvVHIKrHyvnbeq5nw8c5sME56znPsnpSSzB3nr%2BHfdk9sEC9MgOgNKjgjD8qlzGqDVuwRPr30ch96LWGIDwuITrAUwQGqlUw7%2Fdsq0tjrfHFPTlemq71kQtCAIi9JTRWo5tLPJlG%2F9JtfTuiWIfWg8X67ZkAOuaapIHdaA5w5QtwMr7h34LfseImCERQpzoz9xTqJYqSi2SJ9RE1eVw2jyYFG9IGPA4d1USUIXvAmeaMOQ9Z%2BDmKhiIRXve6%2BzO47%2F2RW1kaH2PND2r0EKz%2BaWMbrXswEaj2kjwx09pTJANR5arO0I9c2RelyrURJyvI%2FZ8OwnG99VyxbE2scovqFvxwhmhXr1KDOxpRle3VOJSpxXtFaDjv2TSSbtqGkIj4T51u58xasM4KbZUpapu5OQ5ENf%2FSMADW4DHmCrSQJ14SgVbNtrazlgwdph5p0AKax1l0Bw7j0jz2SGT9C5HMnzVyZdV59G6paFrgLqvtGuXdWr4VeJt2tPVftjki2S0LpmpTAacYMTeiz0JRvAUI2MTy5coFmozGwP2tYolztMsGb%2Bss8Pp0ZRYy8EsEs78L1J1nDMR5VCJ5yVhSq8JXZA7Misee05vblyt4OMHf9CA4AMzWpe2NbExRxiHuW%2Bkx%2F83vj%2Btrqn1QRG33cQUOn3jl8nfSuSLj5p0K5PYVYnXJu8E7RhAyqpC6J23a%2F8B4qsDAOrIrUYPQAWaYOsjd0i3Q5y49d77RlVc7zyyLJxFNVWLlYCD5BrfOMpyF2f9InowPEQei23xjT4UE0W3dXZP1xhk5wDvQ--zbb2b%2Flld908TQxF--8LcY2kn8%2BBw8bSaDiyP6LQ%3D%3D",
          "Accept": "text/html,application/xhtml+xml,application/xml;q=0.9,image/avif,image/webp,image/apng,*/*;q=0.8,application/signed-exchange;v=b3;q=0.7",
          "Connection": "keep-alive",
          "User-Agent": "Mozilla/5.0 (Macintosh; Intel Mac OS X 10_15_7) AppleWebKit/537.36 (KHTML, like Gecko) Chrome/125.0.0.0 Safari/537.36",
          "Referer": "http://localhost:8080/",
          "Sec-Fetch-Site": "same-origin",
          "Sec-Fetch-Dest": "document",
          "Host": "localhost:8080",
          "Accept-Encoding": "gzip, deflate, br, zstd",
          "Sec-Fetch-Mode": "navigate",
          "sec-ch-ua": "\"Google Chrome\";v=\"125\", \"Chromium\";v=\"125\", \"Not.A/Brand\";v=\"24\"",
          "sec-ch-ua-mobile": "?0",
          "Cache-Control": "max-age=0",
          "Upgrade-Insecure-Requests": "1",
          "sec-ch-ua-platform": "\"macOS\"",
          "Accept-Language": "en-US,en;q=0.9"
        },
        "path_info": "/",
        "protocol": "HTTP/1.1",
        "request_method": "GET"
      },
      "id": 1,
      "thread_id": 33
    },
    {
      "defined_class": "org.finos.waltz.web.endpoints.api.StaticResourcesEndpoint",
      "event": "call",
      "id": 2,
      "lineno": 170,
      "method_id": "resolvePath",
      "parameters": [
        {
          "class": "spark.http.matching.RequestWrapper",
          "kind": "req",
          "name": "request",
          "object_id": 2080472108,
          "value": "spark.Request@7ea5f4d5"
        }
      ],
      "path": "waltz-web/src/main/java/org/finos/waltz/web/endpoints/api/StaticResourcesEndpoint.java",
      "receiver": {
        "class": "org.finos.waltz.web.endpoints.api.StaticResourcesEndpoint",
        "object_id": 1665082531,
        "value": "org.finos.waltz.web.endpoints.api.StaticResourcesEndpoint@633f24a3"
      },
      "static": false,
      "thread_id": 33
    },
    {
      "elapsed": 0.0000322,
      "event": "return",
      "id": 3,
      "parent_id": 2,
      "return_value": {
        "class": "java.lang.String",
        "object_id": 848672153,
        "value": "static/index.html"
      },
      "thread_id": 33
    },
    {
      "defined_class": "org.finos.waltz.web.WebUtilities",
      "event": "call",
      "id": 4,
      "lineno": 337,
      "method_id": "getMimeType",
      "parameters": [
        {
          "class": "java.lang.String",
          "kind": "req",
          "name": "path",
          "object_id": 848672153,
          "value": "static/index.html"
        }
      ],
      "path": "waltz-web/src/main/java/org/finos/waltz/web/WebUtilities.java",
      "static": true,
      "thread_id": 33
    },
    {
      "defined_class": "org.finos.waltz.common.ObjectUtilities",
      "event": "call",
      "id": 5,
      "lineno": 34,
      "method_id": "firstNotNull",
      "parameters": [
        {
          "class": "[Ljava.lang.String;",
          "kind": "req",
          "name": "ts",
          "object_id": 32639775,
          "value": "[Ljava.lang.String;@1f20b1f"
        }
      ],
      "path": "waltz-common/src/main/java/org/finos/waltz/common/ObjectUtilities.java",
      "static": true,
      "thread_id": 33
    },
    {
      "elapsed": 0.0000045,
      "event": "return",
      "id": 6,
      "parent_id": 5,
      "return_value": {
        "class": "java.lang.String",
        "object_id": 1862101979,
        "value": "text/html"
      },
      "thread_id": 33
    },
    {
      "elapsed": 0.0000149,
      "event": "return",
      "id": 7,
      "parent_id": 4,
      "return_value": {
        "class": "java.lang.String",
        "object_id": 1862101979,
        "value": "text/html"
      },
      "thread_id": 33
    },
    {
      "defined_class": "org.finos.waltz.web.endpoints.api.StaticResourcesEndpoint",
      "event": "call",
      "id": 8,
      "lineno": 107,
      "method_id": "addCacheHeadersIfNeeded",
      "parameters": [
        {
          "class": "spark.http.matching.ResponseWrapper",
          "kind": "req",
          "name": "response",
          "object_id": 297251408,
          "value": "spark.Response@66204c56"
        },
        {
          "class": "java.lang.String",
          "kind": "req",
          "name": "resolvedPath",
          "object_id": 848672153,
          "value": "static/index.html"
        }
      ],
      "path": "waltz-web/src/main/java/org/finos/waltz/web/endpoints/api/StaticResourcesEndpoint.java",
      "receiver": {
        "class": "org.finos.waltz.web.endpoints.api.StaticResourcesEndpoint",
        "object_id": 1665082531,
        "value": "org.finos.waltz.web.endpoints.api.StaticResourcesEndpoint@633f24a3"
      },
      "static": false,
      "thread_id": 33
    },
    {
      "elapsed": 0.0000028,
      "event": "return",
      "id": 9,
      "parent_id": 8,
      "thread_id": 33
    },
    {
      "defined_class": "org.finos.waltz.web.endpoints.api.StaticResourcesEndpoint",
      "event": "call",
      "id": 10,
      "lineno": 126,
      "method_id": "modifyIndexBaseTagIfNeeded",
      "parameters": [
        {
          "class": "spark.http.matching.RequestWrapper",
          "kind": "req",
          "name": "request",
          "object_id": 2080472108,
          "value": "spark.Request@7ea5f4d5"
        },
        {
          "class": "java.lang.String",
          "kind": "req",
          "name": "resolvedPath",
          "object_id": 848672153,
          "value": "static/index.html"
        },
        {
          "class": "java.io.BufferedInputStream",
          "kind": "req",
          "name": "resourceStream",
          "object_id": 930225947,
          "value": "java.io.BufferedInputStream@37721f1b"
        }
      ],
      "path": "waltz-web/src/main/java/org/finos/waltz/web/endpoints/api/StaticResourcesEndpoint.java",
      "receiver": {
        "class": "org.finos.waltz.web.endpoints.api.StaticResourcesEndpoint",
        "object_id": 1665082531,
        "value": "org.finos.waltz.web.endpoints.api.StaticResourcesEndpoint@633f24a3"
      },
      "static": false,
      "thread_id": 33
    },
    {
      "defined_class": "org.finos.waltz.common.StringUtilities",
      "event": "call",
      "id": 11,
      "lineno": 54,
      "method_id": "notEmpty",
      "parameters": [
        {
          "class": "java.lang.String",
          "kind": "req",
          "name": "x",
          "object_id": 0
        }
      ],
      "path": "waltz-common/src/main/java/org/finos/waltz/common/StringUtilities.java",
      "static": true,
      "thread_id": 33
    },
    {
      "defined_class": "org.finos.waltz.common.StringUtilities",
      "event": "call",
      "id": 12,
      "lineno": 44,
      "method_id": "isEmpty",
      "parameters": [
        {
          "class": "java.lang.String",
          "kind": "req",
          "name": "x",
          "object_id": 0
        }
      ],
      "path": "waltz-common/src/main/java/org/finos/waltz/common/StringUtilities.java",
      "static": true,
      "thread_id": 33
    },
    {
      "elapsed": 0.0000021,
      "event": "return",
      "id": 13,
      "parent_id": 12,
      "return_value": {
        "class": "java.lang.Boolean",
        "object_id": 371479230,
        "value": "true"
      },
      "thread_id": 33
    },
    {
      "elapsed": 0.0000068,
      "event": "return",
      "id": 14,
      "parent_id": 11,
      "return_value": {
        "class": "java.lang.Boolean",
        "object_id": 1008692785,
        "value": "false"
      },
      "thread_id": 33
    },
    {
      "elapsed": 0.0000113,
      "event": "return",
      "id": 15,
      "parent_id": 10,
      "return_value": {
        "class": "java.io.BufferedInputStream",
        "object_id": 930225947,
        "value": "java.io.BufferedInputStream@37721f1b"
      },
      "thread_id": 33
    },
    {
      "defined_class": "org.finos.waltz.common.IOUtilities",
      "event": "call",
      "id": 16,
      "lineno": 54,
      "method_id": "copyStream",
      "parameters": [
        {
          "class": "java.io.BufferedInputStream",
          "kind": "req",
          "name": "input",
          "object_id": 930225947,
          "value": "java.io.BufferedInputStream@37721f1b"
        },
        {
          "class": "org.eclipse.jetty.server.HttpOutput",
          "kind": "req",
          "name": "output",
          "object_id": 825545313,
          "value": "HttpOutput@3134d261{s=OPEN,api=BLOCKING,sc=false,e=null}"
        }
      ],
      "path": "waltz-common/src/main/java/org/finos/waltz/common/IOUtilities.java",
      "static": true,
      "thread_id": 33
    },
    {
      "defined_class": "org.finos.waltz.common.Checks",
      "event": "call",
      "id": 17,
      "lineno": 37,
      "method_id": "checkNotNull",
      "parameters": [
        {
          "class": "java.io.BufferedInputStream",
          "kind": "req",
          "name": "t",
          "object_id": 930225947,
          "value": "java.io.BufferedInputStream@37721f1b"
        },
        {
          "class": "java.lang.String",
          "kind": "req",
          "name": "message",
          "object_id": 1193616442,
          "value": "Input stream cannot be null"
        },
        {
          "class": "[Ljava.lang.Object;",
          "kind": "req",
          "name": "args",
          "object_id": 650723353,
          "value": "[Ljava.lang.Object;@26c94019"
        }
      ],
      "path": "waltz-common/src/main/java/org/finos/waltz/common/Checks.java",
      "static": true,
      "thread_id": 33
    },
    {
      "defined_class": "org.finos.waltz.common.Checks",
      "event": "call",
      "id": 18,
      "lineno": 85,
      "method_id": "checkTrue",
      "parameters": [
        {
          "class": "java.lang.Boolean",
          "kind": "req",
          "name": "b",
          "object_id": 371479230,
          "value": "true"
        },
        {
          "class": "java.lang.String",
          "kind": "req",
          "name": "msg",
          "object_id": 1193616442,
          "value": "Input stream cannot be null"
        },
        {
          "class": "[Ljava.lang.Object;",
          "kind": "req",
          "name": "args",
          "object_id": 650723353,
          "value": "[Ljava.lang.Object;@26c94019"
        }
      ],
      "path": "waltz-common/src/main/java/org/finos/waltz/common/Checks.java",
      "static": true,
      "thread_id": 33
    },
    {
      "elapsed": 0.0000024,
      "event": "return",
      "id": 19,
      "parent_id": 18,
      "thread_id": 33
    },
    {
      "elapsed": 0.0000132,
      "event": "return",
      "id": 20,
      "parent_id": 17,
      "return_value": {
        "class": "java.io.BufferedInputStream",
        "object_id": 930225947,
        "value": "java.io.BufferedInputStream@37721f1b"
      },
      "thread_id": 33
    },
    {
      "defined_class": "org.finos.waltz.common.Checks",
      "event": "call",
      "id": 21,
      "lineno": 37,
      "method_id": "checkNotNull",
      "parameters": [
        {
          "class": "org.eclipse.jetty.server.HttpOutput",
          "kind": "req",
          "name": "t",
          "object_id": 825545313,
          "value": "HttpOutput@3134d261{s=OPEN,api=BLOCKING,sc=false,e=null}"
        },
        {
          "class": "java.lang.String",
          "kind": "req",
          "name": "message",
          "object_id": 706732703,
          "value": "Output stream cannot be null"
        },
        {
          "class": "[Ljava.lang.Object;",
          "kind": "req",
          "name": "args",
          "object_id": 171987874,
          "value": "[Ljava.lang.Object;@a4053a2"
        }
      ],
      "path": "waltz-common/src/main/java/org/finos/waltz/common/Checks.java",
      "static": true,
      "thread_id": 33
    },
    {
      "defined_class": "org.finos.waltz.common.Checks",
      "event": "call",
      "id": 22,
      "lineno": 85,
      "method_id": "checkTrue",
      "parameters": [
        {
          "class": "java.lang.Boolean",
          "kind": "req",
          "name": "b",
          "object_id": 371479230,
          "value": "true"
        },
        {
          "class": "java.lang.String",
          "kind": "req",
          "name": "msg",
          "object_id": 706732703,
          "value": "Output stream cannot be null"
        },
        {
          "class": "[Ljava.lang.Object;",
          "kind": "req",
          "name": "args",
          "object_id": 171987874,
          "value": "[Ljava.lang.Object;@a4053a2"
        }
      ],
      "path": "waltz-common/src/main/java/org/finos/waltz/common/Checks.java",
      "static": true,
      "thread_id": 33
    },
    {
      "elapsed": 0.0000041,
      "event": "return",
      "id": 23,
      "parent_id": 22,
      "thread_id": 33
    },
    {
      "elapsed": 0.0000078,
      "event": "return",
      "id": 24,
      "parent_id": 21,
      "return_value": {
        "class": "org.eclipse.jetty.server.HttpOutput",
        "object_id": 825545313,
        "value": "HttpOutput@3134d261{s=OPEN,api=BLOCKING,sc=false,e=null}"
      },
      "thread_id": 33
    },
    {
      "elapsed": 0.0000349,
      "event": "return",
      "id": 25,
      "parent_id": 16,
      "thread_id": 33
    },
    {
      "elapsed": 0.0002223,
      "event": "return",
      "http_server_response": {
        "headers": {
          "Access-Control-Expose-Headers": "*",
          "Access-Control-Allow-Origin": "*",
          "Date": "Tue, 04 Jun 2024 14:20:59 GMT",
          "Content-Type": "text/html"
        },
        "status": 200
      },
      "id": 26,
      "parent_id": 1,
      "thread_id": 33
    }
  ],
  "version": "1.2",
  "metadata": {
    "name": "GET / (200) - 14:20:59.184",
    "app": "waltz",
    "language": {
      "name": "java",
      "version": "17.0.8+9-LTS-211",
      "engine": "Java HotSpot(TM) 64-Bit Server VM"
    },
    "client": {
      "name": "appmap-java",
      "url": "https://github.com/appland/appmap-java"
    },
    "recorder": {
      "name": "request_recording",
      "type": "requests"
    },
    "recording": {},
    "git": {
      "repository": "git@github.com:land-of-apps/waltz.git",
      "branch": "master",
      "commit": "d013ac6221f1f2411cc51725a3bb201750f700be"
    }
  },
  "classMap": [
    {
      "children": [
        {
          "children": [
            {
              "children": [
                {
                  "children": [
                    {
                      "children": [
                        {
                          "name": "copyStream",
                          "type": "function",
                          "static": true,
                          "location": "waltz-common/src/main/java/org/finos/waltz/common/IOUtilities.java:54"
                        }
                      ],
                      "name": "IOUtilities",
                      "type": "class"
                    },
                    {
                      "children": [
                        {
                          "name": "checkTrue",
                          "type": "function",
                          "static": true,
                          "location": "waltz-common/src/main/java/org/finos/waltz/common/Checks.java:85"
                        },
                        {
                          "name": "checkNotNull",
                          "type": "function",
                          "static": true,
                          "location": "waltz-common/src/main/java/org/finos/waltz/common/Checks.java:37"
                        }
                      ],
                      "name": "Checks",
                      "type": "class"
                    },
                    {
                      "children": [
                        {
                          "name": "firstNotNull",
                          "type": "function",
                          "static": true,
                          "location": "waltz-common/src/main/java/org/finos/waltz/common/ObjectUtilities.java:34"
                        }
                      ],
                      "name": "ObjectUtilities",
                      "type": "class"
                    },
                    {
                      "children": [
                        {
                          "name": "notEmpty",
                          "type": "function",
                          "static": true,
                          "location": "waltz-common/src/main/java/org/finos/waltz/common/StringUtilities.java:54"
                        },
                        {
                          "name": "isEmpty",
                          "type": "function",
                          "static": true,
                          "location": "waltz-common/src/main/java/org/finos/waltz/common/StringUtilities.java:44"
                        }
                      ],
                      "name": "StringUtilities",
                      "type": "class"
                    }
                  ],
                  "name": "common",
                  "type": "package"
                },
                {
                  "children": [
                    {
                      "children": [
                        {
                          "children": [
                            {
                              "children": [
                                {
                                  "name": "resolvePath",
                                  "type": "function",
                                  "static": false,
                                  "location": "waltz-web/src/main/java/org/finos/waltz/web/endpoints/api/StaticResourcesEndpoint.java:170"
                                },
                                {
                                  "name": "addCacheHeadersIfNeeded",
                                  "type": "function",
                                  "static": false,
                                  "location": "waltz-web/src/main/java/org/finos/waltz/web/endpoints/api/StaticResourcesEndpoint.java:107"
                                },
                                {
                                  "name": "modifyIndexBaseTagIfNeeded",
                                  "type": "function",
                                  "static": false,
                                  "location": "waltz-web/src/main/java/org/finos/waltz/web/endpoints/api/StaticResourcesEndpoint.java:126"
                                }
                              ],
                              "name": "StaticResourcesEndpoint",
                              "type": "class"
                            }
                          ],
                          "name": "api",
                          "type": "package"
                        }
                      ],
                      "name": "endpoints",
                      "type": "package"
                    },
                    {
                      "children": [
                        {
                          "name": "getMimeType",
                          "type": "function",
                          "static": true,
                          "location": "waltz-web/src/main/java/org/finos/waltz/web/WebUtilities.java:337"
                        }
                      ],
                      "name": "WebUtilities",
                      "type": "class"
                    }
                  ],
                  "name": "web",
                  "type": "package"
                }
              ],
              "name": "waltz",
              "type": "package"
            }
          ],
          "name": "finos",
          "type": "package"
        }
      ],
      "name": "org",
      "type": "package"
    },
    {
      "type": "http",
      "name": "HTTP server requests",
      "children": [
        {
          "type": "route",
          "name": "GET /"
        }
      ]
    }
  ]
}