{
  "events": [
    {
      "event": "call",
      "http_server_request": {
        "headers": {
          "Cookie": "appland_session=bFU5p0cvqrcXlz2oQfgEZG3%2BQjfds2AwmlOA%2Fx5fhQLjPvVHIKrHyvnbeq5nw8c5sME56znPsnpSSzB3nr%2BHfdk9sEC9MgOgNKjgjD8qlzGqDVuwRPr30ch96LWGIDwuITrAUwQGqlUw7%2Fdsq0tjrfHFPTlemq71kQtCAIi9JTRWo5tLPJlG%2F9JtfTuiWIfWg8X67ZkAOuaapIHdaA5w5QtwMr7h34LfseImCERQpzoz9xTqJYqSi2SJ9RE1eVw2jyYFG9IGPA4d1USUIXvAmeaMOQ9Z%2BDmKhiIRXve6%2BzO47%2F2RW1kaH2PND2r0EKz%2BaWMbrXswEaj2kjwx09pTJANR5arO0I9c2RelyrURJyvI%2FZ8OwnG99VyxbE2scovqFvxwhmhXr1KDOxpRle3VOJSpxXtFaDjv2TSSbtqGkIj4T51u58xasM4KbZUpapu5OQ5ENf%2FSMADW4DHmCrSQJ14SgVbNtrazlgwdph5p0AKax1l0Bw7j0jz2SGT9C5HMnzVyZdV59G6paFrgLqvtGuXdWr4VeJt2tPVftjki2S0LpmpTAacYMTeiz0JRvAUI2MTy5coFmozGwP2tYolztMsGb%2Bss8Pp0ZRYy8EsEs78L1J1nDMR5VCJ5yVhSq8JXZA7Misee05vblyt4OMHf9CA4AMzWpe2NbExRxiHuW%2Bkx%2F83vj%2Btrqn1QRG33cQUOn3jl8nfSuSLj5p0K5PYVYnXJu8E7RhAyqpC6J23a%2F8B4qsDAOrIrUYPQAWaYOsjd0i3Q5y49d77RlVc7zyyLJxFNVWLlYCD5BrfOMpyF2f9InowPEQei23xjT4UE0W3dXZP1xhk5wDvQ--zbb2b%2Flld908TQxF--8LcY2kn8%2BBw8bSaDiyP6LQ%3D%3D",
          "Accept": "application/json, text/plain, */*",
          "Connection": "keep-alive",
          "User-Agent": "Mozilla/5.0 (Macintosh; Intel Mac OS X 10_15_7) AppleWebKit/537.36 (KHTML, like Gecko) Chrome/125.0.0.0 Safari/537.36",
          "Referer": "http://localhost:8080/",
          "Sec-Fetch-Site": "same-origin",
          "Sec-Fetch-Dest": "empty",
          "Host": "localhost:8080",
          "Accept-Encoding": "gzip, deflate, br, zstd",
          "Sec-Fetch-Mode": "cors",
          "sec-ch-ua": "\"Google Chrome\";v=\"125\", \"Chromium\";v=\"125\", \"Not.A/Brand\";v=\"24\"",
          "sec-ch-ua-mobile": "?0",
          "Cache-Control": "max-age=0",
          "sec-ch-ua-platform": "\"macOS\"",
          "If-Modified-Since": "0",
          "Accept-Language": "en-US,en;q=0.9"
        },
        "path_info": "/api/notification",
        "protocol": "HTTP/1.1",
        "request_method": "GET"
      },
      "id": 1,
      "thread_id": 40
    },
    {
      "defined_class": "org.finos.waltz.web.endpoints.auth.JWTAuthenticationFilter",
      "event": "call",
      "id": 2,
      "lineno": 62,
      "method_id": "handle",
      "parameters": [
        {
          "class": "spark.http.matching.RequestWrapper",
          "kind": "req",
          "name": "request",
          "object_id": 487123084,
          "value": "spark.Request@3ce66360"
        },
        {
          "class": "spark.http.matching.ResponseWrapper",
          "kind": "req",
          "name": "response",
          "object_id": 1289916572,
          "value": "spark.Response@78299f95"
        }
      ],
      "path": "waltz-web/src/main/java/org/finos/waltz/web/endpoints/auth/JWTAuthenticationFilter.java",
      "receiver": {
        "class": "org.finos.waltz.web.endpoints.auth.JWTAuthenticationFilter",
        "object_id": 54642872,
        "value": "org.finos.waltz.web.endpoints.auth.JWTAuthenticationFilter@341c8b8"
      },
      "static": false,
      "thread_id": 40
    },
    {
      "elapsed": 0.0000964,
      "event": "return",
      "id": 3,
      "parent_id": 2,
      "thread_id": 40
    },
    {
      "defined_class": "org.finos.waltz.web.WebUtilities",
      "event": "call",
      "id": 4,
      "lineno": 171,
      "method_id": "getUsername",
      "parameters": [
        {
          "class": "spark.http.matching.RequestWrapper",
          "kind": "req",
          "name": "request",
          "object_id": 487123084,
          "value": "spark.Request@22bf5494"
        }
      ],
      "path": "waltz-web/src/main/java/org/finos/waltz/web/WebUtilities.java",
      "static": true,
      "thread_id": 40
    },
    {
      "defined_class": "org.finos.waltz.web.endpoints.auth.AuthenticationUtilities",
      "event": "call",
      "id": 5,
      "lineno": 37,
      "method_id": "getUsername",
      "parameters": [
        {
          "class": "spark.http.matching.RequestWrapper",
          "kind": "req",
          "name": "request",
          "object_id": 487123084,
          "value": "spark.Request@22bf5494"
        }
      ],
      "path": "waltz-web/src/main/java/org/finos/waltz/web/endpoints/auth/AuthenticationUtilities.java",
      "static": true,
      "thread_id": 40
    },
    {
      "elapsed": 0.0000543,
      "event": "return",
      "id": 6,
      "parent_id": 5,
      "return_value": {
        "class": "java.lang.String",
        "object_id": 1264015556,
        "value": "anonymous"
      },
      "thread_id": 40
    },
    {
      "elapsed": 0.0000676,
      "event": "return",
      "id": 7,
      "parent_id": 4,
      "return_value": {
        "class": "java.lang.String",
        "object_id": 1264015556,
        "value": "anonymous"
      },
      "thread_id": 40
    },
    {
      "defined_class": "org.finos.waltz.service.notification.NotificationService",
      "event": "call",
      "id": 8,
      "lineno": 53,
      "method_id": "getNotificationsByUserId",
      "parameters": [
        {
          "class": "java.lang.String",
          "kind": "req",
          "name": "userId",
          "object_id": 1264015556,
          "value": "anonymous"
        }
      ],
      "path": "waltz-service/src/main/java/org/finos/waltz/service/notification/NotificationService.java",
      "receiver": {
        "class": "org.finos.waltz.service.notification.NotificationService",
        "object_id": 2020689072,
        "value": "org.finos.waltz.service.notification.NotificationService@787144b0"
      },
      "static": false,
      "thread_id": 40
    },
    {
      "defined_class": "org.finos.waltz.data.notification.NotificationDao",
      "event": "call",
      "id": 9,
      "lineno": 69,
      "method_id": "findNotificationsByUserId",
      "parameters": [
        {
          "class": "java.lang.String",
          "kind": "req",
          "name": "userId",
          "object_id": 1264015556,
          "value": "anonymous"
        }
      ],
      "path": "waltz-data/src/main/java/org/finos/waltz/data/notification/NotificationDao.java",
      "receiver": {
        "class": "org.finos.waltz.data.notification.NotificationDao",
        "object_id": 20446016,
        "value": "org.finos.waltz.data.notification.NotificationDao@137fb40"
      },
      "static": false,
      "thread_id": 40
    },
    {
      "defined_class": "org.finos.waltz.common.ListUtilities",
      "event": "call",
      "id": 10,
      "lineno": 58,
      "method_id": "asList",
      "parameters": [
        {
          "class": "[Ljava.lang.String;",
          "kind": "req",
          "name": "ts",
          "object_id": 2055296559,
          "value": "[Ljava.lang.String;@7a81562f"
        }
      ],
      "path": "waltz-common/src/main/java/org/finos/waltz/common/ListUtilities.java",
      "static": true,
      "thread_id": 40
    },
    {
      "defined_class": "org.finos.waltz.common.ListUtilities",
      "event": "call",
      "id": 11,
      "lineno": 43,
      "method_id": "newArrayList",
      "parameters": [
        {
          "class": "[Ljava.lang.String;",
          "kind": "req",
          "name": "ts",
          "object_id": 2055296559,
          "value": "[Ljava.lang.String;@7a81562f"
        }
      ],
      "path": "waltz-common/src/main/java/org/finos/waltz/common/ListUtilities.java",
      "static": true,
      "thread_id": 40
    },
    {
      "elapsed": 0.0000443,
      "event": "return",
      "id": 12,
      "parent_id": 11,
      "return_value": {
        "class": "java.util.ArrayList",
        "object_id": 1978914684,
        "value": "[NOT_STARTED, IN_PROGRESS]"
      },
      "thread_id": 40
    },
    {
      "elapsed": 0.0000782,
      "event": "return",
      "id": 13,
      "parent_id": 10,
      "return_value": {
        "class": "java.util.ArrayList",
        "object_id": 1978914684,
        "value": "[NOT_STARTED, IN_PROGRESS]"
      },
      "thread_id": 40
    },
    {
      "event": "call",
      "id": 14,
      "sql_query": {
        "database_type": "PostgreSQL",
        "sql": "select 'ATTESTATION' as \"kind\", count(*) as \"count\" from \"attestation_instance\" join \"attestation_instance_recipient\" on \"attestation_instance_recipient\".\"attestation_instance_id\" = \"attestation_instance\".\"id\" where (\"attestation_instance_recipient\".\"user_id\" = 'anonymous' and \"attestation_instance\".\"attested_at\" is null) union all select 'SURVEY_INSTANCE' as \"kind\", count(*) as \"count\" from \"survey_instance\" join \"survey_instance_recipient\" on \"survey_instance_recipient\".\"survey_instance_id\" = \"survey_instance\".\"id\" join \"person\" on \"person\".\"id\" = \"survey_instance_recipient\".\"person_id\" join \"survey_run\" on \"survey_instance\".\"survey_run_id\" = \"survey_run\".\"id\" join \"survey_template\" on \"survey_run\".\"survey_template_id\" = \"survey_template\".\"id\" where (\"person\".\"email\" = 'anonymous' and \"survey_instance\".\"original_instance_id\" is null and \"survey_instance\".\"status\" in ('NOT_STARTED', 'IN_PROGRESS') and \"survey_template\".\"status\" = 'ACTIVE')"
      },
      "thread_id": 40
    },
    {
      "elapsed": 0.0000108,
      "event": "return",
      "id": 15,
      "parent_id": 14,
      "thread_id": 40
    },
    {
      "defined_class": "org.finos.waltz.service.SlowQueryListener",
      "event": "call",
      "id": 16,
      "lineno": 59,
      "method_id": "executeStart",
      "parameters": [
        {
          "class": "org.jooq.impl.DefaultExecuteContext",
          "kind": "req",
          "name": "ctx",
          "object_id": 1091713888,
          "value": "org.jooq.impl.DefaultExecuteContext@41123b60"
        }
      ],
      "path": "waltz-service/src/main/java/org/finos/waltz/service/SlowQueryListener.java",
      "receiver": {
        "class": "org.finos.waltz.service.SlowQueryListener",
        "object_id": 258203851,
        "value": "org.finos.waltz.service.SlowQueryListener@f63e0cb"
      },
      "static": false,
      "thread_id": 40
    },
    {
      "elapsed": 0.0000024,
      "event": "return",
      "id": 17,
      "parent_id": 16,
      "thread_id": 40
    },
    {
      "defined_class": "org.finos.waltz.service.SlowQueryListener",
      "event": "call",
      "id": 18,
      "lineno": 66,
      "method_id": "executeEnd",
      "parameters": [
        {
          "class": "org.jooq.impl.DefaultExecuteContext",
          "kind": "req",
          "name": "ctx",
          "object_id": 1091713888,
          "value": "org.jooq.impl.DefaultExecuteContext@41123b60"
        }
      ],
      "path": "waltz-service/src/main/java/org/finos/waltz/service/SlowQueryListener.java",
      "receiver": {
        "class": "org.finos.waltz.service.SlowQueryListener",
        "object_id": 258203851,
        "value": "org.finos.waltz.service.SlowQueryListener@f63e0cb"
      },
      "static": false,
      "thread_id": 40
    },
    {
      "elapsed": 0.0000234,
      "event": "return",
      "id": 19,
      "parent_id": 18,
      "thread_id": 40
    },
    {
      "defined_class": "org.finos.waltz.model.notification.ImmutableNotificationSummary",
      "event": "call",
      "id": 20,
      "lineno": 183,
      "method_id": "builder",
      "path": "org/finos/waltz/model/notification/ImmutableNotificationSummary.java",
      "static": true,
      "thread_id": 40
    },
    {
      "elapsed": 0.0000111,
      "event": "return",
      "id": 21,
      "parent_id": 20,
      "return_value": {
        "class": "org.finos.waltz.model.notification.ImmutableNotificationSummary$Builder",
        "object_id": 424795170,
        "value": "org.finos.waltz.model.notification.ImmutableNotificationSummary$Builder@1951dc22"
      },
      "thread_id": 40
    },
    {
      "defined_class": "org.finos.waltz.model.EntityKind",
      "event": "call",
      "id": 22,
      "lineno": 21,
      "method_id": "valueOf",
      "parameters": [
        {
          "class": "java.lang.String",
          "kind": "req",
          "name": "name",
          "object_id": 1771159817,
          "value": "ATTESTATION"
        }
      ],
      "path": "waltz-model/src/main/java/org/finos/waltz/model/EntityKind.java",
      "static": true,
      "thread_id": 40
    },
    {
      "elapsed": 0.0000971,
      "event": "return",
      "id": 23,
      "parent_id": 22,
      "return_value": {
        "class": "org.finos.waltz.model.EntityKind",
        "object_id": 1228752406,
        "value": "ATTESTATION"
      },
      "thread_id": 40
    },
    {
      "defined_class": "org.finos.waltz.model.notification.ImmutableNotificationSummary$Builder",
      "event": "call",
      "id": 24,
      "lineno": 226,
      "method_id": "kind",
      "parameters": [
        {
          "class": "org.finos.waltz.model.EntityKind",
          "kind": "req",
          "name": "kind",
          "object_id": 1228752406,
          "value": "ATTESTATION"
        }
      ],
      "path": "org/finos/waltz/model/notification/ImmutableNotificationSummary.java",
      "receiver": {
        "class": "org.finos.waltz.model.notification.ImmutableNotificationSummary$Builder",
        "object_id": 424795170,
        "value": "org.finos.waltz.model.notification.ImmutableNotificationSummary$Builder@1951dc22"
      },
      "static": false,
      "thread_id": 40
    },
    {
      "elapsed": 0.0000017,
      "event": "return",
      "id": 25,
      "parent_id": 24,
      "return_value": {
        "class": "org.finos.waltz.model.notification.ImmutableNotificationSummary$Builder",
        "object_id": 424795170,
        "value": "org.finos.waltz.model.notification.ImmutableNotificationSummary$Builder@1951dc22"
      },
      "thread_id": 40
    },
    {
      "defined_class": "org.finos.waltz.model.notification.ImmutableNotificationSummary$Builder",
      "event": "call",
      "id": 26,
      "lineno": 238,
      "method_id": "count",
      "parameters": [
        {
          "class": "java.lang.Integer",
          "kind": "req",
          "name": "count",
          "object_id": 359580915,
          "value": "0"
        }
      ],
      "path": "org/finos/waltz/model/notification/ImmutableNotificationSummary.java",
      "receiver": {
        "class": "org.finos.waltz.model.notification.ImmutableNotificationSummary$Builder",
        "object_id": 424795170,
        "value": "org.finos.waltz.model.notification.ImmutableNotificationSummary$Builder@1951dc22"
      },
      "static": false,
      "thread_id": 40
    },
    {
      "elapsed": 0.0000014,
      "event": "return",
      "id": 27,
      "parent_id": 26,
      "return_value": {
        "class": "org.finos.waltz.model.notification.ImmutableNotificationSummary$Builder",
        "object_id": 424795170,
        "value": "org.finos.waltz.model.notification.ImmutableNotificationSummary$Builder@1951dc22"
      },
      "thread_id": 40
    },
    {
      "defined_class": "org.finos.waltz.model.notification.ImmutableNotificationSummary$Builder",
      "event": "call",
      "id": 28,
      "lineno": 249,
      "method_id": "build",
      "path": "org/finos/waltz/model/notification/ImmutableNotificationSummary.java",
      "receiver": {
        "class": "org.finos.waltz.model.notification.ImmutableNotificationSummary$Builder",
        "object_id": 424795170,
        "value": "org.finos.waltz.model.notification.ImmutableNotificationSummary$Builder@1951dc22"
      },
      "static": false,
      "thread_id": 40
    },
    {
      "elapsed": 0.0005759,
      "event": "return",
      "id": 29,
      "parent_id": 28,
      "return_value": {
        "class": "org.finos.waltz.model.notification.ImmutableNotificationSummary",
        "object_id": 36873072,
        "value": "NotificationSummary{kind=ATTESTATION, count=0}"
      },
      "thread_id": 40
    },
    {
      "defined_class": "org.finos.waltz.model.notification.ImmutableNotificationSummary",
      "event": "call",
      "id": 30,
      "lineno": 183,
      "method_id": "builder",
      "path": "org/finos/waltz/model/notification/ImmutableNotificationSummary.java",
      "static": true,
      "thread_id": 40
    },
    {
      "elapsed": 0.0000078,
      "event": "return",
      "id": 31,
      "parent_id": 30,
      "return_value": {
        "class": "org.finos.waltz.model.notification.ImmutableNotificationSummary$Builder",
        "object_id": 1378570605,
        "value": "org.finos.waltz.model.notification.ImmutableNotificationSummary$Builder@522b516d"
      },
      "thread_id": 40
    },
    {
      "defined_class": "org.finos.waltz.model.EntityKind",
      "event": "call",
      "id": 32,
      "lineno": 21,
      "method_id": "valueOf",
      "parameters": [
        {
          "class": "java.lang.String",
          "kind": "req",
          "name": "name",
          "object_id": 1158428614,
          "value": "SURVEY_INSTANCE"
        }
      ],
      "path": "waltz-model/src/main/java/org/finos/waltz/model/EntityKind.java",
      "static": true,
      "thread_id": 40
    },
    {
      "elapsed": 0.0000154,
      "event": "return",
      "id": 33,
      "parent_id": 32,
      "return_value": {
        "class": "org.finos.waltz.model.EntityKind",
        "object_id": 429975542,
        "value": "SURVEY_INSTANCE"
      },
      "thread_id": 40
    },
    {
      "defined_class": "org.finos.waltz.model.notification.ImmutableNotificationSummary$Builder",
      "event": "call",
      "id": 34,
      "lineno": 226,
      "method_id": "kind",
      "parameters": [
        {
          "class": "org.finos.waltz.model.EntityKind",
          "kind": "req",
          "name": "kind",
          "object_id": 429975542,
          "value": "SURVEY_INSTANCE"
        }
      ],
      "path": "org/finos/waltz/model/notification/ImmutableNotificationSummary.java",
      "receiver": {
        "class": "org.finos.waltz.model.notification.ImmutableNotificationSummary$Builder",
        "object_id": 1378570605,
        "value": "org.finos.waltz.model.notification.ImmutableNotificationSummary$Builder@522b516d"
      },
      "static": false,
      "thread_id": 40
    },
    {
      "elapsed": 0.0000022,
      "event": "return",
      "id": 35,
      "parent_id": 34,
      "return_value": {
        "class": "org.finos.waltz.model.notification.ImmutableNotificationSummary$Builder",
        "object_id": 1378570605,
        "value": "org.finos.waltz.model.notification.ImmutableNotificationSummary$Builder@522b516d"
      },
      "thread_id": 40
    },
    {
      "defined_class": "org.finos.waltz.model.notification.ImmutableNotificationSummary$Builder",
      "event": "call",
      "id": 36,
      "lineno": 238,
      "method_id": "count",
      "parameters": [
        {
          "class": "java.lang.Integer",
          "kind": "req",
          "name": "count",
          "object_id": 359580915,
          "value": "0"
        }
      ],
      "path": "org/finos/waltz/model/notification/ImmutableNotificationSummary.java",
      "receiver": {
        "class": "org.finos.waltz.model.notification.ImmutableNotificationSummary$Builder",
        "object_id": 1378570605,
        "value": "org.finos.waltz.model.notification.ImmutableNotificationSummary$Builder@522b516d"
      },
      "static": false,
      "thread_id": 40
    },
    {
      "elapsed": 0.0000015,
      "event": "return",
      "id": 37,
      "parent_id": 36,
      "return_value": {
        "class": "org.finos.waltz.model.notification.ImmutableNotificationSummary$Builder",
        "object_id": 1378570605,
        "value": "org.finos.waltz.model.notification.ImmutableNotificationSummary$Builder@522b516d"
      },
      "thread_id": 40
    },
    {
      "defined_class": "org.finos.waltz.model.notification.ImmutableNotificationSummary$Builder",
      "event": "call",
      "id": 38,
      "lineno": 249,
      "method_id": "build",
      "path": "org/finos/waltz/model/notification/ImmutableNotificationSummary.java",
      "receiver": {
        "class": "org.finos.waltz.model.notification.ImmutableNotificationSummary$Builder",
        "object_id": 1378570605,
        "value": "org.finos.waltz.model.notification.ImmutableNotificationSummary$Builder@522b516d"
      },
      "static": false,
      "thread_id": 40
    },
    {
      "elapsed": 0.0000016,
      "event": "return",
      "id": 39,
      "parent_id": 38,
      "return_value": {
        "class": "org.finos.waltz.model.notification.ImmutableNotificationSummary",
        "object_id": 586297319,
        "value": "NotificationSummary{kind=SURVEY_INSTANCE, count=0}"
      },
      "thread_id": 40
    },
    {
      "elapsed": 0.0015036,
      "event": "return",
      "id": 40,
      "parent_id": 9,
      "return_value": {
        "class": "java.util.ArrayList",
        "object_id": 894181866,
        "value": "[NotificationSummary{kind=ATTESTATION, count=0}, NotificationSummary{kind=SURVEY_INSTANCE, count=0}]"
      },
      "thread_id": 40
    },
    {
      "defined_class": "org.finos.waltz.service.settings.SettingsService",
      "event": "call",
      "id": 41,
      "lineno": 83,
      "method_id": "getValue",
      "parameters": [
        {
          "class": "java.lang.String",
          "kind": "req",
          "name": "name",
          "object_id": 227118189,
          "value": "ui.banner.notification.text"
        }
      ],
      "path": "waltz-service/src/main/java/org/finos/waltz/service/settings/SettingsService.java",
      "receiver": {
        "class": "org.finos.waltz.service.settings.SettingsService",
        "object_id": 681357865,
        "value": "org.finos.waltz.service.settings.SettingsService@289cb229"
      },
      "static": false,
      "thread_id": 40
    },
    {
      "defined_class": "org.finos.waltz.service.settings.SettingsService",
      "event": "call",
      "id": 42,
      "lineno": 71,
      "method_id": "getByName",
      "parameters": [
        {
          "class": "java.lang.String",
          "kind": "req",
          "name": "name",
          "object_id": 227118189,
          "value": "ui.banner.notification.text"
        }
      ],
      "path": "waltz-service/src/main/java/org/finos/waltz/service/settings/SettingsService.java",
      "receiver": {
        "class": "org.finos.waltz.service.settings.SettingsService",
        "object_id": 681357865,
        "value": "org.finos.waltz.service.settings.SettingsService@289cb229"
      },
      "static": false,
      "thread_id": 40
    },
    {
      "defined_class": "org.finos.waltz.data.settings.SettingsDao",
      "event": "call",
      "id": 43,
      "lineno": 70,
      "method_id": "getByName",
      "parameters": [
        {
          "class": "java.lang.String",
          "kind": "req",
          "name": "name",
          "object_id": 227118189,
          "value": "ui.banner.notification.text"
        }
      ],
      "path": "waltz-data/src/main/java/org/finos/waltz/data/settings/SettingsDao.java",
      "receiver": {
        "class": "org.finos.waltz.data.settings.SettingsDao",
        "object_id": 2049211652,
        "value": "org.finos.waltz.data.settings.SettingsDao@7a247d04"
      },
      "static": false,
      "thread_id": 40
    },
    {
      "defined_class": "org.finos.waltz.schema.tables.Settings",
      "event": "call",
      "id": 44,
      "lineno": 148,
      "method_id": "fieldsRow",
      "path": "org/finos/waltz/schema/tables/Settings.java",
      "receiver": {
        "class": "org.finos.waltz.schema.tables.Settings",
        "object_id": 1345102288,
        "value": "\"settings\""
      },
      "static": false,
      "thread_id": 40
    },
    {
      "elapsed": 0.0000662,
      "event": "return",
      "id": 45,
      "parent_id": 44,
      "return_value": {
        "class": "org.jooq.impl.RowImpl",
        "object_id": 1030008343,
        "value": "(\"settings\".\"name\", \"settings\".\"value\", \"settings\".\"restricted\", \"settings\".\"description\")"
      },
      "thread_id": 40
    },
    {
      "event": "call",
      "id": 46,
      "sql_query": {
        "database_type": "PostgreSQL",
        "sql": "select \"settings\".\"name\", \"settings\".\"value\", \"settings\".\"restricted\", \"settings\".\"description\" from \"settings\" where \"settings\".\"name\" = ?"
      },
      "thread_id": 40
    },
    {
      "elapsed": 0.0000683,
      "event": "return",
      "id": 47,
      "parent_id": 46,
      "thread_id": 40
    },
    {
      "defined_class": "org.finos.waltz.service.SlowQueryListener",
      "event": "call",
      "id": 48,
      "lineno": 59,
      "method_id": "executeStart",
      "parameters": [
        {
          "class": "org.jooq.impl.DefaultExecuteContext",
          "kind": "req",
          "name": "ctx",
          "object_id": 435297402,
          "value": "org.jooq.impl.DefaultExecuteContext@19f21c7a"
        }
      ],
      "path": "waltz-service/src/main/java/org/finos/waltz/service/SlowQueryListener.java",
      "receiver": {
        "class": "org.finos.waltz.service.SlowQueryListener",
        "object_id": 258203851,
        "value": "org.finos.waltz.service.SlowQueryListener@f63e0cb"
      },
      "static": false,
      "thread_id": 40
    },
    {
      "elapsed": 0.0000049,
      "event": "return",
      "id": 49,
      "parent_id": 48,
      "thread_id": 40
    },
    {
      "defined_class": "org.finos.waltz.service.SlowQueryListener",
      "event": "call",
      "id": 50,
      "lineno": 66,
      "method_id": "executeEnd",
      "parameters": [
        {
          "class": "org.jooq.impl.DefaultExecuteContext",
          "kind": "req",
          "name": "ctx",
          "object_id": 435297402,
          "value": "org.jooq.impl.DefaultExecuteContext@19f21c7a"
        }
      ],
      "path": "waltz-service/src/main/java/org/finos/waltz/service/SlowQueryListener.java",
      "receiver": {
        "class": "org.finos.waltz.service.SlowQueryListener",
        "object_id": 258203851,
        "value": "org.finos.waltz.service.SlowQueryListener@f63e0cb"
      },
      "static": false,
      "thread_id": 40
    },
    {
      "elapsed": 0.0000035,
      "event": "return",
      "id": 51,
      "parent_id": 50,
      "thread_id": 40
    },
    {
      "elapsed": 0.0006666,
      "event": "return",
      "id": 52,
      "parent_id": 43,
      "thread_id": 40
    },
    {
      "elapsed": 0.0010748,
      "event": "return",
      "id": 53,
      "parent_id": 42,
      "thread_id": 40
    },
    {
      "elapsed": 0.0010868,
      "event": "return",
      "id": 54,
      "parent_id": 41,
      "return_value": {
        "class": "java.util.Optional",
        "object_id": 1001064146,
        "value": "Optional.empty"
      },
      "thread_id": 40
    },
    {
      "defined_class": "org.finos.waltz.model.notification.ImmutableNotificationResponse",
      "event": "call",
      "id": 55,
      "lineno": 213,
      "method_id": "builder",
      "path": "org/finos/waltz/model/notification/ImmutableNotificationResponse.java",
      "static": true,
      "thread_id": 40
    },
    {
      "elapsed": 0.0000087,
      "event": "return",
      "id": 56,
      "parent_id": 55,
      "return_value": {
        "class": "org.finos.waltz.model.notification.ImmutableNotificationResponse$Builder",
        "object_id": 718046644,
        "value": "org.finos.waltz.model.notification.ImmutableNotificationResponse$Builder@2acc85b4"
      },
      "thread_id": 40
    },
    {
      "defined_class": "org.finos.waltz.model.notification.ImmutableNotificationResponse$Builder",
      "event": "call",
      "id": 57,
      "lineno": 279,
      "method_id": "summary",
      "parameters": [
        {
          "class": "java.util.ArrayList",
          "kind": "req",
          "name": "elements",
          "object_id": 894181866,
          "value": "[NotificationSummary{kind=ATTESTATION, count=0}, NotificationSummary{kind=SURVEY_INSTANCE, count=0}]"
        }
      ],
      "path": "org/finos/waltz/model/notification/ImmutableNotificationResponse.java",
      "receiver": {
        "class": "org.finos.waltz.model.notification.ImmutableNotificationResponse$Builder",
        "object_id": 718046644,
        "value": "org.finos.waltz.model.notification.ImmutableNotificationResponse$Builder@2acc85b4"
      },
      "static": false,
      "thread_id": 40
    },
    {
      "defined_class": "org.finos.waltz.model.notification.ImmutableNotificationResponse$Builder",
      "event": "call",
      "id": 58,
      "lineno": 289,
      "method_id": "addAllSummary",
      "parameters": [
        {
          "class": "java.util.ArrayList",
          "kind": "req",
          "name": "elements",
          "object_id": 894181866,
          "value": "[NotificationSummary{kind=ATTESTATION, count=0}, NotificationSummary{kind=SURVEY_INSTANCE, count=0}]"
        }
      ],
      "path": "org/finos/waltz/model/notification/ImmutableNotificationResponse.java",
      "receiver": {
        "class": "org.finos.waltz.model.notification.ImmutableNotificationResponse$Builder",
        "object_id": 718046644,
        "value": "org.finos.waltz.model.notification.ImmutableNotificationResponse$Builder@2acc85b4"
      },
      "static": false,
      "thread_id": 40
    },
    {
      "elapsed": 0.0000042,
      "event": "return",
      "id": 59,
      "parent_id": 58,
      "return_value": {
        "class": "org.finos.waltz.model.notification.ImmutableNotificationResponse$Builder",
        "object_id": 718046644,
        "value": "org.finos.waltz.model.notification.ImmutableNotificationResponse$Builder@2acc85b4"
      },
      "thread_id": 40
    },
    {
      "elapsed": 0.0000121,
      "event": "return",
      "id": 60,
      "parent_id": 57,
      "return_value": {
        "class": "org.finos.waltz.model.notification.ImmutableNotificationResponse$Builder",
        "object_id": 718046644,
        "value": "org.finos.waltz.model.notification.ImmutableNotificationResponse$Builder@2acc85b4"
      },
      "thread_id": 40
    },
    {
      "defined_class": "org.finos.waltz.model.notification.ImmutableNotificationResponse$Builder",
      "event": "call",
      "id": 61,
      "lineno": 312,
      "method_id": "message",
      "parameters": [
        {
          "class": "java.util.Optional",
          "kind": "req",
          "name": "message",
          "object_id": 1001064146,
          "value": "Optional.empty"
        }
      ],
      "path": "org/finos/waltz/model/notification/ImmutableNotificationResponse.java",
      "receiver": {
        "class": "org.finos.waltz.model.notification.ImmutableNotificationResponse$Builder",
        "object_id": 718046644,
        "value": "org.finos.waltz.model.notification.ImmutableNotificationResponse$Builder@2acc85b4"
      },
      "static": false,
      "thread_id": 40
    },
    {
      "elapsed": 0.0000077,
      "event": "return",
      "id": 62,
      "parent_id": 61,
      "return_value": {
        "class": "org.finos.waltz.model.notification.ImmutableNotificationResponse$Builder",
        "object_id": 718046644,
        "value": "org.finos.waltz.model.notification.ImmutableNotificationResponse$Builder@2acc85b4"
      },
      "thread_id": 40
    },
    {
      "defined_class": "org.finos.waltz.model.notification.ImmutableNotificationResponse$Builder",
      "event": "call",
      "id": 63,
      "lineno": 322,
      "method_id": "build",
      "path": "org/finos/waltz/model/notification/ImmutableNotificationResponse.java",
      "receiver": {
        "class": "org.finos.waltz.model.notification.ImmutableNotificationResponse$Builder",
        "object_id": 718046644,
        "value": "org.finos.waltz.model.notification.ImmutableNotificationResponse$Builder@2acc85b4"
      },
      "static": false,
      "thread_id": 40
    },
    {
      "defined_class": "org.finos.waltz.model.notification.ImmutableNotificationResponse",
      "event": "call",
      "id": 64,
      "lineno": 344,
      "method_id": "createUnmodifiableList",
      "parameters": [
        {
          "class": "java.lang.Boolean",
          "kind": "req",
          "name": "clone",
          "object_id": 371479230,
          "value": "true"
        },
        {
          "class": "java.util.ArrayList",
          "kind": "req",
          "name": "list",
          "object_id": 2119934582,
          "value": "[NotificationSummary{kind=ATTESTATION, count=0}, NotificationSummary{kind=SURVEY_INSTANCE, count=0}]"
        }
      ],
      "path": "org/finos/waltz/model/notification/ImmutableNotificationResponse.java",
      "static": true,
      "thread_id": 40
    },
    {
      "elapsed": 0.0000034,
      "event": "return",
      "id": 65,
      "parent_id": 64,
      "return_value": {
        "class": "java.util.Collections$UnmodifiableRandomAccessList",
        "object_id": 1717022652,
        "value": "[NotificationSummary{kind=ATTESTATION, count=0}, NotificationSummary{kind=SURVEY_INSTANCE, count=0}]"
      },
      "thread_id": 40
    },
    {
      "elapsed": 0.0000098,
      "event": "return",
      "id": 66,
      "parent_id": 63,
      "return_value": {
        "class": "org.finos.waltz.model.notification.ImmutableNotificationResponse",
        "object_id": 1875869376,
        "value": "NotificationResponse{summary=[NotificationSummary{kind=ATTESTATION, count=0}, NotificationSummary{kind=SURVEY_INSTANCE, count=0}]}"
      },
      "thread_id": 40
    },
    {
      "elapsed": 0.002781,
      "event": "return",
      "id": 67,
      "parent_id": 8,
      "return_value": {
        "class": "org.finos.waltz.model.notification.ImmutableNotificationResponse",
        "object_id": 1875869376,
        "value": "NotificationResponse{summary=[NotificationSummary{kind=ATTESTATION, count=0}, NotificationSummary{kind=SURVEY_INSTANCE, count=0}]}"
      },
      "thread_id": 40
    },
    {
      "defined_class": "org.finos.waltz.model.notification.ImmutableNotificationResponse",
      "event": "call",
      "id": 68,
      "lineno": 43,
      "method_id": "summary",
      "path": "org/finos/waltz/model/notification/ImmutableNotificationResponse.java",
      "receiver": {
        "class": "org.finos.waltz.model.notification.ImmutableNotificationResponse",
        "object_id": 1875869376,
        "value": "NotificationResponse{summary=[NotificationSummary{kind=ATTESTATION, count=0}, NotificationSummary{kind=SURVEY_INSTANCE, count=0}]}"
      },
      "static": false,
      "thread_id": 40
    },
    {
      "elapsed": 0.0000034,
      "event": "return",
      "id": 69,
      "parent_id": 68,
      "return_value": {
        "class": "java.util.Collections$UnmodifiableRandomAccessList",
        "object_id": 1717022652,
        "value": "[NotificationSummary{kind=ATTESTATION, count=0}, NotificationSummary{kind=SURVEY_INSTANCE, count=0}]"
      },
      "thread_id": 40
    },
    {
      "defined_class": "org.finos.waltz.model.notification.ImmutableNotificationSummary",
      "event": "call",
      "id": 70,
      "lineno": 37,
      "method_id": "kind",
      "path": "org/finos/waltz/model/notification/ImmutableNotificationSummary.java",
      "receiver": {
        "class": "org.finos.waltz.model.notification.ImmutableNotificationSummary",
        "object_id": 36873072,
        "value": "NotificationSummary{kind=ATTESTATION, count=0}"
      },
      "static": false,
      "thread_id": 40
    },
    {
      "elapsed": 0.0000023,
      "event": "return",
      "id": 71,
      "parent_id": 70,
      "return_value": {
        "class": "org.finos.waltz.model.EntityKind",
        "object_id": 1228752406,
        "value": "ATTESTATION"
      },
      "thread_id": 40
    },
    {
      "defined_class": "org.finos.waltz.model.notification.ImmutableNotificationSummary",
      "event": "call",
      "id": 72,
      "lineno": 46,
      "method_id": "count",
      "path": "org/finos/waltz/model/notification/ImmutableNotificationSummary.java",
      "receiver": {
        "class": "org.finos.waltz.model.notification.ImmutableNotificationSummary",
        "object_id": 36873072,
        "value": "NotificationSummary{kind=ATTESTATION, count=0}"
      },
      "static": false,
      "thread_id": 40
    },
    {
      "elapsed": 0.0000019,
      "event": "return",
      "id": 73,
      "parent_id": 72,
      "return_value": {
        "class": "java.lang.Integer",
        "object_id": 359580915,
        "value": "0"
      },
      "thread_id": 40
    },
    {
      "defined_class": "org.finos.waltz.model.notification.ImmutableNotificationSummary",
      "event": "call",
      "id": 74,
      "lineno": 37,
      "method_id": "kind",
      "path": "org/finos/waltz/model/notification/ImmutableNotificationSummary.java",
      "receiver": {
        "class": "org.finos.waltz.model.notification.ImmutableNotificationSummary",
        "object_id": 586297319,
        "value": "NotificationSummary{kind=SURVEY_INSTANCE, count=0}"
      },
      "static": false,
      "thread_id": 40
    },
    {
      "elapsed": 0.0000018,
      "event": "return",
      "id": 75,
      "parent_id": 74,
      "return_value": {
        "class": "org.finos.waltz.model.EntityKind",
        "object_id": 429975542,
        "value": "SURVEY_INSTANCE"
      },
      "thread_id": 40
    },
    {
      "defined_class": "org.finos.waltz.model.notification.ImmutableNotificationSummary",
      "event": "call",
      "id": 76,
      "lineno": 46,
      "method_id": "count",
      "path": "org/finos/waltz/model/notification/ImmutableNotificationSummary.java",
      "receiver": {
        "class": "org.finos.waltz.model.notification.ImmutableNotificationSummary",
        "object_id": 586297319,
        "value": "NotificationSummary{kind=SURVEY_INSTANCE, count=0}"
      },
      "static": false,
      "thread_id": 40
    },
    {
      "elapsed": 0.0000017,
      "event": "return",
      "id": 77,
      "parent_id": 76,
      "return_value": {
        "class": "java.lang.Integer",
        "object_id": 359580915,
        "value": "0"
      },
      "thread_id": 40
    },
    {
      "defined_class": "org.finos.waltz.model.notification.ImmutableNotificationResponse",
      "event": "call",
      "id": 78,
      "lineno": 52,
      "method_id": "message",
      "path": "org/finos/waltz/model/notification/ImmutableNotificationResponse.java",
      "receiver": {
        "class": "org.finos.waltz.model.notification.ImmutableNotificationResponse",
        "object_id": 1875869376,
        "value": "NotificationResponse{summary=[NotificationSummary{kind=ATTESTATION, count=0}, NotificationSummary{kind=SURVEY_INSTANCE, count=0}]}"
      },
      "static": false,
      "thread_id": 40
    },
    {
      "elapsed": 0.000002,
      "event": "return",
      "id": 79,
      "parent_id": 78,
      "return_value": {
        "class": "java.util.Optional",
        "object_id": 1001064146,
        "value": "Optional.empty"
      },
      "thread_id": 40
    },
    {
      "elapsed": 0.0031385,
      "event": "return",
      "http_server_response": {
        "headers": {
          "Access-Control-Expose-Headers": "*",
          "Access-Control-Allow-Origin": "*",
          "Date": "Mon, 03 Jun 2024 19:13:43 GMT",
          "Content-Type": "application/json"
        },
        "status": 200
      },
      "id": 80,
      "parent_id": 1,
      "thread_id": 40
    }
  ],
  "version": "1.2",
  "metadata": {
    "name": "GET /api/notification (200) - 19:13:43.166",
    "app": "waltz",
    "language": {
      "name": "java",
      "version": "17.0.8+9-LTS-211",
      "engine": "Java HotSpot(TM) 64-Bit Server VM"
    },
    "client": {
      "name": "appmap-java",
      "url": "https://github.com/appland/appmap-java"
    },
    "recorder": {
      "name": "request_recording",
      "type": "requests"
    },
    "recording": {},
    "git": {
      "repository": "git@github.com:land-of-apps/waltz.git",
      "branch": "master",
      "commit": "d013ac6221f1f2411cc51725a3bb201750f700be"
    }
  },
  "classMap": [
    {
      "children": [
        {
          "children": [
            {
              "children": [
                {
                  "children": [
                    {
                      "children": [
                        {
                          "children": [
                            {
                              "name": "findNotificationsByUserId",
                              "type": "function",
                              "static": false,
                              "location": "waltz-data/src/main/java/org/finos/waltz/data/notification/NotificationDao.java:69"
                            }
                          ],
                          "name": "NotificationDao",
                          "type": "class"
                        }
                      ],
                      "name": "notification",
                      "type": "package"
                    },
                    {
                      "children": [
                        {
                          "children": [
                            {
                              "name": "getByName",
                              "type": "function",
                              "static": false,
                              "location": "waltz-data/src/main/java/org/finos/waltz/data/settings/SettingsDao.java:70"
                            }
                          ],
                          "name": "SettingsDao",
                          "type": "class"
                        }
                      ],
                      "name": "settings",
                      "type": "package"
                    }
                  ],
                  "name": "data",
                  "type": "package"
                },
                {
                  "children": [
                    {
                      "children": [
                        {
                          "name": "newArrayList",
                          "type": "function",
                          "static": true,
                          "location": "waltz-common/src/main/java/org/finos/waltz/common/ListUtilities.java:43"
                        },
                        {
                          "name": "asList",
                          "type": "function",
                          "static": true,
                          "location": "waltz-common/src/main/java/org/finos/waltz/common/ListUtilities.java:58"
                        }
                      ],
                      "name": "ListUtilities",
                      "type": "class"
                    }
                  ],
                  "name": "common",
                  "type": "package"
                },
                {
                  "children": [
                    {
                      "children": [
                        {
                          "children": [
                            {
                              "name": "builder",
                              "type": "function",
                              "static": true,
                              "location": "org/finos/waltz/model/notification/ImmutableNotificationResponse.java:213"
                            },
                            {
                              "name": "createUnmodifiableList",
                              "type": "function",
                              "static": true,
                              "location": "org/finos/waltz/model/notification/ImmutableNotificationResponse.java:344"
                            },
                            {
                              "name": "message",
                              "type": "function",
                              "static": false,
                              "location": "org/finos/waltz/model/notification/ImmutableNotificationResponse.java:52"
                            },
                            {
                              "name": "summary",
                              "type": "function",
                              "static": false,
                              "location": "org/finos/waltz/model/notification/ImmutableNotificationResponse.java:43"
                            }
                          ],
                          "name": "ImmutableNotificationResponse",
                          "type": "class"
                        },
                        {
                          "children": [
                            {
                              "name": "addAllSummary",
                              "type": "function",
                              "static": false,
                              "location": "org/finos/waltz/model/notification/ImmutableNotificationResponse.java:289"
                            },
                            {
                              "name": "message",
                              "type": "function",
                              "static": false,
                              "location": "org/finos/waltz/model/notification/ImmutableNotificationResponse.java:312"
                            },
                            {
                              "name": "build",
                              "type": "function",
                              "static": false,
                              "location": "org/finos/waltz/model/notification/ImmutableNotificationResponse.java:322"
                            },
                            {
                              "name": "summary",
                              "type": "function",
                              "static": false,
                              "location": "org/finos/waltz/model/notification/ImmutableNotificationResponse.java:279"
                            }
                          ],
                          "name": "ImmutableNotificationResponse$Builder",
                          "type": "class"
                        },
                        {
                          "children": [
                            {
                              "name": "builder",
                              "type": "function",
                              "static": true,
                              "location": "org/finos/waltz/model/notification/ImmutableNotificationSummary.java:183"
                            },
                            {
                              "name": "count",
                              "type": "function",
                              "static": false,
                              "location": "org/finos/waltz/model/notification/ImmutableNotificationSummary.java:46"
                            },
                            {
                              "name": "kind",
                              "type": "function",
                              "static": false,
                              "location": "org/finos/waltz/model/notification/ImmutableNotificationSummary.java:37"
                            }
                          ],
                          "name": "ImmutableNotificationSummary",
                          "type": "class"
                        },
                        {
                          "children": [
                            {
                              "name": "kind",
                              "type": "function",
                              "static": false,
                              "location": "org/finos/waltz/model/notification/ImmutableNotificationSummary.java:226"
                            },
                            {
                              "name": "count",
                              "type": "function",
                              "static": false,
                              "location": "org/finos/waltz/model/notification/ImmutableNotificationSummary.java:238"
                            },
                            {
                              "name": "build",
                              "type": "function",
                              "static": false,
                              "location": "org/finos/waltz/model/notification/ImmutableNotificationSummary.java:249"
                            }
                          ],
                          "name": "ImmutableNotificationSummary$Builder",
                          "type": "class"
                        }
                      ],
                      "name": "notification",
                      "type": "package"
                    },
                    {
                      "children": [
                        {
                          "name": "valueOf",
                          "type": "function",
                          "static": true,
                          "location": "waltz-model/src/main/java/org/finos/waltz/model/EntityKind.java:21"
                        }
                      ],
                      "name": "EntityKind",
                      "type": "class"
                    }
                  ],
                  "name": "model",
                  "type": "package"
                },
                {
                  "children": [
                    {
                      "children": [
                        {
                          "children": [
                            {
                              "name": "getNotificationsByUserId",
                              "type": "function",
                              "static": false,
                              "location": "waltz-service/src/main/java/org/finos/waltz/service/notification/NotificationService.java:53"
                            }
                          ],
                          "name": "NotificationService",
                          "type": "class"
                        }
                      ],
                      "name": "notification",
                      "type": "package"
                    },
                    {
                      "children": [
                        {
                          "children": [
                            {
                              "name": "getByName",
                              "type": "function",
                              "static": false,
                              "location": "waltz-service/src/main/java/org/finos/waltz/service/settings/SettingsService.java:71"
                            },
                            {
                              "name": "getValue",
                              "type": "function",
                              "static": false,
                              "location": "waltz-service/src/main/java/org/finos/waltz/service/settings/SettingsService.java:83"
                            }
                          ],
                          "name": "SettingsService",
                          "type": "class"
                        }
                      ],
                      "name": "settings",
                      "type": "package"
                    },
                    {
                      "children": [
                        {
                          "name": "executeStart",
                          "type": "function",
                          "static": false,
                          "location": "waltz-service/src/main/java/org/finos/waltz/service/SlowQueryListener.java:59"
                        },
                        {
                          "name": "executeEnd",
                          "type": "function",
                          "static": false,
                          "location": "waltz-service/src/main/java/org/finos/waltz/service/SlowQueryListener.java:66"
                        }
                      ],
                      "name": "SlowQueryListener",
                      "type": "class"
                    }
                  ],
                  "name": "service",
                  "type": "package"
                },
                {
                  "children": [
                    {
                      "children": [
                        {
                          "children": [
                            {
                              "children": [
                                {
                                  "name": "handle",
                                  "type": "function",
                                  "static": false,
                                  "location": "waltz-web/src/main/java/org/finos/waltz/web/endpoints/auth/JWTAuthenticationFilter.java:62"
                                }
                              ],
                              "name": "JWTAuthenticationFilter",
                              "type": "class"
                            },
                            {
                              "children": [
                                {
                                  "name": "getUsername",
                                  "type": "function",
                                  "static": true,
                                  "location": "waltz-web/src/main/java/org/finos/waltz/web/endpoints/auth/AuthenticationUtilities.java:37"
                                }
                              ],
                              "name": "AuthenticationUtilities",
                              "type": "class"
                            }
                          ],
                          "name": "auth",
                          "type": "package"
                        }
                      ],
                      "name": "endpoints",
                      "type": "package"
                    },
                    {
                      "children": [
                        {
                          "name": "getUsername",
                          "type": "function",
                          "static": true,
                          "location": "waltz-web/src/main/java/org/finos/waltz/web/WebUtilities.java:171"
                        }
                      ],
                      "name": "WebUtilities",
                      "type": "class"
                    }
                  ],
                  "name": "web",
                  "type": "package"
                },
                {
                  "children": [
                    {
                      "children": [
                        {
                          "children": [
                            {
                              "name": "fieldsRow",
                              "type": "function",
                              "static": false,
                              "location": "org/finos/waltz/schema/tables/Settings.java:148"
                            }
                          ],
                          "name": "Settings",
                          "type": "class"
                        }
                      ],
                      "name": "tables",
                      "type": "package"
                    }
                  ],
                  "name": "schema",
                  "type": "package"
                }
              ],
              "name": "waltz",
              "type": "package"
            }
          ],
          "name": "finos",
          "type": "package"
        }
      ],
      "name": "org",
      "type": "package"
    },
    {
      "type": "http",
      "name": "HTTP server requests",
      "children": [
        {
          "type": "route",
          "name": "GET /api/notification"
        }
      ]
    },
    {
      "type": "database",
      "name": "Database",
      "children": [
        {
          "type": "query",
          "name": "select 'ATTESTATION' as \"kind\", count(*) as \"count\" from \"attestation_instance\" join \"attestation_instance_recipient\" on \"attestation_instance_recipient\".\"attestation_instance_id\" = \"attestation_instance\".\"id\" where (\"attestation_instance_recipient\".\"user_id\" = 'anonymous' and \"attestation_instance\".\"attested_at\" is null) union all select 'SURVEY_INSTANCE' as \"kind\", count(*) as \"count\" from \"survey_instance\" join \"survey_instance_recipient\" on \"survey_instance_recipient\".\"survey_instance_id\" = \"survey_instance\".\"id\" join \"person\" on \"person\".\"id\" = \"survey_instance_recipient\".\"person_id\" join \"survey_run\" on \"survey_instance\".\"survey_run_id\" = \"survey_run\".\"id\" join \"survey_template\" on \"survey_run\".\"survey_template_id\" = \"survey_template\".\"id\" where (\"person\".\"email\" = 'anonymous' and \"survey_instance\".\"original_instance_id\" is null and \"survey_instance\".\"status\" in ('NOT_STARTED', 'IN_PROGRESS') and \"survey_template\".\"status\" = 'ACTIVE')"
        },
        {
          "type": "query",
          "name": "select \"settings\".\"name\", \"settings\".\"value\", \"settings\".\"restricted\", \"settings\".\"description\" from \"settings\" where \"settings\".\"name\" = ?"
        }
      ]
    }
  ]
}