{
  "events": [
    {
      "event": "call",
      "http_server_request": {
        "headers": {
          "Origin": "http://localhost:8080",
          "Accept": "application/json, text/plain, */*",
          "Connection": "keep-alive",
          "User-Agent": "Mozilla/5.0 (Macintosh; Intel Mac OS X 10_15_7) AppleWebKit/537.36 (KHTML, like Gecko) Chrome/125.0.0.0 Safari/537.36",
          "Referer": "http://localhost:8080/application/50",
          "Sec-Fetch-Site": "same-origin",
          "Sec-Fetch-Dest": "empty",
          "Host": "localhost:8080",
          "Accept-Encoding": "gzip, deflate, br, zstd",
          "Sec-Fetch-Mode": "cors",
          "sec-ch-ua": "\"Brave\";v=\"125\", \"Chromium\";v=\"125\", \"Not.A/Brand\";v=\"24\"",
          "sec-ch-ua-mobile": "?0",
          "sec-ch-ua-platform": "\"macOS\"",
          "Sec-GPC": "1",
          "Accept-Language": "en-US,en",
          "Content-Length": "116",
          "Content-Type": "application/json;charset=UTF-8"
        },
        "path_info": "/api/change-unit/selector",
        "protocol": "HTTP/1.1",
        "request_method": "POST"
      },
      "id": 1,
      "thread_id": 55
    },
    {
      "defined_class": "org.finos.waltz.web.endpoints.auth.JWTAuthenticationFilter",
      "event": "call",
      "id": 2,
      "lineno": 62,
      "method_id": "handle",
      "parameters": [
        {
          "class": "spark.http.matching.RequestWrapper",
          "kind": "req",
          "name": "request",
          "object_id": 185438004,
          "value": "spark.Request@2b6d5e9"
        },
        {
          "class": "spark.http.matching.ResponseWrapper",
          "kind": "req",
          "name": "response",
          "object_id": 130904095,
          "value": "spark.Response@578f2784"
        }
      ],
      "path": "waltz-web/src/main/java/org/finos/waltz/web/endpoints/auth/JWTAuthenticationFilter.java",
      "receiver": {
        "class": "org.finos.waltz.web.endpoints.auth.JWTAuthenticationFilter",
        "object_id": 1161636242,
        "value": "org.finos.waltz.web.endpoints.auth.JWTAuthenticationFilter@453d2992"
      },
      "static": false,
      "thread_id": 55
    },
    {
      "elapsed": 0.0000115,
      "event": "return",
      "id": 3,
      "parent_id": 2,
      "thread_id": 55
    },
    {
      "defined_class": "org.finos.waltz.web.WebUtilities",
      "event": "call",
      "id": 4,
      "lineno": 262,
      "method_id": "readIdSelectionOptionsFromBody",
      "parameters": [
        {
          "class": "spark.http.matching.RequestWrapper",
          "kind": "req",
          "name": "request",
          "object_id": 185438004,
          "value": "spark.Request@309c666e"
        }
      ],
      "path": "waltz-web/src/main/java/org/finos/waltz/web/WebUtilities.java",
      "static": true,
      "thread_id": 55
    },
    {
      "defined_class": "org.finos.waltz.web.WebUtilities",
      "event": "call",
      "id": 5,
      "lineno": 234,
      "method_id": "readBody",
      "parameters": [
        {
          "class": "spark.http.matching.RequestWrapper",
          "kind": "req",
          "name": "request",
          "object_id": 185438004,
          "value": "spark.Request@309c666e"
        },
        {
          "class": "java.lang.Class",
          "kind": "req",
          "name": "objClass",
          "object_id": 880538701,
          "value": "class org.finos.waltz.model.IdSelectionOptions"
        }
      ],
      "path": "waltz-web/src/main/java/org/finos/waltz/web/WebUtilities.java",
      "static": true,
      "thread_id": 55
    },
    {
      "defined_class": "org.finos.waltz.model.ImmutableEntityReference",
      "event": "call",
      "id": 6,
      "lineno": 310,
      "method_id": "fromJson",
      "parameters": [
        {
          "class": "org.finos.waltz.model.ImmutableEntityReference$Json",
          "kind": "req",
          "name": "json",
          "object_id": 1555936746,
          "value": "org.finos.waltz.model.ImmutableEntityReference$Json@5cbdb5ea"
        }
      ],
      "path": "org/finos/waltz/model/ImmutableEntityReference.java",
      "static": true,
      "thread_id": 55
    },
    {
      "defined_class": "org.finos.waltz.model.ImmutableEntityReference",
      "event": "call",
      "id": 7,
      "lineno": 363,
      "method_id": "builder",
      "path": "org/finos/waltz/model/ImmutableEntityReference.java",
      "static": true,
      "thread_id": 55
    },
    {
      "elapsed": 0.0000051,
      "event": "return",
      "id": 8,
      "parent_id": 7,
      "return_value": {
        "class": "org.finos.waltz.model.ImmutableEntityReference$Builder",
        "object_id": 1745889801,
        "value": "org.finos.waltz.model.ImmutableEntityReference$Builder@68102a09"
      },
      "thread_id": 55
    },
    {
      "defined_class": "org.finos.waltz.model.ImmutableEntityReference$Builder",
      "event": "call",
      "id": 9,
      "lineno": 509,
      "method_id": "kind",
      "parameters": [
        {
          "class": "org.finos.waltz.model.EntityKind",
          "kind": "req",
          "name": "kind",
          "object_id": 955345496,
          "value": "APPLICATION"
        }
      ],
      "path": "org/finos/waltz/model/ImmutableEntityReference.java",
      "receiver": {
        "class": "org.finos.waltz.model.ImmutableEntityReference$Builder",
        "object_id": 1745889801,
        "value": "org.finos.waltz.model.ImmutableEntityReference$Builder@68102a09"
      },
      "static": false,
      "thread_id": 55
    },
    {
      "elapsed": 0.0000041,
      "event": "return",
      "id": 10,
      "parent_id": 9,
      "return_value": {
        "class": "org.finos.waltz.model.ImmutableEntityReference$Builder",
        "object_id": 1745889801,
        "value": "org.finos.waltz.model.ImmutableEntityReference$Builder@68102a09"
      },
      "thread_id": 55
    },
    {
      "defined_class": "org.finos.waltz.model.ImmutableEntityReference$Builder",
      "event": "call",
      "id": 11,
      "lineno": 521,
      "method_id": "id",
      "parameters": [
        {
          "class": "java.lang.Long",
          "kind": "req",
          "name": "id",
          "object_id": 555813662,
          "value": "50"
        }
      ],
      "path": "org/finos/waltz/model/ImmutableEntityReference.java",
      "receiver": {
        "class": "org.finos.waltz.model.ImmutableEntityReference$Builder",
        "object_id": 1745889801,
        "value": "org.finos.waltz.model.ImmutableEntityReference$Builder@68102a09"
      },
      "static": false,
      "thread_id": 55
    },
    {
      "elapsed": 0.0000056,
      "event": "return",
      "id": 12,
      "parent_id": 11,
      "return_value": {
        "class": "org.finos.waltz.model.ImmutableEntityReference$Builder",
        "object_id": 1745889801,
        "value": "org.finos.waltz.model.ImmutableEntityReference$Builder@68102a09"
      },
      "thread_id": 55
    },
    {
      "defined_class": "org.finos.waltz.model.ImmutableEntityReference$Builder",
      "event": "call",
      "id": 13,
      "lineno": 543,
      "method_id": "name",
      "parameters": [
        {
          "class": "java.util.Optional",
          "kind": "req",
          "name": "name",
          "object_id": 410882137,
          "value": "Optional.empty"
        }
      ],
      "path": "org/finos/waltz/model/ImmutableEntityReference.java",
      "receiver": {
        "class": "org.finos.waltz.model.ImmutableEntityReference$Builder",
        "object_id": 1745889801,
        "value": "org.finos.waltz.model.ImmutableEntityReference$Builder@68102a09"
      },
      "static": false,
      "thread_id": 55
    },
    {
      "elapsed": 0.0000012,
      "event": "return",
      "id": 14,
      "parent_id": 13,
      "return_value": {
        "class": "org.finos.waltz.model.ImmutableEntityReference$Builder",
        "object_id": 1745889801,
        "value": "org.finos.waltz.model.ImmutableEntityReference$Builder@68102a09"
      },
      "thread_id": 55
    },
    {
      "defined_class": "org.finos.waltz.model.ImmutableEntityReference$Builder",
      "event": "call",
      "id": 15,
      "lineno": 564,
      "method_id": "externalId",
      "parameters": [
        {
          "class": "java.util.Optional",
          "kind": "req",
          "name": "externalId",
          "object_id": 410882137,
          "value": "Optional.empty"
        }
      ],
      "path": "org/finos/waltz/model/ImmutableEntityReference.java",
      "receiver": {
        "class": "org.finos.waltz.model.ImmutableEntityReference$Builder",
        "object_id": 1745889801,
        "value": "org.finos.waltz.model.ImmutableEntityReference$Builder@68102a09"
      },
      "static": false,
      "thread_id": 55
    },
    {
      "elapsed": 8e-7,
      "event": "return",
      "id": 16,
      "parent_id": 15,
      "return_value": {
        "class": "org.finos.waltz.model.ImmutableEntityReference$Builder",
        "object_id": 1745889801,
        "value": "org.finos.waltz.model.ImmutableEntityReference$Builder@68102a09"
      },
      "thread_id": 55
    },
    {
      "defined_class": "org.finos.waltz.model.ImmutableEntityReference$Builder",
      "event": "call",
      "id": 17,
      "lineno": 586,
      "method_id": "build",
      "path": "org/finos/waltz/model/ImmutableEntityReference.java",
      "receiver": {
        "class": "org.finos.waltz.model.ImmutableEntityReference$Builder",
        "object_id": 1745889801,
        "value": "org.finos.waltz.model.ImmutableEntityReference$Builder@68102a09"
      },
      "static": false,
      "thread_id": 55
    },
    {
      "defined_class": "org.finos.waltz.model.EntityReference",
      "event": "call",
      "id": 18,
      "lineno": 54,
      "method_id": "entityLifecycleStatus",
      "path": "waltz-model/src/main/java/org/finos/waltz/model/EntityReference.java",
      "receiver": {
        "class": "org.finos.waltz.model.ImmutableEntityReference",
        "object_id": 1175294856,
        "value": "EntityReference{kind=APPLICATION, id=50, entityLifecycleStatus=null}"
      },
      "static": false,
      "thread_id": 55
    },
    {
      "elapsed": 0.0000029,
      "event": "return",
      "id": 19,
      "parent_id": 18,
      "return_value": {
        "class": "org.finos.waltz.model.EntityLifecycleStatus",
        "object_id": 1929566246,
        "value": "ACTIVE"
      },
      "thread_id": 55
    },
    {
      "elapsed": 0.0000102,
      "event": "return",
      "id": 20,
      "parent_id": 17,
      "return_value": {
        "class": "org.finos.waltz.model.ImmutableEntityReference",
        "object_id": 1175294856,
        "value": "EntityReference{kind=APPLICATION, id=50, entityLifecycleStatus=ACTIVE}"
      },
      "thread_id": 55
    },
    {
      "elapsed": 0.0001933,
      "event": "return",
      "id": 21,
      "parent_id": 6,
      "return_value": {
        "class": "org.finos.waltz.model.ImmutableEntityReference",
        "object_id": 1175294856,
        "value": "EntityReference{kind=APPLICATION, id=50, entityLifecycleStatus=ACTIVE}"
      },
      "thread_id": 55
    },
    {
      "defined_class": "org.finos.waltz.model.ImmutableSelectionFilters",
      "event": "call",
      "id": 22,
      "lineno": 128,
      "method_id": "fromJson",
      "parameters": [
        {
          "class": "org.finos.waltz.model.ImmutableSelectionFilters$Json",
          "kind": "req",
          "name": "json",
          "object_id": 368128561,
          "value": "org.finos.waltz.model.ImmutableSelectionFilters$Json@15f13231"
        }
      ],
      "path": "org/finos/waltz/model/ImmutableSelectionFilters.java",
      "static": true,
      "thread_id": 55
    },
    {
      "defined_class": "org.finos.waltz.model.ImmutableSelectionFilters",
      "event": "call",
      "id": 23,
      "lineno": 161,
      "method_id": "builder",
      "path": "org/finos/waltz/model/ImmutableSelectionFilters.java",
      "static": true,
      "thread_id": 55
    },
    {
      "elapsed": 0.0000051,
      "event": "return",
      "id": 24,
      "parent_id": 23,
      "return_value": {
        "class": "org.finos.waltz.model.ImmutableSelectionFilters$Builder",
        "object_id": 617797504,
        "value": "org.finos.waltz.model.ImmutableSelectionFilters$Builder@24d2d780"
      },
      "thread_id": 55
    },
    {
      "defined_class": "org.finos.waltz.model.ImmutableSelectionFilters$Builder",
      "event": "call",
      "id": 25,
      "lineno": 232,
      "method_id": "addAllOmitApplicationKinds",
      "parameters": [
        {
          "class": "java.util.Collections$EmptySet",
          "kind": "req",
          "name": "elements",
          "object_id": 1787396638,
          "value": "[]"
        }
      ],
      "path": "org/finos/waltz/model/ImmutableSelectionFilters.java",
      "receiver": {
        "class": "org.finos.waltz.model.ImmutableSelectionFilters$Builder",
        "object_id": 617797504,
        "value": "org.finos.waltz.model.ImmutableSelectionFilters$Builder@24d2d780"
      },
      "static": false,
      "thread_id": 55
    },
    {
      "elapsed": 0.0000024,
      "event": "return",
      "id": 26,
      "parent_id": 25,
      "return_value": {
        "class": "org.finos.waltz.model.ImmutableSelectionFilters$Builder",
        "object_id": 617797504,
        "value": "org.finos.waltz.model.ImmutableSelectionFilters$Builder@24d2d780"
      },
      "thread_id": 55
    },
    {
      "defined_class": "org.finos.waltz.model.ImmutableSelectionFilters$Builder",
      "event": "call",
      "id": 27,
      "lineno": 244,
      "method_id": "build",
      "path": "org/finos/waltz/model/ImmutableSelectionFilters.java",
      "receiver": {
        "class": "org.finos.waltz.model.ImmutableSelectionFilters$Builder",
        "object_id": 617797504,
        "value": "org.finos.waltz.model.ImmutableSelectionFilters$Builder@24d2d780"
      },
      "static": false,
      "thread_id": 55
    },
    {
      "defined_class": "org.finos.waltz.model.ImmutableSelectionFilters",
      "event": "call",
      "id": 28,
      "lineno": 267,
      "method_id": "createUnmodifiableEnumSet",
      "parameters": [
        {
          "class": "java.util.RegularEnumSet",
          "kind": "req",
          "name": "iterable",
          "object_id": 1299964273,
          "value": "[]"
        }
      ],
      "path": "org/finos/waltz/model/ImmutableSelectionFilters.java",
      "static": true,
      "thread_id": 55
    },
    {
      "elapsed": 0.0000034,
      "event": "return",
      "id": 29,
      "parent_id": 28,
      "return_value": {
        "class": "java.util.Collections$UnmodifiableSet",
        "object_id": 1732291205,
        "value": "[]"
      },
      "thread_id": 55
    },
    {
      "elapsed": 0.0000097,
      "event": "return",
      "id": 30,
      "parent_id": 27,
      "return_value": {
        "class": "org.finos.waltz.model.ImmutableSelectionFilters",
        "object_id": 2067557606,
        "value": "SelectionFilters{omitApplicationKinds=[]}"
      },
      "thread_id": 55
    },
    {
      "elapsed": 0.0000295,
      "event": "return",
      "id": 31,
      "parent_id": 22,
      "return_value": {
        "class": "org.finos.waltz.model.ImmutableSelectionFilters",
        "object_id": 2067557606,
        "value": "SelectionFilters{omitApplicationKinds=[]}"
      },
      "thread_id": 55
    },
    {
      "defined_class": "org.finos.waltz.model.ImmutableIdSelectionOptions",
      "event": "call",
      "id": 32,
      "lineno": 368,
      "method_id": "fromJson",
      "parameters": [
        {
          "class": "org.finos.waltz.model.ImmutableIdSelectionOptions$Json",
          "kind": "req",
          "name": "json",
          "object_id": 1231080150,
          "value": "org.finos.waltz.model.ImmutableIdSelectionOptions$Json@4960cad6"
        }
      ],
      "path": "org/finos/waltz/model/ImmutableIdSelectionOptions.java",
      "static": true,
      "thread_id": 55
    },
    {
      "defined_class": "org.finos.waltz.model.ImmutableIdSelectionOptions",
      "event": "call",
      "id": 33,
      "lineno": 417,
      "method_id": "builder",
      "path": "org/finos/waltz/model/ImmutableIdSelectionOptions.java",
      "static": true,
      "thread_id": 55
    },
    {
      "elapsed": 0.000003,
      "event": "return",
      "id": 34,
      "parent_id": 33,
      "return_value": {
        "class": "org.finos.waltz.model.ImmutableIdSelectionOptions$Builder",
        "object_id": 1535298274,
        "value": "org.finos.waltz.model.ImmutableIdSelectionOptions$Builder@5b82cae2"
      },
      "thread_id": 55
    },
    {
      "defined_class": "org.finos.waltz.model.ImmutableIdSelectionOptions$Builder",
      "event": "call",
      "id": 35,
      "lineno": 472,
      "method_id": "entityReference",
      "parameters": [
        {
          "class": "org.finos.waltz.model.ImmutableEntityReference",
          "kind": "req",
          "name": "entityReference",
          "object_id": 1175294856,
          "value": "EntityReference{kind=APPLICATION, id=50, entityLifecycleStatus=ACTIVE}"
        }
      ],
      "path": "org/finos/waltz/model/ImmutableIdSelectionOptions.java",
      "receiver": {
        "class": "org.finos.waltz.model.ImmutableIdSelectionOptions$Builder",
        "object_id": 1535298274,
        "value": "org.finos.waltz.model.ImmutableIdSelectionOptions$Builder@5b82cae2"
      },
      "static": false,
      "thread_id": 55
    },
    {
      "elapsed": 0.0002122,
      "event": "return",
      "id": 36,
      "parent_id": 35,
      "return_value": {
        "class": "org.finos.waltz.model.ImmutableIdSelectionOptions$Builder",
        "object_id": 1535298274,
        "value": "org.finos.waltz.model.ImmutableIdSelectionOptions$Builder@5b82cae2"
      },
      "thread_id": 55
    },
    {
      "defined_class": "org.finos.waltz.model.ImmutableIdSelectionOptions$Builder",
      "event": "call",
      "id": 37,
      "lineno": 484,
      "method_id": "scope",
      "parameters": [
        {
          "class": "org.finos.waltz.model.HierarchyQueryScope",
          "kind": "req",
          "name": "scope",
          "object_id": 898962578,
          "value": "EXACT"
        }
      ],
      "path": "org/finos/waltz/model/ImmutableIdSelectionOptions.java",
      "receiver": {
        "class": "org.finos.waltz.model.ImmutableIdSelectionOptions$Builder",
        "object_id": 1535298274,
        "value": "org.finos.waltz.model.ImmutableIdSelectionOptions$Builder@5b82cae2"
      },
      "static": false,
      "thread_id": 55
    },
    {
      "elapsed": 0.0001103,
      "event": "return",
      "id": 38,
      "parent_id": 37,
      "return_value": {
        "class": "org.finos.waltz.model.ImmutableIdSelectionOptions$Builder",
        "object_id": 1535298274,
        "value": "org.finos.waltz.model.ImmutableIdSelectionOptions$Builder@5b82cae2"
      },
      "thread_id": 55
    },
    {
      "defined_class": "org.finos.waltz.model.ImmutableIdSelectionOptions$Builder",
      "event": "call",
      "id": 39,
      "lineno": 506,
      "method_id": "joiningEntityKind",
      "parameters": [
        {
          "class": "java.util.Optional",
          "kind": "req",
          "name": "joiningEntityKind",
          "object_id": 410882137,
          "value": "Optional.empty"
        }
      ],
      "path": "org/finos/waltz/model/ImmutableIdSelectionOptions.java",
      "receiver": {
        "class": "org.finos.waltz.model.ImmutableIdSelectionOptions$Builder",
        "object_id": 1535298274,
        "value": "org.finos.waltz.model.ImmutableIdSelectionOptions$Builder@5b82cae2"
      },
      "static": false,
      "thread_id": 55
    },
    {
      "elapsed": 0.000002,
      "event": "return",
      "id": 40,
      "parent_id": 39,
      "return_value": {
        "class": "org.finos.waltz.model.ImmutableIdSelectionOptions$Builder",
        "object_id": 1535298274,
        "value": "org.finos.waltz.model.ImmutableIdSelectionOptions$Builder@5b82cae2"
      },
      "thread_id": 55
    },
    {
      "defined_class": "org.finos.waltz.model.ImmutableIdSelectionOptions$Builder",
      "event": "call",
      "id": 41,
      "lineno": 552,
      "method_id": "addAllEntityLifecycleStatuses",
      "parameters": [
        {
          "class": "java.util.HashSet",
          "kind": "req",
          "name": "elements",
          "object_id": 963925909,
          "value": "[ACTIVE]"
        }
      ],
      "path": "org/finos/waltz/model/ImmutableIdSelectionOptions.java",
      "receiver": {
        "class": "org.finos.waltz.model.ImmutableIdSelectionOptions$Builder",
        "object_id": 1535298274,
        "value": "org.finos.waltz.model.ImmutableIdSelectionOptions$Builder@5b82cae2"
      },
      "static": false,
      "thread_id": 55
    },
    {
      "elapsed": 0.0001095,
      "event": "return",
      "id": 42,
      "parent_id": 41,
      "return_value": {
        "class": "org.finos.waltz.model.ImmutableIdSelectionOptions$Builder",
        "object_id": 1535298274,
        "value": "org.finos.waltz.model.ImmutableIdSelectionOptions$Builder@5b82cae2"
      },
      "thread_id": 55
    },
    {
      "defined_class": "org.finos.waltz.model.ImmutableIdSelectionOptions$Builder",
      "event": "call",
      "id": 43,
      "lineno": 567,
      "method_id": "filters",
      "parameters": [
        {
          "class": "org.finos.waltz.model.ImmutableSelectionFilters",
          "kind": "req",
          "name": "filters",
          "object_id": 2067557606,
          "value": "SelectionFilters{omitApplicationKinds=[]}"
        }
      ],
      "path": "org/finos/waltz/model/ImmutableIdSelectionOptions.java",
      "receiver": {
        "class": "org.finos.waltz.model.ImmutableIdSelectionOptions$Builder",
        "object_id": 1535298274,
        "value": "org.finos.waltz.model.ImmutableIdSelectionOptions$Builder@5b82cae2"
      },
      "static": false,
      "thread_id": 55
    },
    {
      "elapsed": 0.0000018,
      "event": "return",
      "id": 44,
      "parent_id": 43,
      "return_value": {
        "class": "org.finos.waltz.model.ImmutableIdSelectionOptions$Builder",
        "object_id": 1535298274,
        "value": "org.finos.waltz.model.ImmutableIdSelectionOptions$Builder@5b82cae2"
      },
      "thread_id": 55
    },
    {
      "defined_class": "org.finos.waltz.model.ImmutableIdSelectionOptions$Builder",
      "event": "call",
      "id": 45,
      "lineno": 577,
      "method_id": "build",
      "path": "org/finos/waltz/model/ImmutableIdSelectionOptions.java",
      "receiver": {
        "class": "org.finos.waltz.model.ImmutableIdSelectionOptions$Builder",
        "object_id": 1535298274,
        "value": "org.finos.waltz.model.ImmutableIdSelectionOptions$Builder@5b82cae2"
      },
      "static": false,
      "thread_id": 55
    },
    {
      "defined_class": "org.finos.waltz.model.ImmutableIdSelectionOptions$Builder",
      "event": "call",
      "id": 46,
      "lineno": 584,
      "method_id": "entityLifecycleStatusesIsSet",
      "path": "org/finos/waltz/model/ImmutableIdSelectionOptions.java",
      "receiver": {
        "class": "org.finos.waltz.model.ImmutableIdSelectionOptions$Builder",
        "object_id": 1535298274,
        "value": "org.finos.waltz.model.ImmutableIdSelectionOptions$Builder@5b82cae2"
      },
      "static": false,
      "thread_id": 55
    },
    {
      "elapsed": 0.0000021,
      "event": "return",
      "id": 47,
      "parent_id": 46,
      "return_value": {
        "class": "java.lang.Boolean",
        "object_id": 1639612098,
        "value": "true"
      },
      "thread_id": 55
    },
    {
      "defined_class": "org.finos.waltz.model.ImmutableIdSelectionOptions",
      "event": "call",
      "id": 48,
      "lineno": 614,
      "method_id": "createUnmodifiableEnumSet",
      "parameters": [
        {
          "class": "java.util.RegularEnumSet",
          "kind": "req",
          "name": "iterable",
          "object_id": 557270785,
          "value": "[ACTIVE]"
        }
      ],
      "path": "org/finos/waltz/model/ImmutableIdSelectionOptions.java",
      "static": true,
      "thread_id": 55
    },
    {
      "elapsed": 0.0000026,
      "event": "return",
      "id": 49,
      "parent_id": 48,
      "return_value": {
        "class": "java.util.Collections$UnmodifiableSet",
        "object_id": 1859002251,
        "value": "[ACTIVE]"
      },
      "thread_id": 55
    },
    {
      "defined_class": "org.finos.waltz.model.ImmutableIdSelectionOptions$InitShim",
      "event": "call",
      "id": 50,
      "lineno": 84,
      "method_id": "entityLifecycleStatuses",
      "parameters": [
        {
          "class": "java.util.Collections$UnmodifiableSet",
          "kind": "req",
          "name": "entityLifecycleStatuses",
          "object_id": 1859002251,
          "value": "[ACTIVE]"
        }
      ],
      "path": "org/finos/waltz/model/ImmutableIdSelectionOptions.java",
      "receiver": {
        "class": "org.finos.waltz.model.ImmutableIdSelectionOptions$InitShim",
        "object_id": 592846186,
        "value": "org.finos.waltz.model.ImmutableIdSelectionOptions$InitShim@23561d6a"
      },
      "static": false,
      "thread_id": 55
    },
    {
      "elapsed": 0.0000016,
      "event": "return",
      "id": 51,
      "parent_id": 50,
      "thread_id": 55
    },
    {
      "defined_class": "org.finos.waltz.model.ImmutableIdSelectionOptions$InitShim",
      "event": "call",
      "id": 52,
      "lineno": 102,
      "method_id": "filters",
      "parameters": [
        {
          "class": "org.finos.waltz.model.ImmutableSelectionFilters",
          "kind": "req",
          "name": "filters",
          "object_id": 2067557606,
          "value": "SelectionFilters{omitApplicationKinds=[]}"
        }
      ],
      "path": "org/finos/waltz/model/ImmutableIdSelectionOptions.java",
      "receiver": {
        "class": "org.finos.waltz.model.ImmutableIdSelectionOptions$InitShim",
        "object_id": 592846186,
        "value": "org.finos.waltz.model.ImmutableIdSelectionOptions$InitShim@23561d6a"
      },
      "static": false,
      "thread_id": 55
    },
    {
      "elapsed": 0.0000012,
      "event": "return",
      "id": 53,
      "parent_id": 52,
      "thread_id": 55
    },
    {
      "defined_class": "org.finos.waltz.model.ImmutableIdSelectionOptions$InitShim",
      "event": "call",
      "id": 54,
      "lineno": 74,
      "method_id": "entityLifecycleStatuses",
      "path": "org/finos/waltz/model/ImmutableIdSelectionOptions.java",
      "receiver": {
        "class": "org.finos.waltz.model.ImmutableIdSelectionOptions$InitShim",
        "object_id": 592846186,
        "value": "org.finos.waltz.model.ImmutableIdSelectionOptions$InitShim@23561d6a"
      },
      "static": false,
      "thread_id": 55
    },
    {
      "elapsed": 0.0000014,
      "event": "return",
      "id": 55,
      "parent_id": 54,
      "return_value": {
        "class": "java.util.Collections$UnmodifiableSet",
        "object_id": 1859002251,
        "value": "[ACTIVE]"
      },
      "thread_id": 55
    },
    {
      "defined_class": "org.finos.waltz.model.ImmutableIdSelectionOptions$InitShim",
      "event": "call",
      "id": 56,
      "lineno": 92,
      "method_id": "filters",
      "path": "org/finos/waltz/model/ImmutableIdSelectionOptions.java",
      "receiver": {
        "class": "org.finos.waltz.model.ImmutableIdSelectionOptions$InitShim",
        "object_id": 592846186,
        "value": "org.finos.waltz.model.ImmutableIdSelectionOptions$InitShim@23561d6a"
      },
      "static": false,
      "thread_id": 55
    },
    {
      "elapsed": 0.0000014,
      "event": "return",
      "id": 57,
      "parent_id": 56,
      "return_value": {
        "class": "org.finos.waltz.model.ImmutableSelectionFilters",
        "object_id": 2067557606,
        "value": "SelectionFilters{omitApplicationKinds=[]}"
      },
      "thread_id": 55
    },
    {
      "elapsed": 0.0000269,
      "event": "return",
      "id": 58,
      "parent_id": 45,
      "return_value": {
        "class": "org.finos.waltz.model.ImmutableIdSelectionOptions",
        "object_id": 948252266,
        "value": "IdSelectionOptions{entityReference=EntityReference{kind=APPLICATION, id=50, entityLifecycleStatus=ACTIVE}, scope=EXACT, entityLifecycleStatuses=[ACTIVE], filters=SelectionFilters{omitApplicationKinds=[]}}"
      },
      "thread_id": 55
    },
    {
      "elapsed": 0.0006409,
      "event": "return",
      "id": 59,
      "parent_id": 32,
      "return_value": {
        "class": "org.finos.waltz.model.ImmutableIdSelectionOptions",
        "object_id": 948252266,
        "value": "IdSelectionOptions{entityReference=EntityReference{kind=APPLICATION, id=50, entityLifecycleStatus=ACTIVE}, scope=EXACT, entityLifecycleStatuses=[ACTIVE], filters=SelectionFilters{omitApplicationKinds=[]}}"
      },
      "thread_id": 55
    },
    {
      "elapsed": 0.0009896,
      "event": "return",
      "id": 60,
      "parent_id": 5,
      "return_value": {
        "class": "org.finos.waltz.model.ImmutableIdSelectionOptions",
        "object_id": 948252266,
        "value": "IdSelectionOptions{entityReference=EntityReference{kind=APPLICATION, id=50, entityLifecycleStatus=ACTIVE}, scope=EXACT, entityLifecycleStatuses=[ACTIVE], filters=SelectionFilters{omitApplicationKinds=[]}}"
      },
      "thread_id": 55
    },
    {
      "elapsed": 0.0011392,
      "event": "return",
      "id": 61,
      "parent_id": 4,
      "return_value": {
        "class": "org.finos.waltz.model.ImmutableIdSelectionOptions",
        "object_id": 948252266,
        "value": "IdSelectionOptions{entityReference=EntityReference{kind=APPLICATION, id=50, entityLifecycleStatus=ACTIVE}, scope=EXACT, entityLifecycleStatuses=[ACTIVE], filters=SelectionFilters{omitApplicationKinds=[]}}"
      },
      "thread_id": 55
    },
    {
      "defined_class": "org.finos.waltz.service.change_unit.ChangeUnitService",
      "event": "call",
      "id": 62,
      "lineno": 85,
      "method_id": "findBySelector",
      "parameters": [
        {
          "class": "org.finos.waltz.model.ImmutableIdSelectionOptions",
          "kind": "req",
          "name": "options",
          "object_id": 948252266,
          "value": "IdSelectionOptions{entityReference=EntityReference{kind=APPLICATION, id=50, entityLifecycleStatus=ACTIVE}, scope=EXACT, entityLifecycleStatuses=[ACTIVE], filters=SelectionFilters{omitApplicationKinds=[]}}"
        }
      ],
      "path": "waltz-service/src/main/java/org/finos/waltz/service/change_unit/ChangeUnitService.java",
      "receiver": {
        "class": "org.finos.waltz.service.change_unit.ChangeUnitService",
        "object_id": 1783149137,
        "value": "org.finos.waltz.service.change_unit.ChangeUnitService@6a48b251"
      },
      "static": false,
      "thread_id": 55
    },
    {
      "defined_class": "org.finos.waltz.common.Checks",
      "event": "call",
      "id": 63,
      "lineno": 37,
      "method_id": "checkNotNull",
      "parameters": [
        {
          "class": "org.finos.waltz.model.ImmutableIdSelectionOptions",
          "kind": "req",
          "name": "t",
          "object_id": 948252266,
          "value": "IdSelectionOptions{entityReference=EntityReference{kind=APPLICATION, id=50, entityLifecycleStatus=ACTIVE}, scope=EXACT, entityLifecycleStatuses=[ACTIVE], filters=SelectionFilters{omitApplicationKinds=[]}}"
        },
        {
          "class": "java.lang.String",
          "kind": "req",
          "name": "message",
          "object_id": 915558703,
          "value": "options cannot be null"
        },
        {
          "class": "[Ljava.lang.Object;",
          "kind": "req",
          "name": "args",
          "object_id": 596732212,
          "value": "[Ljava.lang.Object;@23916934"
        }
      ],
      "path": "waltz-common/src/main/java/org/finos/waltz/common/Checks.java",
      "static": true,
      "thread_id": 55
    },
    {
      "defined_class": "org.finos.waltz.common.Checks",
      "event": "call",
      "id": 64,
      "lineno": 85,
      "method_id": "checkTrue",
      "parameters": [
        {
          "class": "java.lang.Boolean",
          "kind": "req",
          "name": "b",
          "object_id": 1639612098,
          "value": "true"
        },
        {
          "class": "java.lang.String",
          "kind": "req",
          "name": "msg",
          "object_id": 915558703,
          "value": "options cannot be null"
        },
        {
          "class": "[Ljava.lang.Object;",
          "kind": "req",
          "name": "args",
          "object_id": 596732212,
          "value": "[Ljava.lang.Object;@23916934"
        }
      ],
      "path": "waltz-common/src/main/java/org/finos/waltz/common/Checks.java",
      "static": true,
      "thread_id": 55
    },
    {
      "elapsed": 0.0000026,
      "event": "return",
      "id": 65,
      "parent_id": 64,
      "thread_id": 55
    },
    {
      "elapsed": 0.0000555,
      "event": "return",
      "id": 66,
      "parent_id": 63,
      "return_value": {
        "class": "org.finos.waltz.model.ImmutableIdSelectionOptions",
        "object_id": 948252266,
        "value": "IdSelectionOptions{entityReference=EntityReference{kind=APPLICATION, id=50, entityLifecycleStatus=ACTIVE}, scope=EXACT, entityLifecycleStatuses=[ACTIVE], filters=SelectionFilters{omitApplicationKinds=[]}}"
      },
      "thread_id": 55
    },
    {
      "defined_class": "org.finos.waltz.data.change_unit.ChangeUnitIdSelectorFactory",
      "event": "call",
      "id": 67,
      "lineno": 45,
      "method_id": "apply",
      "parameters": [
        {
          "class": "org.finos.waltz.model.ImmutableIdSelectionOptions",
          "kind": "req",
          "name": "options",
          "object_id": 948252266,
          "value": "IdSelectionOptions{entityReference=EntityReference{kind=APPLICATION, id=50, entityLifecycleStatus=ACTIVE}, scope=EXACT, entityLifecycleStatuses=[ACTIVE], filters=SelectionFilters{omitApplicationKinds=[]}}"
        }
      ],
      "path": "waltz-data/src/main/java/org/finos/waltz/data/change_unit/ChangeUnitIdSelectorFactory.java",
      "receiver": {
        "class": "org.finos.waltz.data.change_unit.ChangeUnitIdSelectorFactory",
        "object_id": 381762059,
        "value": "org.finos.waltz.data.change_unit.ChangeUnitIdSelectorFactory@16c13a0b"
      },
      "static": false,
      "thread_id": 55
    },
    {
      "defined_class": "org.finos.waltz.common.Checks",
      "event": "call",
      "id": 68,
      "lineno": 37,
      "method_id": "checkNotNull",
      "parameters": [
        {
          "class": "org.finos.waltz.model.ImmutableIdSelectionOptions",
          "kind": "req",
          "name": "t",
          "object_id": 948252266,
          "value": "IdSelectionOptions{entityReference=EntityReference{kind=APPLICATION, id=50, entityLifecycleStatus=ACTIVE}, scope=EXACT, entityLifecycleStatuses=[ACTIVE], filters=SelectionFilters{omitApplicationKinds=[]}}"
        },
        {
          "class": "java.lang.String",
          "kind": "req",
          "name": "message",
          "object_id": 915558703,
          "value": "options cannot be null"
        },
        {
          "class": "[Ljava.lang.Object;",
          "kind": "req",
          "name": "args",
          "object_id": 1035802762,
          "value": "[Ljava.lang.Object;@3dbd188a"
        }
      ],
      "path": "waltz-common/src/main/java/org/finos/waltz/common/Checks.java",
      "static": true,
      "thread_id": 55
    },
    {
      "defined_class": "org.finos.waltz.common.Checks",
      "event": "call",
      "id": 69,
      "lineno": 85,
      "method_id": "checkTrue",
      "parameters": [
        {
          "class": "java.lang.Boolean",
          "kind": "req",
          "name": "b",
          "object_id": 1639612098,
          "value": "true"
        },
        {
          "class": "java.lang.String",
          "kind": "req",
          "name": "msg",
          "object_id": 915558703,
          "value": "options cannot be null"
        },
        {
          "class": "[Ljava.lang.Object;",
          "kind": "req",
          "name": "args",
          "object_id": 1035802762,
          "value": "[Ljava.lang.Object;@3dbd188a"
        }
      ],
      "path": "waltz-common/src/main/java/org/finos/waltz/common/Checks.java",
      "static": true,
      "thread_id": 55
    },
    {
      "elapsed": 0.0000028,
      "event": "return",
      "id": 70,
      "parent_id": 69,
      "thread_id": 55
    },
    {
      "elapsed": 0.0000255,
      "event": "return",
      "id": 71,
      "parent_id": 68,
      "return_value": {
        "class": "org.finos.waltz.model.ImmutableIdSelectionOptions",
        "object_id": 948252266,
        "value": "IdSelectionOptions{entityReference=EntityReference{kind=APPLICATION, id=50, entityLifecycleStatus=ACTIVE}, scope=EXACT, entityLifecycleStatuses=[ACTIVE], filters=SelectionFilters{omitApplicationKinds=[]}}"
      },
      "thread_id": 55
    },
    {
      "defined_class": "org.finos.waltz.model.ImmutableIdSelectionOptions",
      "event": "call",
      "id": 72,
      "lineno": 120,
      "method_id": "entityReference",
      "path": "org/finos/waltz/model/ImmutableIdSelectionOptions.java",
      "receiver": {
        "class": "org.finos.waltz.model.ImmutableIdSelectionOptions",
        "object_id": 948252266,
        "value": "IdSelectionOptions{entityReference=EntityReference{kind=APPLICATION, id=50, entityLifecycleStatus=ACTIVE}, scope=EXACT, entityLifecycleStatuses=[ACTIVE], filters=SelectionFilters{omitApplicationKinds=[]}}"
      },
      "static": false,
      "thread_id": 55
    },
    {
      "elapsed": 0.0000037,
      "event": "return",
      "id": 73,
      "parent_id": 72,
      "return_value": {
        "class": "org.finos.waltz.model.ImmutableEntityReference",
        "object_id": 1175294856,
        "value": "EntityReference{kind=APPLICATION, id=50, entityLifecycleStatus=ACTIVE}"
      },
      "thread_id": 55
    },
    {
      "defined_class": "org.finos.waltz.model.ImmutableEntityReference",
      "event": "call",
      "id": 74,
      "lineno": 71,
      "method_id": "kind",
      "path": "org/finos/waltz/model/ImmutableEntityReference.java",
      "receiver": {
        "class": "org.finos.waltz.model.ImmutableEntityReference",
        "object_id": 1175294856,
        "value": "EntityReference{kind=APPLICATION, id=50, entityLifecycleStatus=ACTIVE}"
      },
      "static": false,
      "thread_id": 55
    },
    {
      "elapsed": 0.0000016,
      "event": "return",
      "id": 75,
      "parent_id": 74,
      "return_value": {
        "class": "org.finos.waltz.model.EntityKind",
        "object_id": 955345496,
        "value": "APPLICATION"
      },
      "thread_id": 55
    },
    {
      "defined_class": "org.finos.waltz.data.change_unit.ChangeUnitIdSelectorFactory",
      "event": "call",
      "id": 76,
      "lineno": 108,
      "method_id": "mkForFlowEndpoint",
      "parameters": [
        {
          "class": "org.finos.waltz.model.ImmutableIdSelectionOptions",
          "kind": "req",
          "name": "options",
          "object_id": 948252266,
          "value": "IdSelectionOptions{entityReference=EntityReference{kind=APPLICATION, id=50, entityLifecycleStatus=ACTIVE}, scope=EXACT, entityLifecycleStatuses=[ACTIVE], filters=SelectionFilters{omitApplicationKinds=[]}}"
        }
      ],
      "path": "waltz-data/src/main/java/org/finos/waltz/data/change_unit/ChangeUnitIdSelectorFactory.java",
      "receiver": {
        "class": "org.finos.waltz.data.change_unit.ChangeUnitIdSelectorFactory",
        "object_id": 381762059,
        "value": "org.finos.waltz.data.change_unit.ChangeUnitIdSelectorFactory@16c13a0b"
      },
      "static": false,
      "thread_id": 55
    },
    {
      "defined_class": "org.finos.waltz.data.SelectorUtilities",
      "event": "call",
      "id": 77,
      "lineno": 36,
      "method_id": "ensureScopeIsExact",
      "parameters": [
        {
          "class": "org.finos.waltz.model.ImmutableIdSelectionOptions",
          "kind": "req",
          "name": "options",
          "object_id": 948252266,
          "value": "IdSelectionOptions{entityReference=EntityReference{kind=APPLICATION, id=50, entityLifecycleStatus=ACTIVE}, scope=EXACT, entityLifecycleStatuses=[ACTIVE], filters=SelectionFilters{omitApplicationKinds=[]}}"
        }
      ],
      "path": "waltz-data/src/main/java/org/finos/waltz/data/SelectorUtilities.java",
      "static": true,
      "thread_id": 55
    },
    {
      "defined_class": "org.finos.waltz.model.ImmutableIdSelectionOptions",
      "event": "call",
      "id": 78,
      "lineno": 129,
      "method_id": "scope",
      "path": "org/finos/waltz/model/ImmutableIdSelectionOptions.java",
      "receiver": {
        "class": "org.finos.waltz.model.ImmutableIdSelectionOptions",
        "object_id": 948252266,
        "value": "IdSelectionOptions{entityReference=EntityReference{kind=APPLICATION, id=50, entityLifecycleStatus=ACTIVE}, scope=EXACT, entityLifecycleStatuses=[ACTIVE], filters=SelectionFilters{omitApplicationKinds=[]}}"
      },
      "static": false,
      "thread_id": 55
    },
    {
      "elapsed": 0.0000111,
      "event": "return",
      "id": 79,
      "parent_id": 78,
      "return_value": {
        "class": "org.finos.waltz.model.HierarchyQueryScope",
        "object_id": 898962578,
        "value": "EXACT"
      },
      "thread_id": 55
    },
    {
      "defined_class": "org.finos.waltz.common.Checks",
      "event": "call",
      "id": 80,
      "lineno": 85,
      "method_id": "checkTrue",
      "parameters": [
        {
          "class": "java.lang.Boolean",
          "kind": "req",
          "name": "b",
          "object_id": 1639612098,
          "value": "true"
        },
        {
          "class": "java.lang.String",
          "kind": "req",
          "name": "msg",
          "object_id": 84640219,
          "value": "Only EXACT scope supported"
        },
        {
          "class": "[Ljava.lang.Object;",
          "kind": "req",
          "name": "args",
          "object_id": 781446938,
          "value": "[Ljava.lang.Object;@2e93ef1a"
        }
      ],
      "path": "waltz-common/src/main/java/org/finos/waltz/common/Checks.java",
      "static": true,
      "thread_id": 55
    },
    {
      "elapsed": 0.0000014,
      "event": "return",
      "id": 81,
      "parent_id": 80,
      "thread_id": 55
    },
    {
      "elapsed": 0.0000199,
      "event": "return",
      "id": 82,
      "parent_id": 77,
      "thread_id": 55
    },
    {
      "defined_class": "org.finos.waltz.model.ImmutableIdSelectionOptions",
      "event": "call",
      "id": 83,
      "lineno": 120,
      "method_id": "entityReference",
      "path": "org/finos/waltz/model/ImmutableIdSelectionOptions.java",
      "receiver": {
        "class": "org.finos.waltz.model.ImmutableIdSelectionOptions",
        "object_id": 948252266,
        "value": "IdSelectionOptions{entityReference=EntityReference{kind=APPLICATION, id=50, entityLifecycleStatus=ACTIVE}, scope=EXACT, entityLifecycleStatuses=[ACTIVE], filters=SelectionFilters{omitApplicationKinds=[]}}"
      },
      "static": false,
      "thread_id": 55
    },
    {
      "elapsed": 0.0000013,
      "event": "return",
      "id": 84,
      "parent_id": 83,
      "return_value": {
        "class": "org.finos.waltz.model.ImmutableEntityReference",
        "object_id": 1175294856,
        "value": "EntityReference{kind=APPLICATION, id=50, entityLifecycleStatus=ACTIVE}"
      },
      "thread_id": 55
    },
    {
      "defined_class": "org.finos.waltz.model.ImmutableEntityReference",
      "event": "call",
      "id": 85,
      "lineno": 71,
      "method_id": "kind",
      "path": "org/finos/waltz/model/ImmutableEntityReference.java",
      "receiver": {
        "class": "org.finos.waltz.model.ImmutableEntityReference",
        "object_id": 1175294856,
        "value": "EntityReference{kind=APPLICATION, id=50, entityLifecycleStatus=ACTIVE}"
      },
      "static": false,
      "thread_id": 55
    },
    {
      "elapsed": 0.0000021,
      "event": "return",
      "id": 86,
      "parent_id": 85,
      "return_value": {
        "class": "org.finos.waltz.model.EntityKind",
        "object_id": 955345496,
        "value": "APPLICATION"
      },
      "thread_id": 55
    },
    {
      "defined_class": "org.finos.waltz.model.ImmutableEntityReference",
      "event": "call",
      "id": 87,
      "lineno": 80,
      "method_id": "id",
      "path": "org/finos/waltz/model/ImmutableEntityReference.java",
      "receiver": {
        "class": "org.finos.waltz.model.ImmutableEntityReference",
        "object_id": 1175294856,
        "value": "EntityReference{kind=APPLICATION, id=50, entityLifecycleStatus=ACTIVE}"
      },
      "static": false,
      "thread_id": 55
    },
    {
      "elapsed": 0.0000015,
      "event": "return",
      "id": 88,
      "parent_id": 87,
      "return_value": {
        "class": "java.lang.Long",
        "object_id": 555813662,
        "value": "50"
      },
      "thread_id": 55
    },
    {
      "defined_class": "org.finos.waltz.model.ImmutableEntityReference",
      "event": "call",
      "id": 89,
      "lineno": 71,
      "method_id": "kind",
      "path": "org/finos/waltz/model/ImmutableEntityReference.java",
      "receiver": {
        "class": "org.finos.waltz.model.ImmutableEntityReference",
        "object_id": 1175294856,
        "value": "EntityReference{kind=APPLICATION, id=50, entityLifecycleStatus=ACTIVE}"
      },
      "static": false,
      "thread_id": 55
    },
    {
      "elapsed": 0.0000013,
      "event": "return",
      "id": 90,
      "parent_id": 89,
      "return_value": {
        "class": "org.finos.waltz.model.EntityKind",
        "object_id": 955345496,
        "value": "APPLICATION"
      },
      "thread_id": 55
    },
    {
      "defined_class": "org.finos.waltz.model.ImmutableEntityReference",
      "event": "call",
      "id": 91,
      "lineno": 80,
      "method_id": "id",
      "path": "org/finos/waltz/model/ImmutableEntityReference.java",
      "receiver": {
        "class": "org.finos.waltz.model.ImmutableEntityReference",
        "object_id": 1175294856,
        "value": "EntityReference{kind=APPLICATION, id=50, entityLifecycleStatus=ACTIVE}"
      },
      "static": false,
      "thread_id": 55
    },
    {
      "elapsed": 0.0000011,
      "event": "return",
      "id": 92,
      "parent_id": 91,
      "return_value": {
        "class": "java.lang.Long",
        "object_id": 555813662,
        "value": "50"
      },
      "thread_id": 55
    },
    {
      "elapsed": 0.0000493,
      "event": "return",
      "id": 93,
      "parent_id": 76,
      "return_value": {
        "class": "org.jooq.impl.SelectImpl",
        "object_id": 1064596188,
        "value": "select \"change_unit\".\"id\"\nfrom \"change_unit\"\n  join \"physical_flow\"\n    on (\n      \"physical_flow\".\"id\" = \"change_unit\".\"subject_entity_id\"\n      and \"change_unit\".\"subject_entity_kind\" = 'PHYSICAL_FLOW'\n    )\n  join \"logical_flow\"\n    on \"logical_flow\".\"id\" = \"physical_flow\".\"logical_flow_id\"\nwhere (\n  (\n    \"logical_flow\".\"source_entity_kind\" = 'APPLICATION'\n    and \"logical_flow\".\"source_entity_id\" = 50\n  )\n  or (\n    \"logical_flow\".\"target_entity_kind\" = 'APPLICATION'\n    and \"logical_flow\".\"target_entity_id\" = 50\n  )\n)"
      },
      "thread_id": 55
    },
    {
      "elapsed": 0.0001619,
      "event": "return",
      "id": 94,
      "parent_id": 67,
      "return_value": {
        "class": "org.jooq.impl.SelectImpl",
        "object_id": 1064596188,
        "value": "select \"change_unit\".\"id\"\nfrom \"change_unit\"\n  join \"physical_flow\"\n    on (\n      \"physical_flow\".\"id\" = \"change_unit\".\"subject_entity_id\"\n      and \"change_unit\".\"subject_entity_kind\" = 'PHYSICAL_FLOW'\n    )\n  join \"logical_flow\"\n    on \"logical_flow\".\"id\" = \"physical_flow\".\"logical_flow_id\"\nwhere (\n  (\n    \"logical_flow\".\"source_entity_kind\" = 'APPLICATION'\n    and \"logical_flow\".\"source_entity_id\" = 50\n  )\n  or (\n    \"logical_flow\".\"target_entity_kind\" = 'APPLICATION'\n    and \"logical_flow\".\"target_entity_id\" = 50\n  )\n)"
      },
      "thread_id": 55
    },
    {
      "defined_class": "org.finos.waltz.data.change_unit.ChangeUnitDao",
      "event": "call",
      "id": 95,
      "lineno": 140,
      "method_id": "findBySelector",
      "parameters": [
        {
          "class": "org.jooq.impl.SelectImpl",
          "kind": "req",
          "name": "selector",
          "object_id": 1064596188,
          "value": "select \"change_unit\".\"id\"\nfrom \"change_unit\"\n  join \"physical_flow\"\n    on (\n      \"physical_flow\".\"id\" = \"change_unit\".\"subject_entity_id\"\n      and \"change_unit\".\"subject_entity_kind\" = 'PHYSICAL_FLOW'\n    )\n  join \"logical_flow\"\n    on \"logical_flow\".\"id\" = \"physical_flow\".\"logical_flow_id\"\nwhere (\n  (\n    \"logical_flow\".\"source_entity_kind\" = 'APPLICATION'\n    and \"logical_flow\".\"source_entity_id\" = 50\n  )\n  or (\n    \"logical_flow\".\"target_entity_kind\" = 'APPLICATION'\n    and \"logical_flow\".\"target_entity_id\" = 50\n  )\n)"
        }
      ],
      "path": "waltz-data/src/main/java/org/finos/waltz/data/change_unit/ChangeUnitDao.java",
      "receiver": {
        "class": "org.finos.waltz.data.change_unit.ChangeUnitDao",
        "object_id": 595721534,
        "value": "org.finos.waltz.data.change_unit.ChangeUnitDao@2381fd3e"
      },
      "static": false,
      "thread_id": 55
    },
    {
      "defined_class": "org.finos.waltz.schema.tables.ChangeUnit",
      "event": "call",
      "id": 96,
      "lineno": 208,
      "method_id": "fieldsRow",
      "path": "org/finos/waltz/schema/tables/ChangeUnit.java",
      "receiver": {
        "class": "org.finos.waltz.schema.tables.ChangeUnit",
        "object_id": 1642500474,
        "value": "\"change_unit\""
      },
      "static": false,
      "thread_id": 55
    },
    {
      "elapsed": 0.0000097,
      "event": "return",
      "id": 97,
      "parent_id": 96,
      "return_value": {
        "class": "org.jooq.impl.RowImpl",
        "object_id": 386168015,
        "value": "(\"change_unit\".\"id\", \"change_unit\".\"change_set_id\", \"change_unit\".\"subject_entity_kind\", \"change_unit\".\"subject_entity_id\", \"change_unit\".\"subject_initial_status\", \"change_unit\".\"action\", \"change_unit\".\"execution_status\", \"change_unit\".\"name\", \"change_unit\".\"description\", \"change_unit\".\"last_updated_at\", \"change_unit\".\"last_updated_by\", \"change_unit\".\"external_id\", \"change_unit\".\"provenance\")"
      },
      "thread_id": 55
    },
    {
      "event": "call",
      "id": 98,
      "sql_query": {
        "database_type": "PostgreSQL",
        "sql": "select \"change_unit\".\"id\", \"change_unit\".\"change_set_id\", \"change_unit\".\"subject_entity_kind\", \"change_unit\".\"subject_entity_id\", \"change_unit\".\"subject_initial_status\", \"change_unit\".\"action\", \"change_unit\".\"execution_status\", \"change_unit\".\"name\", \"change_unit\".\"description\", \"change_unit\".\"last_updated_at\", \"change_unit\".\"last_updated_by\", \"change_unit\".\"external_id\", \"change_unit\".\"provenance\" from \"change_unit\" where \"change_unit\".\"id\" in (select \"change_unit\".\"id\" from \"change_unit\" join \"physical_flow\" on (\"physical_flow\".\"id\" = \"change_unit\".\"subject_entity_id\" and \"change_unit\".\"subject_entity_kind\" = ?) join \"logical_flow\" on \"logical_flow\".\"id\" = \"physical_flow\".\"logical_flow_id\" where ((\"logical_flow\".\"source_entity_kind\" = ? and \"logical_flow\".\"source_entity_id\" = ?) or (\"logical_flow\".\"target_entity_kind\" = ? and \"logical_flow\".\"target_entity_id\" = ?)))"
      },
      "thread_id": 55
    },
    {
      "elapsed": 0.00002,
      "event": "return",
      "id": 99,
      "parent_id": 98,
      "thread_id": 55
    },
    {
      "defined_class": "org.finos.waltz.service.SlowQueryListener",
      "event": "call",
      "id": 100,
      "lineno": 59,
      "method_id": "executeStart",
      "parameters": [
        {
          "class": "org.jooq.impl.DefaultExecuteContext",
          "kind": "req",
          "name": "ctx",
          "object_id": 1118324717,
          "value": "org.jooq.impl.DefaultExecuteContext@42a847ed"
        }
      ],
      "path": "waltz-service/src/main/java/org/finos/waltz/service/SlowQueryListener.java",
      "receiver": {
        "class": "org.finos.waltz.service.SlowQueryListener",
        "object_id": 1526683037,
        "value": "org.finos.waltz.service.SlowQueryListener@5aff559d"
      },
      "static": false,
      "thread_id": 55
    },
    {
      "elapsed": 0.0000022,
      "event": "return",
      "id": 101,
      "parent_id": 100,
      "thread_id": 55
    },
    {
      "defined_class": "org.finos.waltz.service.SlowQueryListener",
      "event": "call",
      "id": 102,
      "lineno": 66,
      "method_id": "executeEnd",
      "parameters": [
        {
          "class": "org.jooq.impl.DefaultExecuteContext",
          "kind": "req",
          "name": "ctx",
          "object_id": 1118324717,
          "value": "org.jooq.impl.DefaultExecuteContext@42a847ed"
        }
      ],
      "path": "waltz-service/src/main/java/org/finos/waltz/service/SlowQueryListener.java",
      "receiver": {
        "class": "org.finos.waltz.service.SlowQueryListener",
        "object_id": 1526683037,
        "value": "org.finos.waltz.service.SlowQueryListener@5aff559d"
      },
      "static": false,
      "thread_id": 55
    },
    {
      "elapsed": 0.0000753,
      "event": "return",
      "id": 103,
      "parent_id": 102,
      "thread_id": 55
    },
    {
      "elapsed": 0.0006087,
      "event": "return",
      "id": 104,
      "parent_id": 95,
      "return_value": {
        "class": "java.util.ArrayList",
        "object_id": 1936886685,
        "value": "[]"
      },
      "thread_id": 55
    },
    {
      "elapsed": 0.0010244,
      "event": "return",
      "id": 105,
      "parent_id": 62,
      "return_value": {
        "class": "java.util.ArrayList",
        "object_id": 1936886685,
        "value": "[]"
      },
      "thread_id": 55
    },
    {
      "elapsed": 0.0030549,
      "event": "return",
      "http_server_response": {
        "headers": {
          "Access-Control-Expose-Headers": "*",
          "Access-Control-Allow-Origin": "*",
          "Date": "Tue, 04 Jun 2024 17:36:22 GMT",
          "Content-Type": "application/json"
        },
        "status": 200
      },
      "id": 106,
      "parent_id": 1,
      "thread_id": 55
    }
  ],
  "version": "1.2",
  "metadata": {
    "name": "POST /api/change-unit/selector (200) - 17:36:22.718",
    "app": "waltz",
    "language": {
      "name": "java",
      "version": "17.0.8+9-LTS-211",
      "engine": "Java HotSpot(TM) 64-Bit Server VM"
    },
    "client": {
      "name": "appmap-java",
      "url": "https://github.com/appland/appmap-java"
    },
    "recorder": {
      "name": "request_recording",
      "type": "requests"
    },
    "recording": {},
    "git": {
      "repository": "git@github.com:land-of-apps/waltz.git",
      "branch": "master",
      "commit": "4843ed86d43213c400243d4cf09afe5318490c9e"
    }
  },
  "classMap": [
    {
      "children": [
        {
          "children": [
            {
              "children": [
                {
                  "children": [
                    {
                      "children": [
                        {
                          "name": "builder",
                          "type": "function",
                          "static": true,
                          "location": "org/finos/waltz/model/ImmutableEntityReference.java:363"
                        },
                        {
                          "name": "fromJson",
                          "type": "function",
                          "static": true,
                          "location": "org/finos/waltz/model/ImmutableEntityReference.java:310"
                        },
                        {
                          "name": "kind",
                          "type": "function",
                          "static": false,
                          "location": "org/finos/waltz/model/ImmutableEntityReference.java:71"
                        },
                        {
                          "name": "id",
                          "type": "function",
                          "static": false,
                          "location": "org/finos/waltz/model/ImmutableEntityReference.java:80"
                        }
                      ],
                      "name": "ImmutableEntityReference",
                      "type": "class"
                    },
                    {
                      "children": [
                        {
                          "name": "createUnmodifiableEnumSet",
                          "type": "function",
                          "static": true,
                          "location": "org/finos/waltz/model/ImmutableSelectionFilters.java:267"
                        },
                        {
                          "name": "builder",
                          "type": "function",
                          "static": true,
                          "location": "org/finos/waltz/model/ImmutableSelectionFilters.java:161"
                        },
                        {
                          "name": "fromJson",
                          "type": "function",
                          "static": true,
                          "location": "org/finos/waltz/model/ImmutableSelectionFilters.java:128"
                        }
                      ],
                      "name": "ImmutableSelectionFilters",
                      "type": "class"
                    },
                    {
                      "children": [
                        {
                          "name": "addAllOmitApplicationKinds",
                          "type": "function",
                          "static": false,
                          "location": "org/finos/waltz/model/ImmutableSelectionFilters.java:232"
                        },
                        {
                          "name": "build",
                          "type": "function",
                          "static": false,
                          "location": "org/finos/waltz/model/ImmutableSelectionFilters.java:244"
                        }
                      ],
                      "name": "ImmutableSelectionFilters$Builder",
                      "type": "class"
                    },
                    {
                      "children": [
                        {
                          "name": "fromJson",
                          "type": "function",
                          "static": true,
                          "location": "org/finos/waltz/model/ImmutableIdSelectionOptions.java:368"
                        },
                        {
                          "name": "scope",
                          "type": "function",
                          "static": false,
                          "location": "org/finos/waltz/model/ImmutableIdSelectionOptions.java:129"
                        },
                        {
                          "name": "entityReference",
                          "type": "function",
                          "static": false,
                          "location": "org/finos/waltz/model/ImmutableIdSelectionOptions.java:120"
                        },
                        {
                          "name": "createUnmodifiableEnumSet",
                          "type": "function",
                          "static": true,
                          "location": "org/finos/waltz/model/ImmutableIdSelectionOptions.java:614"
                        },
                        {
                          "name": "builder",
                          "type": "function",
                          "static": true,
                          "location": "org/finos/waltz/model/ImmutableIdSelectionOptions.java:417"
                        }
                      ],
                      "name": "ImmutableIdSelectionOptions",
                      "type": "class"
                    },
                    {
                      "children": [
                        {
                          "name": "entityLifecycleStatusesIsSet",
                          "type": "function",
                          "static": false,
                          "location": "org/finos/waltz/model/ImmutableIdSelectionOptions.java:584"
                        },
                        {
                          "name": "build",
                          "type": "function",
                          "static": false,
                          "location": "org/finos/waltz/model/ImmutableIdSelectionOptions.java:577"
                        },
                        {
                          "name": "joiningEntityKind",
                          "type": "function",
                          "static": false,
                          "location": "org/finos/waltz/model/ImmutableIdSelectionOptions.java:506"
                        },
                        {
                          "name": "filters",
                          "type": "function",
                          "static": false,
                          "location": "org/finos/waltz/model/ImmutableIdSelectionOptions.java:567"
                        },
                        {
                          "name": "addAllEntityLifecycleStatuses",
                          "type": "function",
                          "static": false,
                          "location": "org/finos/waltz/model/ImmutableIdSelectionOptions.java:552"
                        },
                        {
                          "name": "entityReference",
                          "type": "function",
                          "static": false,
                          "location": "org/finos/waltz/model/ImmutableIdSelectionOptions.java:472"
                        },
                        {
                          "name": "scope",
                          "type": "function",
                          "static": false,
                          "location": "org/finos/waltz/model/ImmutableIdSelectionOptions.java:484"
                        }
                      ],
                      "name": "ImmutableIdSelectionOptions$Builder",
                      "type": "class"
                    },
                    {
                      "children": [
                        {
                          "name": "build",
                          "type": "function",
                          "static": false,
                          "location": "org/finos/waltz/model/ImmutableEntityReference.java:586"
                        },
                        {
                          "name": "kind",
                          "type": "function",
                          "static": false,
                          "location": "org/finos/waltz/model/ImmutableEntityReference.java:509"
                        },
                        {
                          "name": "id",
                          "type": "function",
                          "static": false,
                          "location": "org/finos/waltz/model/ImmutableEntityReference.java:521"
                        },
                        {
                          "name": "name",
                          "type": "function",
                          "static": false,
                          "location": "org/finos/waltz/model/ImmutableEntityReference.java:543"
                        },
                        {
                          "name": "externalId",
                          "type": "function",
                          "static": false,
                          "location": "org/finos/waltz/model/ImmutableEntityReference.java:564"
                        }
                      ],
                      "name": "ImmutableEntityReference$Builder",
                      "type": "class"
                    },
                    {
                      "children": [
                        {
                          "name": "filters",
                          "type": "function",
                          "static": false,
                          "location": "org/finos/waltz/model/ImmutableIdSelectionOptions.java:92"
                        },
                        {
                          "name": "entityLifecycleStatuses",
                          "type": "function",
                          "static": false,
                          "location": "org/finos/waltz/model/ImmutableIdSelectionOptions.java:84"
                        },
                        {
                          "name": "filters",
                          "type": "function",
                          "static": false,
                          "location": "org/finos/waltz/model/ImmutableIdSelectionOptions.java:102"
                        },
                        {
                          "name": "entityLifecycleStatuses",
                          "type": "function",
                          "static": false,
                          "location": "org/finos/waltz/model/ImmutableIdSelectionOptions.java:74"
                        }
                      ],
                      "name": "ImmutableIdSelectionOptions$InitShim",
                      "type": "class"
                    },
                    {
                      "children": [
                        {
                          "name": "entityLifecycleStatus",
                          "type": "function",
                          "static": false,
                          "location": "waltz-model/src/main/java/org/finos/waltz/model/EntityReference.java:54"
                        }
                      ],
                      "name": "EntityReference",
                      "type": "class"
                    }
                  ],
                  "name": "model",
                  "type": "package"
                },
                {
                  "children": [
                    {
                      "children": [
                        {
                          "children": [
                            {
                              "name": "fieldsRow",
                              "type": "function",
                              "static": false,
                              "location": "org/finos/waltz/schema/tables/ChangeUnit.java:208"
                            }
                          ],
                          "name": "ChangeUnit",
                          "type": "class"
                        }
                      ],
                      "name": "tables",
                      "type": "package"
                    }
                  ],
                  "name": "schema",
                  "type": "package"
                },
                {
                  "children": [
                    {
                      "children": [
                        {
                          "name": "checkTrue",
                          "type": "function",
                          "static": true,
                          "location": "waltz-common/src/main/java/org/finos/waltz/common/Checks.java:85"
                        },
                        {
                          "name": "checkNotNull",
                          "type": "function",
                          "static": true,
                          "location": "waltz-common/src/main/java/org/finos/waltz/common/Checks.java:37"
                        }
                      ],
                      "name": "Checks",
                      "type": "class"
                    }
                  ],
                  "name": "common",
                  "type": "package"
                },
                {
                  "children": [
                    {
                      "children": [
                        {
                          "name": "executeStart",
                          "type": "function",
                          "static": false,
                          "location": "waltz-service/src/main/java/org/finos/waltz/service/SlowQueryListener.java:59"
                        },
                        {
                          "name": "executeEnd",
                          "type": "function",
                          "static": false,
                          "location": "waltz-service/src/main/java/org/finos/waltz/service/SlowQueryListener.java:66"
                        }
                      ],
                      "name": "SlowQueryListener",
                      "type": "class"
                    },
                    {
                      "children": [
                        {
                          "children": [
                            {
                              "name": "findBySelector",
                              "type": "function",
                              "static": false,
                              "location": "waltz-service/src/main/java/org/finos/waltz/service/change_unit/ChangeUnitService.java:85"
                            }
                          ],
                          "name": "ChangeUnitService",
                          "type": "class"
                        }
                      ],
                      "name": "change_unit",
                      "type": "package"
                    }
                  ],
                  "name": "service",
                  "type": "package"
                },
                {
                  "children": [
                    {
                      "children": [
                        {
                          "name": "readIdSelectionOptionsFromBody",
                          "type": "function",
                          "static": true,
                          "location": "waltz-web/src/main/java/org/finos/waltz/web/WebUtilities.java:262"
                        },
                        {
                          "name": "readBody",
                          "type": "function",
                          "static": true,
                          "location": "waltz-web/src/main/java/org/finos/waltz/web/WebUtilities.java:234"
                        }
                      ],
                      "name": "WebUtilities",
                      "type": "class"
                    },
                    {
                      "children": [
                        {
                          "children": [
                            {
                              "children": [
                                {
                                  "name": "handle",
                                  "type": "function",
                                  "static": false,
                                  "location": "waltz-web/src/main/java/org/finos/waltz/web/endpoints/auth/JWTAuthenticationFilter.java:62"
                                }
                              ],
                              "name": "JWTAuthenticationFilter",
                              "type": "class"
                            }
                          ],
                          "name": "auth",
                          "type": "package"
                        }
                      ],
                      "name": "endpoints",
                      "type": "package"
                    }
                  ],
                  "name": "web",
                  "type": "package"
                },
                {
                  "children": [
                    {
                      "children": [
                        {
                          "children": [
                            {
                              "name": "mkForFlowEndpoint",
                              "type": "function",
                              "static": false,
                              "location": "waltz-data/src/main/java/org/finos/waltz/data/change_unit/ChangeUnitIdSelectorFactory.java:108"
                            },
                            {
                              "name": "apply",
                              "type": "function",
                              "static": false,
                              "location": "waltz-data/src/main/java/org/finos/waltz/data/change_unit/ChangeUnitIdSelectorFactory.java:45"
                            }
                          ],
                          "name": "ChangeUnitIdSelectorFactory",
                          "type": "class"
                        },
                        {
                          "children": [
                            {
                              "name": "findBySelector",
                              "type": "function",
                              "static": false,
                              "location": "waltz-data/src/main/java/org/finos/waltz/data/change_unit/ChangeUnitDao.java:140"
                            }
                          ],
                          "name": "ChangeUnitDao",
                          "type": "class"
                        }
                      ],
                      "name": "change_unit",
                      "type": "package"
                    },
                    {
                      "children": [
                        {
                          "name": "ensureScopeIsExact",
                          "type": "function",
                          "static": true,
                          "location": "waltz-data/src/main/java/org/finos/waltz/data/SelectorUtilities.java:36"
                        }
                      ],
                      "name": "SelectorUtilities",
                      "type": "class"
                    }
                  ],
                  "name": "data",
                  "type": "package"
                }
              ],
              "name": "waltz",
              "type": "package"
            }
          ],
          "name": "finos",
          "type": "package"
        }
      ],
      "name": "org",
      "type": "package"
    },
    {
      "type": "http",
      "name": "HTTP server requests",
      "children": [
        {
          "type": "route",
          "name": "POST /api/change-unit/selector"
        }
      ]
    },
    {
      "type": "database",
      "name": "Database",
      "children": [
        {
          "type": "query",
          "name": "select \"change_unit\".\"id\", \"change_unit\".\"change_set_id\", \"change_unit\".\"subject_entity_kind\", \"change_unit\".\"subject_entity_id\", \"change_unit\".\"subject_initial_status\", \"change_unit\".\"action\", \"change_unit\".\"execution_status\", \"change_unit\".\"name\", \"change_unit\".\"description\", \"change_unit\".\"last_updated_at\", \"change_unit\".\"last_updated_by\", \"change_unit\".\"external_id\", \"change_unit\".\"provenance\" from \"change_unit\" where \"change_unit\".\"id\" in (select \"change_unit\".\"id\" from \"change_unit\" join \"physical_flow\" on (\"physical_flow\".\"id\" = \"change_unit\".\"subject_entity_id\" and \"change_unit\".\"subject_entity_kind\" = ?) join \"logical_flow\" on \"logical_flow\".\"id\" = \"physical_flow\".\"logical_flow_id\" where ((\"logical_flow\".\"source_entity_kind\" = ? and \"logical_flow\".\"source_entity_id\" = ?) or (\"logical_flow\".\"target_entity_kind\" = ? and \"logical_flow\".\"target_entity_id\" = ?)))"
        }
      ]
    }
  ]
}