{
  "events": [
    {
      "event": "call",
      "http_server_request": {
        "headers": {
          "Cookie": "appland_session=bFU5p0cvqrcXlz2oQfgEZG3%2BQjfds2AwmlOA%2Fx5fhQLjPvVHIKrHyvnbeq5nw8c5sME56znPsnpSSzB3nr%2BHfdk9sEC9MgOgNKjgjD8qlzGqDVuwRPr30ch96LWGIDwuITrAUwQGqlUw7%2Fdsq0tjrfHFPTlemq71kQtCAIi9JTRWo5tLPJlG%2F9JtfTuiWIfWg8X67ZkAOuaapIHdaA5w5QtwMr7h34LfseImCERQpzoz9xTqJYqSi2SJ9RE1eVw2jyYFG9IGPA4d1USUIXvAmeaMOQ9Z%2BDmKhiIRXve6%2BzO47%2F2RW1kaH2PND2r0EKz%2BaWMbrXswEaj2kjwx09pTJANR5arO0I9c2RelyrURJyvI%2FZ8OwnG99VyxbE2scovqFvxwhmhXr1KDOxpRle3VOJSpxXtFaDjv2TSSbtqGkIj4T51u58xasM4KbZUpapu5OQ5ENf%2FSMADW4DHmCrSQJ14SgVbNtrazlgwdph5p0AKax1l0Bw7j0jz2SGT9C5HMnzVyZdV59G6paFrgLqvtGuXdWr4VeJt2tPVftjki2S0LpmpTAacYMTeiz0JRvAUI2MTy5coFmozGwP2tYolztMsGb%2Bss8Pp0ZRYy8EsEs78L1J1nDMR5VCJ5yVhSq8JXZA7Misee05vblyt4OMHf9CA4AMzWpe2NbExRxiHuW%2Bkx%2F83vj%2Btrqn1QRG33cQUOn3jl8nfSuSLj5p0K5PYVYnXJu8E7RhAyqpC6J23a%2F8B4qsDAOrIrUYPQAWaYOsjd0i3Q5y49d77RlVc7zyyLJxFNVWLlYCD5BrfOMpyF2f9InowPEQei23xjT4UE0W3dXZP1xhk5wDvQ--zbb2b%2Flld908TQxF--8LcY2kn8%2BBw8bSaDiyP6LQ%3D%3D",
          "Accept": "application/json, text/plain, */*",
          "Connection": "keep-alive",
          "User-Agent": "Mozilla/5.0 (Macintosh; Intel Mac OS X 10_15_7) AppleWebKit/537.36 (KHTML, like Gecko) Chrome/125.0.0.0 Safari/537.36",
          "Referer": "http://localhost:8080/embed/internal/ORG_UNIT/10/150",
          "Sec-Fetch-Site": "same-origin",
          "Sec-Fetch-Dest": "empty",
          "Host": "localhost:8080",
          "Accept-Encoding": "gzip, deflate, br, zstd",
          "Sec-Fetch-Mode": "cors",
          "sec-ch-ua": "\"Google Chrome\";v=\"125\", \"Chromium\";v=\"125\", \"Not.A/Brand\";v=\"24\"",
          "sec-ch-ua-mobile": "?0",
          "Cache-Control": "max-age=0",
          "sec-ch-ua-platform": "\"macOS\"",
          "If-Modified-Since": "0",
          "Accept-Language": "en-US,en;q=0.9"
        },
        "path_info": "/api/measurable-category/direct/org-unit/10",
        "protocol": "HTTP/1.1",
        "request_method": "GET"
      },
      "id": 1,
      "thread_id": 42
    },
    {
      "defined_class": "org.finos.waltz.web.endpoints.auth.JWTAuthenticationFilter",
      "event": "call",
      "id": 2,
      "lineno": 62,
      "method_id": "handle",
      "parameters": [
        {
          "class": "spark.http.matching.RequestWrapper",
          "kind": "req",
          "name": "request",
          "object_id": 1118837394,
          "value": "spark.Request@1ed20945"
        },
        {
          "class": "spark.http.matching.ResponseWrapper",
          "kind": "req",
          "name": "response",
          "object_id": 170941301,
          "value": "spark.Response@220cb1f8"
        }
      ],
      "path": "waltz-web/src/main/java/org/finos/waltz/web/endpoints/auth/JWTAuthenticationFilter.java",
      "receiver": {
        "class": "org.finos.waltz.web.endpoints.auth.JWTAuthenticationFilter",
        "object_id": 54642872,
        "value": "org.finos.waltz.web.endpoints.auth.JWTAuthenticationFilter@341c8b8"
      },
      "static": false,
      "thread_id": 42
    },
    {
      "elapsed": 0.0000132,
      "event": "return",
      "id": 3,
      "parent_id": 2,
      "thread_id": 42
    },
    {
      "defined_class": "org.finos.waltz.web.WebUtilities",
      "event": "call",
      "id": 4,
      "lineno": 111,
      "method_id": "getId",
      "parameters": [
        {
          "class": "spark.http.matching.RequestWrapper",
          "kind": "req",
          "name": "request",
          "object_id": 1118837394,
          "value": "spark.Request@60aa4ba1"
        }
      ],
      "path": "waltz-web/src/main/java/org/finos/waltz/web/WebUtilities.java",
      "static": true,
      "thread_id": 42
    },
    {
      "defined_class": "org.finos.waltz.web.WebUtilities",
      "event": "call",
      "id": 5,
      "lineno": 94,
      "method_id": "getLong",
      "parameters": [
        {
          "class": "spark.http.matching.RequestWrapper",
          "kind": "req",
          "name": "request",
          "object_id": 1118837394,
          "value": "spark.Request@60aa4ba1"
        },
        {
          "class": "java.lang.String",
          "kind": "req",
          "name": "paramName",
          "object_id": 1713025404,
          "value": "id"
        }
      ],
      "path": "waltz-web/src/main/java/org/finos/waltz/web/WebUtilities.java",
      "static": true,
      "thread_id": 42
    },
    {
      "defined_class": "org.finos.waltz.common.Checks",
      "event": "call",
      "id": 6,
      "lineno": 37,
      "method_id": "checkNotNull",
      "parameters": [
        {
          "class": "spark.http.matching.RequestWrapper",
          "kind": "req",
          "name": "t",
          "object_id": 1118837394,
          "value": "spark.Request@60aa4ba1"
        },
        {
          "class": "java.lang.String",
          "kind": "req",
          "name": "message",
          "object_id": 1060597310,
          "value": "request must not be null"
        },
        {
          "class": "[Ljava.lang.Object;",
          "kind": "req",
          "name": "args",
          "object_id": 1758027570,
          "value": "[Ljava.lang.Object;@68c95f32"
        }
      ],
      "path": "waltz-common/src/main/java/org/finos/waltz/common/Checks.java",
      "static": true,
      "thread_id": 42
    },
    {
      "defined_class": "org.finos.waltz.common.Checks",
      "event": "call",
      "id": 7,
      "lineno": 85,
      "method_id": "checkTrue",
      "parameters": [
        {
          "class": "java.lang.Boolean",
          "kind": "req",
          "name": "b",
          "object_id": 371479230,
          "value": "true"
        },
        {
          "class": "java.lang.String",
          "kind": "req",
          "name": "msg",
          "object_id": 1060597310,
          "value": "request must not be null"
        },
        {
          "class": "[Ljava.lang.Object;",
          "kind": "req",
          "name": "args",
          "object_id": 1758027570,
          "value": "[Ljava.lang.Object;@68c95f32"
        }
      ],
      "path": "waltz-common/src/main/java/org/finos/waltz/common/Checks.java",
      "static": true,
      "thread_id": 42
    },
    {
      "elapsed": 0.0000028,
      "event": "return",
      "id": 8,
      "parent_id": 7,
      "thread_id": 42
    },
    {
      "elapsed": 0.00001,
      "event": "return",
      "id": 9,
      "parent_id": 6,
      "return_value": {
        "class": "spark.http.matching.RequestWrapper",
        "object_id": 1118837394,
        "value": "spark.Request@60aa4ba1"
      },
      "thread_id": 42
    },
    {
      "defined_class": "org.finos.waltz.common.Checks",
      "event": "call",
      "id": 10,
      "lineno": 37,
      "method_id": "checkNotNull",
      "parameters": [
        {
          "class": "java.lang.String",
          "kind": "req",
          "name": "t",
          "object_id": 1713025404,
          "value": "id"
        },
        {
          "class": "java.lang.String",
          "kind": "req",
          "name": "message",
          "object_id": 167441124,
          "value": "paramName must not be null"
        },
        {
          "class": "[Ljava.lang.Object;",
          "kind": "req",
          "name": "args",
          "object_id": 1717566287,
          "value": "[Ljava.lang.Object;@665ffb4f"
        }
      ],
      "path": "waltz-common/src/main/java/org/finos/waltz/common/Checks.java",
      "static": true,
      "thread_id": 42
    },
    {
      "defined_class": "org.finos.waltz.common.Checks",
      "event": "call",
      "id": 11,
      "lineno": 85,
      "method_id": "checkTrue",
      "parameters": [
        {
          "class": "java.lang.Boolean",
          "kind": "req",
          "name": "b",
          "object_id": 371479230,
          "value": "true"
        },
        {
          "class": "java.lang.String",
          "kind": "req",
          "name": "msg",
          "object_id": 167441124,
          "value": "paramName must not be null"
        },
        {
          "class": "[Ljava.lang.Object;",
          "kind": "req",
          "name": "args",
          "object_id": 1717566287,
          "value": "[Ljava.lang.Object;@665ffb4f"
        }
      ],
      "path": "waltz-common/src/main/java/org/finos/waltz/common/Checks.java",
      "static": true,
      "thread_id": 42
    },
    {
      "elapsed": 0.0000018,
      "event": "return",
      "id": 12,
      "parent_id": 11,
      "thread_id": 42
    },
    {
      "elapsed": 0.000005,
      "event": "return",
      "id": 13,
      "parent_id": 10,
      "return_value": {
        "class": "java.lang.String",
        "object_id": 1713025404,
        "value": "id"
      },
      "thread_id": 42
    },
    {
      "elapsed": 0.0000222,
      "event": "return",
      "id": 14,
      "parent_id": 5,
      "return_value": {
        "class": "java.lang.Long",
        "object_id": 1383173001,
        "value": "10"
      },
      "thread_id": 42
    },
    {
      "elapsed": 0.0000269,
      "event": "return",
      "id": 15,
      "parent_id": 4,
      "return_value": {
        "class": "java.lang.Long",
        "object_id": 1383173001,
        "value": "10"
      },
      "thread_id": 42
    },
    {
      "defined_class": "org.finos.waltz.service.measurable_category.MeasurableCategoryService",
      "event": "call",
      "id": 16,
      "lineno": 66,
      "method_id": "findCategoriesByDirectOrgUnit",
      "parameters": [
        {
          "class": "java.lang.Long",
          "kind": "req",
          "name": "id",
          "object_id": 1383173001,
          "value": "10"
        }
      ],
      "path": "waltz-service/src/main/java/org/finos/waltz/service/measurable_category/MeasurableCategoryService.java",
      "receiver": {
        "class": "org.finos.waltz.service.measurable_category.MeasurableCategoryService",
        "object_id": 165759828,
        "value": "org.finos.waltz.service.measurable_category.MeasurableCategoryService@9e14b54"
      },
      "static": false,
      "thread_id": 42
    },
    {
      "defined_class": "org.finos.waltz.data.measurable_category.MeasurableCategoryDao",
      "event": "call",
      "id": 17,
      "lineno": 113,
      "method_id": "findCategoriesByDirectOrgUnit",
      "parameters": [
        {
          "class": "java.lang.Long",
          "kind": "req",
          "name": "id",
          "object_id": 1383173001,
          "value": "10"
        }
      ],
      "path": "waltz-data/src/main/java/org/finos/waltz/data/measurable_category/MeasurableCategoryDao.java",
      "receiver": {
        "class": "org.finos.waltz.data.measurable_category.MeasurableCategoryDao",
        "object_id": 1688745641,
        "value": "org.finos.waltz.data.measurable_category.MeasurableCategoryDao@64a836a9"
      },
      "static": false,
      "thread_id": 42
    },
    {
      "defined_class": "org.finos.waltz.schema.tables.MeasurableCategory",
      "event": "call",
      "id": 18,
      "lineno": 213,
      "method_id": "fieldsRow",
      "path": "org/finos/waltz/schema/tables/MeasurableCategory.java",
      "receiver": {
        "class": "org.finos.waltz.schema.tables.MeasurableCategory",
        "object_id": 656569754,
        "value": "\"measurable_category\""
      },
      "static": false,
      "thread_id": 42
    },
    {
      "elapsed": 0.000003,
      "event": "return",
      "id": 19,
      "parent_id": 18,
      "return_value": {
        "class": "org.jooq.impl.RowImpl",
        "object_id": 555422989,
        "value": "(\"measurable_category\".\"id\", \"measurable_category\".\"name\", \"measurable_category\".\"description\", \"measurable_category\".\"external_id\", \"measurable_category\".\"last_updated_at\", \"measurable_category\".\"last_updated_by\", \"measurable_category\".\"rating_scheme_id\", \"measurable_category\".\"editable\", \"measurable_category\".\"rating_editor_role\", \"measurable_category\".\"constraining_assessment_definition_id\", \"measurable_category\".\"position\", \"measurable_category\".\"icon_name\", \"measurable_category\".\"allow_primary_ratings\")"
      },
      "thread_id": 42
    },
    {
      "event": "call",
      "id": 20,
      "sql_query": {
        "database_type": "PostgreSQL",
        "sql": "select \"measurable_category\".\"id\", \"measurable_category\".\"name\", \"measurable_category\".\"description\", \"measurable_category\".\"external_id\", \"measurable_category\".\"last_updated_at\", \"measurable_category\".\"last_updated_by\", \"measurable_category\".\"rating_scheme_id\", \"measurable_category\".\"editable\", \"measurable_category\".\"rating_editor_role\", \"measurable_category\".\"constraining_assessment_definition_id\", \"measurable_category\".\"position\", \"measurable_category\".\"icon_name\", \"measurable_category\".\"allow_primary_ratings\" from \"measurable_category\" where \"measurable_category\".\"id\" in (select distinct \"measurable\".\"measurable_category_id\" from \"measurable\" join \"organisational_unit\" on \"measurable\".\"organisational_unit_id\" = \"organisational_unit\".\"id\" join \"entity_hierarchy\" on \"organisational_unit\".\"id\" = \"entity_hierarchy\".\"id\" where (\"entity_hierarchy\".\"ancestor_id\" = ? and \"entity_hierarchy\".\"kind\" = ? and \"measurable\".\"entity_lifecycle_status\" = ?))"
      },
      "thread_id": 42
    },
    {
      "elapsed": 0.000119,
      "event": "return",
      "id": 21,
      "parent_id": 20,
      "thread_id": 42
    },
    {
      "defined_class": "org.finos.waltz.service.SlowQueryListener",
      "event": "call",
      "id": 22,
      "lineno": 59,
      "method_id": "executeStart",
      "parameters": [
        {
          "class": "org.jooq.impl.DefaultExecuteContext",
          "kind": "req",
          "name": "ctx",
          "object_id": 333358540,
          "value": "org.jooq.impl.DefaultExecuteContext@13dea5cc"
        }
      ],
      "path": "waltz-service/src/main/java/org/finos/waltz/service/SlowQueryListener.java",
      "receiver": {
        "class": "org.finos.waltz.service.SlowQueryListener",
        "object_id": 258203851,
        "value": "org.finos.waltz.service.SlowQueryListener@f63e0cb"
      },
      "static": false,
      "thread_id": 42
    },
    {
      "elapsed": 0.0000022,
      "event": "return",
      "id": 23,
      "parent_id": 22,
      "thread_id": 42
    },
    {
      "defined_class": "org.finos.waltz.service.SlowQueryListener",
      "event": "call",
      "id": 24,
      "lineno": 66,
      "method_id": "executeEnd",
      "parameters": [
        {
          "class": "org.jooq.impl.DefaultExecuteContext",
          "kind": "req",
          "name": "ctx",
          "object_id": 333358540,
          "value": "org.jooq.impl.DefaultExecuteContext@13dea5cc"
        }
      ],
      "path": "waltz-service/src/main/java/org/finos/waltz/service/SlowQueryListener.java",
      "receiver": {
        "class": "org.finos.waltz.service.SlowQueryListener",
        "object_id": 258203851,
        "value": "org.finos.waltz.service.SlowQueryListener@f63e0cb"
      },
      "static": false,
      "thread_id": 42
    },
    {
      "elapsed": 0.0000432,
      "event": "return",
      "id": 25,
      "parent_id": 24,
      "thread_id": 42
    },
    {
      "elapsed": 0.0010522,
      "event": "return",
      "id": 26,
      "parent_id": 17,
      "return_value": {
        "class": "java.util.ArrayList",
        "object_id": 827086922,
        "value": "[]"
      },
      "thread_id": 42
    },
    {
      "elapsed": 0.0011341,
      "event": "return",
      "id": 27,
      "parent_id": 16,
      "return_value": {
        "class": "java.util.ArrayList",
        "object_id": 827086922,
        "value": "[]"
      },
      "thread_id": 42
    },
    {
      "elapsed": 0.0015959,
      "event": "return",
      "http_server_response": {
        "headers": {
          "Access-Control-Expose-Headers": "*",
          "Access-Control-Allow-Origin": "*",
          "Date": "Mon, 03 Jun 2024 19:13:22 GMT",
          "Content-Type": "application/json"
        },
        "status": 200
      },
      "id": 28,
      "parent_id": 1,
      "thread_id": 42
    }
  ],
  "version": "1.2",
  "metadata": {
    "name": "GET /api/measurable-category/direct/org-unit/10 (200) - 19:13:22.859",
    "app": "waltz",
    "language": {
      "name": "java",
      "version": "17.0.8+9-LTS-211",
      "engine": "Java HotSpot(TM) 64-Bit Server VM"
    },
    "client": {
      "name": "appmap-java",
      "url": "https://github.com/appland/appmap-java"
    },
    "recorder": {
      "name": "request_recording",
      "type": "requests"
    },
    "recording": {},
    "git": {
      "repository": "git@github.com:land-of-apps/waltz.git",
      "branch": "master",
      "commit": "d013ac6221f1f2411cc51725a3bb201750f700be"
    }
  },
  "classMap": [
    {
      "children": [
        {
          "children": [
            {
              "children": [
                {
                  "children": [
                    {
                      "children": [
                        {
                          "children": [
                            {
                              "name": "fieldsRow",
                              "type": "function",
                              "static": false,
                              "location": "org/finos/waltz/schema/tables/MeasurableCategory.java:213"
                            }
                          ],
                          "name": "MeasurableCategory",
                          "type": "class"
                        }
                      ],
                      "name": "tables",
                      "type": "package"
                    }
                  ],
                  "name": "schema",
                  "type": "package"
                },
                {
                  "children": [
                    {
                      "children": [
                        {
                          "name": "executeEnd",
                          "type": "function",
                          "static": false,
                          "location": "waltz-service/src/main/java/org/finos/waltz/service/SlowQueryListener.java:66"
                        },
                        {
                          "name": "executeStart",
                          "type": "function",
                          "static": false,
                          "location": "waltz-service/src/main/java/org/finos/waltz/service/SlowQueryListener.java:59"
                        }
                      ],
                      "name": "SlowQueryListener",
                      "type": "class"
                    },
                    {
                      "children": [
                        {
                          "children": [
                            {
                              "name": "findCategoriesByDirectOrgUnit",
                              "type": "function",
                              "static": false,
                              "location": "waltz-service/src/main/java/org/finos/waltz/service/measurable_category/MeasurableCategoryService.java:66"
                            }
                          ],
                          "name": "MeasurableCategoryService",
                          "type": "class"
                        }
                      ],
                      "name": "measurable_category",
                      "type": "package"
                    }
                  ],
                  "name": "service",
                  "type": "package"
                },
                {
                  "children": [
                    {
                      "children": [
                        {
                          "name": "getLong",
                          "type": "function",
                          "static": true,
                          "location": "waltz-web/src/main/java/org/finos/waltz/web/WebUtilities.java:94"
                        },
                        {
                          "name": "getId",
                          "type": "function",
                          "static": true,
                          "location": "waltz-web/src/main/java/org/finos/waltz/web/WebUtilities.java:111"
                        }
                      ],
                      "name": "WebUtilities",
                      "type": "class"
                    },
                    {
                      "children": [
                        {
                          "children": [
                            {
                              "children": [
                                {
                                  "name": "handle",
                                  "type": "function",
                                  "static": false,
                                  "location": "waltz-web/src/main/java/org/finos/waltz/web/endpoints/auth/JWTAuthenticationFilter.java:62"
                                }
                              ],
                              "name": "JWTAuthenticationFilter",
                              "type": "class"
                            }
                          ],
                          "name": "auth",
                          "type": "package"
                        }
                      ],
                      "name": "endpoints",
                      "type": "package"
                    }
                  ],
                  "name": "web",
                  "type": "package"
                },
                {
                  "children": [
                    {
                      "children": [
                        {
                          "name": "checkTrue",
                          "type": "function",
                          "static": true,
                          "location": "waltz-common/src/main/java/org/finos/waltz/common/Checks.java:85"
                        },
                        {
                          "name": "checkNotNull",
                          "type": "function",
                          "static": true,
                          "location": "waltz-common/src/main/java/org/finos/waltz/common/Checks.java:37"
                        }
                      ],
                      "name": "Checks",
                      "type": "class"
                    }
                  ],
                  "name": "common",
                  "type": "package"
                },
                {
                  "children": [
                    {
                      "children": [
                        {
                          "children": [
                            {
                              "name": "findCategoriesByDirectOrgUnit",
                              "type": "function",
                              "static": false,
                              "location": "waltz-data/src/main/java/org/finos/waltz/data/measurable_category/MeasurableCategoryDao.java:113"
                            }
                          ],
                          "name": "MeasurableCategoryDao",
                          "type": "class"
                        }
                      ],
                      "name": "measurable_category",
                      "type": "package"
                    }
                  ],
                  "name": "data",
                  "type": "package"
                }
              ],
              "name": "waltz",
              "type": "package"
            }
          ],
          "name": "finos",
          "type": "package"
        }
      ],
      "name": "org",
      "type": "package"
    },
    {
      "type": "http",
      "name": "HTTP server requests",
      "children": [
        {
          "type": "route",
          "name": "GET /api/measurable-category/direct/org-unit/10"
        }
      ]
    },
    {
      "type": "database",
      "name": "Database",
      "children": [
        {
          "type": "query",
          "name": "select \"measurable_category\".\"id\", \"measurable_category\".\"name\", \"measurable_category\".\"description\", \"measurable_category\".\"external_id\", \"measurable_category\".\"last_updated_at\", \"measurable_category\".\"last_updated_by\", \"measurable_category\".\"rating_scheme_id\", \"measurable_category\".\"editable\", \"measurable_category\".\"rating_editor_role\", \"measurable_category\".\"constraining_assessment_definition_id\", \"measurable_category\".\"position\", \"measurable_category\".\"icon_name\", \"measurable_category\".\"allow_primary_ratings\" from \"measurable_category\" where \"measurable_category\".\"id\" in (select distinct \"measurable\".\"measurable_category_id\" from \"measurable\" join \"organisational_unit\" on \"measurable\".\"organisational_unit_id\" = \"organisational_unit\".\"id\" join \"entity_hierarchy\" on \"organisational_unit\".\"id\" = \"entity_hierarchy\".\"id\" where (\"entity_hierarchy\".\"ancestor_id\" = ? and \"entity_hierarchy\".\"kind\" = ? and \"measurable\".\"entity_lifecycle_status\" = ?))"
        }
      ]
    }
  ]
}