{
  "events": [
    {
      "event": "call",
      "http_server_request": {
        "headers": {
          "Cookie": "appland_session=bFU5p0cvqrcXlz2oQfgEZG3%2BQjfds2AwmlOA%2Fx5fhQLjPvVHIKrHyvnbeq5nw8c5sME56znPsnpSSzB3nr%2BHfdk9sEC9MgOgNKjgjD8qlzGqDVuwRPr30ch96LWGIDwuITrAUwQGqlUw7%2Fdsq0tjrfHFPTlemq71kQtCAIi9JTRWo5tLPJlG%2F9JtfTuiWIfWg8X67ZkAOuaapIHdaA5w5QtwMr7h34LfseImCERQpzoz9xTqJYqSi2SJ9RE1eVw2jyYFG9IGPA4d1USUIXvAmeaMOQ9Z%2BDmKhiIRXve6%2BzO47%2F2RW1kaH2PND2r0EKz%2BaWMbrXswEaj2kjwx09pTJANR5arO0I9c2RelyrURJyvI%2FZ8OwnG99VyxbE2scovqFvxwhmhXr1KDOxpRle3VOJSpxXtFaDjv2TSSbtqGkIj4T51u58xasM4KbZUpapu5OQ5ENf%2FSMADW4DHmCrSQJ14SgVbNtrazlgwdph5p0AKax1l0Bw7j0jz2SGT9C5HMnzVyZdV59G6paFrgLqvtGuXdWr4VeJt2tPVftjki2S0LpmpTAacYMTeiz0JRvAUI2MTy5coFmozGwP2tYolztMsGb%2Bss8Pp0ZRYy8EsEs78L1J1nDMR5VCJ5yVhSq8JXZA7Misee05vblyt4OMHf9CA4AMzWpe2NbExRxiHuW%2Bkx%2F83vj%2Btrqn1QRG33cQUOn3jl8nfSuSLj5p0K5PYVYnXJu8E7RhAyqpC6J23a%2F8B4qsDAOrIrUYPQAWaYOsjd0i3Q5y49d77RlVc7zyyLJxFNVWLlYCD5BrfOMpyF2f9InowPEQei23xjT4UE0W3dXZP1xhk5wDvQ--zbb2b%2Flld908TQxF--8LcY2kn8%2BBw8bSaDiyP6LQ%3D%3D",
          "Accept": "application/json, text/plain, */*",
          "Connection": "keep-alive",
          "User-Agent": "Mozilla/5.0 (Macintosh; Intel Mac OS X 10_15_7) AppleWebKit/537.36 (KHTML, like Gecko) Chrome/125.0.0.0 Safari/537.36",
          "Referer": "http://localhost:8080/application/50",
          "Sec-Fetch-Site": "same-origin",
          "Sec-Fetch-Dest": "empty",
          "Host": "localhost:8080",
          "Accept-Encoding": "gzip, deflate, br, zstd",
          "Sec-Fetch-Mode": "cors",
          "sec-ch-ua": "\"Google Chrome\";v=\"125\", \"Chromium\";v=\"125\", \"Not.A/Brand\";v=\"24\"",
          "sec-ch-ua-mobile": "?0",
          "Cache-Control": "max-age=0",
          "sec-ch-ua-platform": "\"macOS\"",
          "If-Modified-Since": "0",
          "Accept-Language": "en-US,en;q=0.9"
        },
        "path_info": "/api/tag/entity/APPLICATION/50",
        "protocol": "HTTP/1.1",
        "request_method": "GET"
      },
      "id": 1,
      "thread_id": 36
    },
    {
      "defined_class": "org.finos.waltz.web.endpoints.auth.JWTAuthenticationFilter",
      "event": "call",
      "id": 2,
      "lineno": 62,
      "method_id": "handle",
      "parameters": [
        {
          "class": "spark.http.matching.RequestWrapper",
          "kind": "req",
          "name": "request",
          "object_id": 1894201965,
          "value": "spark.Request@18963c66"
        },
        {
          "class": "spark.http.matching.ResponseWrapper",
          "kind": "req",
          "name": "response",
          "object_id": 623007867,
          "value": "spark.Response@6cf28958"
        }
      ],
      "path": "waltz-web/src/main/java/org/finos/waltz/web/endpoints/auth/JWTAuthenticationFilter.java",
      "receiver": {
        "class": "org.finos.waltz.web.endpoints.auth.JWTAuthenticationFilter",
        "object_id": 1161636242,
        "value": "org.finos.waltz.web.endpoints.auth.JWTAuthenticationFilter@453d2992"
      },
      "static": false,
      "thread_id": 36
    },
    {
      "elapsed": 0.0000441,
      "event": "return",
      "id": 3,
      "parent_id": 2,
      "thread_id": 36
    },
    {
      "defined_class": "org.finos.waltz.web.WebUtilities",
      "event": "call",
      "id": 4,
      "lineno": 203,
      "method_id": "getEntityReference",
      "parameters": [
        {
          "class": "spark.http.matching.RequestWrapper",
          "kind": "req",
          "name": "request",
          "object_id": 1894201965,
          "value": "spark.Request@250ff2f9"
        }
      ],
      "path": "waltz-web/src/main/java/org/finos/waltz/web/WebUtilities.java",
      "static": true,
      "thread_id": 36
    },
    {
      "defined_class": "org.finos.waltz.web.WebUtilities",
      "event": "call",
      "id": 5,
      "lineno": 215,
      "method_id": "getEntityReference",
      "parameters": [
        {
          "class": "spark.http.matching.RequestWrapper",
          "kind": "req",
          "name": "request",
          "object_id": 1894201965,
          "value": "spark.Request@250ff2f9"
        },
        {
          "class": "java.lang.String",
          "kind": "req",
          "name": "kindParamName",
          "object_id": 1754699463,
          "value": "kind"
        },
        {
          "class": "java.lang.String",
          "kind": "req",
          "name": "idParamName",
          "object_id": 1713025404,
          "value": "id"
        }
      ],
      "path": "waltz-web/src/main/java/org/finos/waltz/web/WebUtilities.java",
      "static": true,
      "thread_id": 36
    },
    {
      "defined_class": "org.finos.waltz.common.Checks",
      "event": "call",
      "id": 6,
      "lineno": 37,
      "method_id": "checkNotNull",
      "parameters": [
        {
          "class": "spark.http.matching.RequestWrapper",
          "kind": "req",
          "name": "t",
          "object_id": 1894201965,
          "value": "spark.Request@250ff2f9"
        },
        {
          "class": "java.lang.String",
          "kind": "req",
          "name": "message",
          "object_id": 1040307280,
          "value": "request must not be null"
        },
        {
          "class": "[Ljava.lang.Object;",
          "kind": "req",
          "name": "args",
          "object_id": 316250019,
          "value": "[Ljava.lang.Object;@12d997a3"
        }
      ],
      "path": "waltz-common/src/main/java/org/finos/waltz/common/Checks.java",
      "static": true,
      "thread_id": 36
    },
    {
      "defined_class": "org.finos.waltz.common.Checks",
      "event": "call",
      "id": 7,
      "lineno": 85,
      "method_id": "checkTrue",
      "parameters": [
        {
          "class": "java.lang.Boolean",
          "kind": "req",
          "name": "b",
          "object_id": 1639612098,
          "value": "true"
        },
        {
          "class": "java.lang.String",
          "kind": "req",
          "name": "msg",
          "object_id": 1040307280,
          "value": "request must not be null"
        },
        {
          "class": "[Ljava.lang.Object;",
          "kind": "req",
          "name": "args",
          "object_id": 316250019,
          "value": "[Ljava.lang.Object;@12d997a3"
        }
      ],
      "path": "waltz-common/src/main/java/org/finos/waltz/common/Checks.java",
      "static": true,
      "thread_id": 36
    },
    {
      "elapsed": 0.0000039,
      "event": "return",
      "id": 8,
      "parent_id": 7,
      "thread_id": 36
    },
    {
      "elapsed": 0.0000169,
      "event": "return",
      "id": 9,
      "parent_id": 6,
      "return_value": {
        "class": "spark.http.matching.RequestWrapper",
        "object_id": 1894201965,
        "value": "spark.Request@250ff2f9"
      },
      "thread_id": 36
    },
    {
      "defined_class": "org.finos.waltz.web.WebUtilities",
      "event": "call",
      "id": 10,
      "lineno": 192,
      "method_id": "getKind",
      "parameters": [
        {
          "class": "spark.http.matching.RequestWrapper",
          "kind": "req",
          "name": "request",
          "object_id": 1894201965,
          "value": "spark.Request@250ff2f9"
        },
        {
          "class": "java.lang.String",
          "kind": "req",
          "name": "paramName",
          "object_id": 1754699463,
          "value": "kind"
        }
      ],
      "path": "waltz-web/src/main/java/org/finos/waltz/web/WebUtilities.java",
      "static": true,
      "thread_id": 36
    },
    {
      "defined_class": "org.finos.waltz.common.Checks",
      "event": "call",
      "id": 11,
      "lineno": 37,
      "method_id": "checkNotNull",
      "parameters": [
        {
          "class": "spark.http.matching.RequestWrapper",
          "kind": "req",
          "name": "t",
          "object_id": 1894201965,
          "value": "spark.Request@250ff2f9"
        },
        {
          "class": "java.lang.String",
          "kind": "req",
          "name": "message",
          "object_id": 1040307280,
          "value": "request must not be null"
        },
        {
          "class": "[Ljava.lang.Object;",
          "kind": "req",
          "name": "args",
          "object_id": 998632594,
          "value": "[Ljava.lang.Object;@3b85ec92"
        }
      ],
      "path": "waltz-common/src/main/java/org/finos/waltz/common/Checks.java",
      "static": true,
      "thread_id": 36
    },
    {
      "defined_class": "org.finos.waltz.common.Checks",
      "event": "call",
      "id": 12,
      "lineno": 85,
      "method_id": "checkTrue",
      "parameters": [
        {
          "class": "java.lang.Boolean",
          "kind": "req",
          "name": "b",
          "object_id": 1639612098,
          "value": "true"
        },
        {
          "class": "java.lang.String",
          "kind": "req",
          "name": "msg",
          "object_id": 1040307280,
          "value": "request must not be null"
        },
        {
          "class": "[Ljava.lang.Object;",
          "kind": "req",
          "name": "args",
          "object_id": 998632594,
          "value": "[Ljava.lang.Object;@3b85ec92"
        }
      ],
      "path": "waltz-common/src/main/java/org/finos/waltz/common/Checks.java",
      "static": true,
      "thread_id": 36
    },
    {
      "elapsed": 0.0000082,
      "event": "return",
      "id": 13,
      "parent_id": 12,
      "thread_id": 36
    },
    {
      "elapsed": 0.0000488,
      "event": "return",
      "id": 14,
      "parent_id": 11,
      "return_value": {
        "class": "spark.http.matching.RequestWrapper",
        "object_id": 1894201965,
        "value": "spark.Request@250ff2f9"
      },
      "thread_id": 36
    },
    {
      "defined_class": "org.finos.waltz.model.EntityKind",
      "event": "call",
      "id": 15,
      "lineno": 21,
      "method_id": "valueOf",
      "parameters": [
        {
          "class": "java.lang.String",
          "kind": "req",
          "name": "name",
          "object_id": 1128602355,
          "value": "APPLICATION"
        }
      ],
      "path": "waltz-model/src/main/java/org/finos/waltz/model/EntityKind.java",
      "static": true,
      "thread_id": 36
    },
    {
      "elapsed": 0.0000122,
      "event": "return",
      "id": 16,
      "parent_id": 15,
      "return_value": {
        "class": "org.finos.waltz.model.EntityKind",
        "object_id": 955345496,
        "value": "APPLICATION"
      },
      "thread_id": 36
    },
    {
      "elapsed": 0.0001034,
      "event": "return",
      "id": 17,
      "parent_id": 10,
      "return_value": {
        "class": "org.finos.waltz.model.EntityKind",
        "object_id": 955345496,
        "value": "APPLICATION"
      },
      "thread_id": 36
    },
    {
      "defined_class": "org.finos.waltz.web.WebUtilities",
      "event": "call",
      "id": 18,
      "lineno": 94,
      "method_id": "getLong",
      "parameters": [
        {
          "class": "spark.http.matching.RequestWrapper",
          "kind": "req",
          "name": "request",
          "object_id": 1894201965,
          "value": "spark.Request@250ff2f9"
        },
        {
          "class": "java.lang.String",
          "kind": "req",
          "name": "paramName",
          "object_id": 1713025404,
          "value": "id"
        }
      ],
      "path": "waltz-web/src/main/java/org/finos/waltz/web/WebUtilities.java",
      "static": true,
      "thread_id": 36
    },
    {
      "defined_class": "org.finos.waltz.common.Checks",
      "event": "call",
      "id": 19,
      "lineno": 37,
      "method_id": "checkNotNull",
      "parameters": [
        {
          "class": "spark.http.matching.RequestWrapper",
          "kind": "req",
          "name": "t",
          "object_id": 1894201965,
          "value": "spark.Request@250ff2f9"
        },
        {
          "class": "java.lang.String",
          "kind": "req",
          "name": "message",
          "object_id": 1040307280,
          "value": "request must not be null"
        },
        {
          "class": "[Ljava.lang.Object;",
          "kind": "req",
          "name": "args",
          "object_id": 428322904,
          "value": "[Ljava.lang.Object;@1987b058"
        }
      ],
      "path": "waltz-common/src/main/java/org/finos/waltz/common/Checks.java",
      "static": true,
      "thread_id": 36
    },
    {
      "defined_class": "org.finos.waltz.common.Checks",
      "event": "call",
      "id": 20,
      "lineno": 85,
      "method_id": "checkTrue",
      "parameters": [
        {
          "class": "java.lang.Boolean",
          "kind": "req",
          "name": "b",
          "object_id": 1639612098,
          "value": "true"
        },
        {
          "class": "java.lang.String",
          "kind": "req",
          "name": "msg",
          "object_id": 1040307280,
          "value": "request must not be null"
        },
        {
          "class": "[Ljava.lang.Object;",
          "kind": "req",
          "name": "args",
          "object_id": 428322904,
          "value": "[Ljava.lang.Object;@1987b058"
        }
      ],
      "path": "waltz-common/src/main/java/org/finos/waltz/common/Checks.java",
      "static": true,
      "thread_id": 36
    },
    {
      "elapsed": 0.0000045,
      "event": "return",
      "id": 21,
      "parent_id": 20,
      "thread_id": 36
    },
    {
      "elapsed": 0.0000159,
      "event": "return",
      "id": 22,
      "parent_id": 19,
      "return_value": {
        "class": "spark.http.matching.RequestWrapper",
        "object_id": 1894201965,
        "value": "spark.Request@250ff2f9"
      },
      "thread_id": 36
    },
    {
      "defined_class": "org.finos.waltz.common.Checks",
      "event": "call",
      "id": 23,
      "lineno": 37,
      "method_id": "checkNotNull",
      "parameters": [
        {
          "class": "java.lang.String",
          "kind": "req",
          "name": "t",
          "object_id": 1713025404,
          "value": "id"
        },
        {
          "class": "java.lang.String",
          "kind": "req",
          "name": "message",
          "object_id": 1835316251,
          "value": "paramName must not be null"
        },
        {
          "class": "[Ljava.lang.Object;",
          "kind": "req",
          "name": "args",
          "object_id": 1195202628,
          "value": "[Ljava.lang.Object;@473d5844"
        }
      ],
      "path": "waltz-common/src/main/java/org/finos/waltz/common/Checks.java",
      "static": true,
      "thread_id": 36
    },
    {
      "defined_class": "org.finos.waltz.common.Checks",
      "event": "call",
      "id": 24,
      "lineno": 85,
      "method_id": "checkTrue",
      "parameters": [
        {
          "class": "java.lang.Boolean",
          "kind": "req",
          "name": "b",
          "object_id": 1639612098,
          "value": "true"
        },
        {
          "class": "java.lang.String",
          "kind": "req",
          "name": "msg",
          "object_id": 1835316251,
          "value": "paramName must not be null"
        },
        {
          "class": "[Ljava.lang.Object;",
          "kind": "req",
          "name": "args",
          "object_id": 1195202628,
          "value": "[Ljava.lang.Object;@473d5844"
        }
      ],
      "path": "waltz-common/src/main/java/org/finos/waltz/common/Checks.java",
      "static": true,
      "thread_id": 36
    },
    {
      "elapsed": 0.0000038,
      "event": "return",
      "id": 25,
      "parent_id": 24,
      "thread_id": 36
    },
    {
      "elapsed": 0.0000151,
      "event": "return",
      "id": 26,
      "parent_id": 23,
      "return_value": {
        "class": "java.lang.String",
        "object_id": 1713025404,
        "value": "id"
      },
      "thread_id": 36
    },
    {
      "elapsed": 0.0000563,
      "event": "return",
      "id": 27,
      "parent_id": 18,
      "return_value": {
        "class": "java.lang.Long",
        "object_id": 555813662,
        "value": "50"
      },
      "thread_id": 36
    },
    {
      "defined_class": "org.finos.waltz.model.EntityReference",
      "event": "call",
      "id": 28,
      "lineno": 65,
      "method_id": "mkRef",
      "parameters": [
        {
          "class": "org.finos.waltz.model.EntityKind",
          "kind": "req",
          "name": "kind",
          "object_id": 955345496,
          "value": "APPLICATION"
        },
        {
          "class": "java.lang.Long",
          "kind": "req",
          "name": "id",
          "object_id": 555813662,
          "value": "50"
        }
      ],
      "path": "waltz-model/src/main/java/org/finos/waltz/model/EntityReference.java",
      "static": true,
      "thread_id": 36
    },
    {
      "defined_class": "org.finos.waltz.model.EntityReference",
      "event": "call",
      "id": 29,
      "lineno": 70,
      "method_id": "mkRef",
      "parameters": [
        {
          "class": "org.finos.waltz.model.EntityKind",
          "kind": "req",
          "name": "kind",
          "object_id": 955345496,
          "value": "APPLICATION"
        },
        {
          "class": "java.lang.Long",
          "kind": "req",
          "name": "id",
          "object_id": 555813662,
          "value": "50"
        },
        {
          "class": "java.lang.String",
          "kind": "req",
          "name": "name",
          "object_id": 0
        }
      ],
      "path": "waltz-model/src/main/java/org/finos/waltz/model/EntityReference.java",
      "static": true,
      "thread_id": 36
    },
    {
      "defined_class": "org.finos.waltz.model.EntityReference",
      "event": "call",
      "id": 30,
      "lineno": 75,
      "method_id": "mkRef",
      "parameters": [
        {
          "class": "org.finos.waltz.model.EntityKind",
          "kind": "req",
          "name": "kind",
          "object_id": 955345496,
          "value": "APPLICATION"
        },
        {
          "class": "java.lang.Long",
          "kind": "req",
          "name": "id",
          "object_id": 555813662,
          "value": "50"
        },
        {
          "class": "java.lang.String",
          "kind": "req",
          "name": "name",
          "object_id": 0
        },
        {
          "class": "java.lang.String",
          "kind": "req",
          "name": "description",
          "object_id": 0
        }
      ],
      "path": "waltz-model/src/main/java/org/finos/waltz/model/EntityReference.java",
      "static": true,
      "thread_id": 36
    },
    {
      "defined_class": "org.finos.waltz.model.EntityReference",
      "event": "call",
      "id": 31,
      "lineno": 80,
      "method_id": "mkRef",
      "parameters": [
        {
          "class": "org.finos.waltz.model.EntityKind",
          "kind": "req",
          "name": "kind",
          "object_id": 955345496,
          "value": "APPLICATION"
        },
        {
          "class": "java.lang.Long",
          "kind": "req",
          "name": "id",
          "object_id": 555813662,
          "value": "50"
        },
        {
          "class": "java.lang.String",
          "kind": "req",
          "name": "name",
          "object_id": 0
        },
        {
          "class": "java.lang.String",
          "kind": "req",
          "name": "description",
          "object_id": 0
        },
        {
          "class": "java.lang.String",
          "kind": "req",
          "name": "externalId",
          "object_id": 0
        }
      ],
      "path": "waltz-model/src/main/java/org/finos/waltz/model/EntityReference.java",
      "static": true,
      "thread_id": 36
    },
    {
      "defined_class": "org.finos.waltz.model.ImmutableEntityReference",
      "event": "call",
      "id": 32,
      "lineno": 363,
      "method_id": "builder",
      "path": "org/finos/waltz/model/ImmutableEntityReference.java",
      "static": true,
      "thread_id": 36
    },
    {
      "elapsed": 0.0000094,
      "event": "return",
      "id": 33,
      "parent_id": 32,
      "return_value": {
        "class": "org.finos.waltz.model.ImmutableEntityReference$Builder",
        "object_id": 1405672781,
        "value": "org.finos.waltz.model.ImmutableEntityReference$Builder@53c8dd4d"
      },
      "thread_id": 36
    },
    {
      "defined_class": "org.finos.waltz.model.ImmutableEntityReference$Builder",
      "event": "call",
      "id": 34,
      "lineno": 509,
      "method_id": "kind",
      "parameters": [
        {
          "class": "org.finos.waltz.model.EntityKind",
          "kind": "req",
          "name": "kind",
          "object_id": 955345496,
          "value": "APPLICATION"
        }
      ],
      "path": "org/finos/waltz/model/ImmutableEntityReference.java",
      "receiver": {
        "class": "org.finos.waltz.model.ImmutableEntityReference$Builder",
        "object_id": 1405672781,
        "value": "org.finos.waltz.model.ImmutableEntityReference$Builder@53c8dd4d"
      },
      "static": false,
      "thread_id": 36
    },
    {
      "elapsed": 0.0000092,
      "event": "return",
      "id": 35,
      "parent_id": 34,
      "return_value": {
        "class": "org.finos.waltz.model.ImmutableEntityReference$Builder",
        "object_id": 1405672781,
        "value": "org.finos.waltz.model.ImmutableEntityReference$Builder@53c8dd4d"
      },
      "thread_id": 36
    },
    {
      "defined_class": "org.finos.waltz.model.ImmutableEntityReference$Builder",
      "event": "call",
      "id": 36,
      "lineno": 521,
      "method_id": "id",
      "parameters": [
        {
          "class": "java.lang.Long",
          "kind": "req",
          "name": "id",
          "object_id": 555813662,
          "value": "50"
        }
      ],
      "path": "org/finos/waltz/model/ImmutableEntityReference.java",
      "receiver": {
        "class": "org.finos.waltz.model.ImmutableEntityReference$Builder",
        "object_id": 1405672781,
        "value": "org.finos.waltz.model.ImmutableEntityReference$Builder@53c8dd4d"
      },
      "static": false,
      "thread_id": 36
    },
    {
      "elapsed": 0.0000077,
      "event": "return",
      "id": 37,
      "parent_id": 36,
      "return_value": {
        "class": "org.finos.waltz.model.ImmutableEntityReference$Builder",
        "object_id": 1405672781,
        "value": "org.finos.waltz.model.ImmutableEntityReference$Builder@53c8dd4d"
      },
      "thread_id": 36
    },
    {
      "defined_class": "org.finos.waltz.model.ImmutableEntityReference$Builder",
      "event": "call",
      "id": 38,
      "lineno": 543,
      "method_id": "name",
      "parameters": [
        {
          "class": "java.util.Optional",
          "kind": "req",
          "name": "name",
          "object_id": 410882137,
          "value": "Optional.empty"
        }
      ],
      "path": "org/finos/waltz/model/ImmutableEntityReference.java",
      "receiver": {
        "class": "org.finos.waltz.model.ImmutableEntityReference$Builder",
        "object_id": 1405672781,
        "value": "org.finos.waltz.model.ImmutableEntityReference$Builder@53c8dd4d"
      },
      "static": false,
      "thread_id": 36
    },
    {
      "elapsed": 0.0000253,
      "event": "return",
      "id": 39,
      "parent_id": 38,
      "return_value": {
        "class": "org.finos.waltz.model.ImmutableEntityReference$Builder",
        "object_id": 1405672781,
        "value": "org.finos.waltz.model.ImmutableEntityReference$Builder@53c8dd4d"
      },
      "thread_id": 36
    },
    {
      "defined_class": "org.finos.waltz.model.ImmutableEntityReference$Builder",
      "event": "call",
      "id": 40,
      "lineno": 498,
      "method_id": "description",
      "parameters": [
        {
          "class": "java.lang.String",
          "kind": "req",
          "name": "description",
          "object_id": 0
        }
      ],
      "path": "org/finos/waltz/model/ImmutableEntityReference.java",
      "receiver": {
        "class": "org.finos.waltz.model.ImmutableEntityReference$Builder",
        "object_id": 1405672781,
        "value": "org.finos.waltz.model.ImmutableEntityReference$Builder@53c8dd4d"
      },
      "static": false,
      "thread_id": 36
    },
    {
      "elapsed": 0.000016,
      "event": "return",
      "id": 41,
      "parent_id": 40,
      "return_value": {
        "class": "org.finos.waltz.model.ImmutableEntityReference$Builder",
        "object_id": 1405672781,
        "value": "org.finos.waltz.model.ImmutableEntityReference$Builder@53c8dd4d"
      },
      "thread_id": 36
    },
    {
      "defined_class": "org.finos.waltz.model.ImmutableEntityReference$Builder",
      "event": "call",
      "id": 42,
      "lineno": 564,
      "method_id": "externalId",
      "parameters": [
        {
          "class": "java.util.Optional",
          "kind": "req",
          "name": "externalId",
          "object_id": 410882137,
          "value": "Optional.empty"
        }
      ],
      "path": "org/finos/waltz/model/ImmutableEntityReference.java",
      "receiver": {
        "class": "org.finos.waltz.model.ImmutableEntityReference$Builder",
        "object_id": 1405672781,
        "value": "org.finos.waltz.model.ImmutableEntityReference$Builder@53c8dd4d"
      },
      "static": false,
      "thread_id": 36
    },
    {
      "elapsed": 0.0000187,
      "event": "return",
      "id": 43,
      "parent_id": 42,
      "return_value": {
        "class": "org.finos.waltz.model.ImmutableEntityReference$Builder",
        "object_id": 1405672781,
        "value": "org.finos.waltz.model.ImmutableEntityReference$Builder@53c8dd4d"
      },
      "thread_id": 36
    },
    {
      "defined_class": "org.finos.waltz.model.ImmutableEntityReference$Builder",
      "event": "call",
      "id": 44,
      "lineno": 586,
      "method_id": "build",
      "path": "org/finos/waltz/model/ImmutableEntityReference.java",
      "receiver": {
        "class": "org.finos.waltz.model.ImmutableEntityReference$Builder",
        "object_id": 1405672781,
        "value": "org.finos.waltz.model.ImmutableEntityReference$Builder@53c8dd4d"
      },
      "static": false,
      "thread_id": 36
    },
    {
      "defined_class": "org.finos.waltz.model.EntityReference",
      "event": "call",
      "id": 45,
      "lineno": 54,
      "method_id": "entityLifecycleStatus",
      "path": "waltz-model/src/main/java/org/finos/waltz/model/EntityReference.java",
      "receiver": {
        "class": "org.finos.waltz.model.ImmutableEntityReference",
        "object_id": 942790469,
        "value": "EntityReference{kind=APPLICATION, id=50, entityLifecycleStatus=null}"
      },
      "static": false,
      "thread_id": 36
    },
    {
      "elapsed": 0.000005,
      "event": "return",
      "id": 46,
      "parent_id": 45,
      "return_value": {
        "class": "org.finos.waltz.model.EntityLifecycleStatus",
        "object_id": 1929566246,
        "value": "ACTIVE"
      },
      "thread_id": 36
    },
    {
      "elapsed": 0.0000477,
      "event": "return",
      "id": 47,
      "parent_id": 44,
      "return_value": {
        "class": "org.finos.waltz.model.ImmutableEntityReference",
        "object_id": 942790469,
        "value": "EntityReference{kind=APPLICATION, id=50, entityLifecycleStatus=ACTIVE}"
      },
      "thread_id": 36
    },
    {
      "elapsed": 0.0002331,
      "event": "return",
      "id": 48,
      "parent_id": 31,
      "return_value": {
        "class": "org.finos.waltz.model.ImmutableEntityReference",
        "object_id": 942790469,
        "value": "EntityReference{kind=APPLICATION, id=50, entityLifecycleStatus=ACTIVE}"
      },
      "thread_id": 36
    },
    {
      "elapsed": 0.0002388,
      "event": "return",
      "id": 49,
      "parent_id": 30,
      "return_value": {
        "class": "org.finos.waltz.model.ImmutableEntityReference",
        "object_id": 942790469,
        "value": "EntityReference{kind=APPLICATION, id=50, entityLifecycleStatus=ACTIVE}"
      },
      "thread_id": 36
    },
    {
      "elapsed": 0.0002435,
      "event": "return",
      "id": 50,
      "parent_id": 29,
      "return_value": {
        "class": "org.finos.waltz.model.ImmutableEntityReference",
        "object_id": 942790469,
        "value": "EntityReference{kind=APPLICATION, id=50, entityLifecycleStatus=ACTIVE}"
      },
      "thread_id": 36
    },
    {
      "elapsed": 0.0002477,
      "event": "return",
      "id": 51,
      "parent_id": 28,
      "return_value": {
        "class": "org.finos.waltz.model.ImmutableEntityReference",
        "object_id": 942790469,
        "value": "EntityReference{kind=APPLICATION, id=50, entityLifecycleStatus=ACTIVE}"
      },
      "thread_id": 36
    },
    {
      "elapsed": 0.0004922,
      "event": "return",
      "id": 52,
      "parent_id": 5,
      "return_value": {
        "class": "org.finos.waltz.model.ImmutableEntityReference",
        "object_id": 942790469,
        "value": "EntityReference{kind=APPLICATION, id=50, entityLifecycleStatus=ACTIVE}"
      },
      "thread_id": 36
    },
    {
      "elapsed": 0.0005115,
      "event": "return",
      "id": 53,
      "parent_id": 4,
      "return_value": {
        "class": "org.finos.waltz.model.ImmutableEntityReference",
        "object_id": 942790469,
        "value": "EntityReference{kind=APPLICATION, id=50, entityLifecycleStatus=ACTIVE}"
      },
      "thread_id": 36
    },
    {
      "defined_class": "org.finos.waltz.service.tag.TagService",
      "event": "call",
      "id": 54,
      "lineno": 62,
      "method_id": "findTagsForEntityReference",
      "parameters": [
        {
          "class": "org.finos.waltz.model.ImmutableEntityReference",
          "kind": "req",
          "name": "reference",
          "object_id": 942790469,
          "value": "EntityReference{kind=APPLICATION, id=50, entityLifecycleStatus=ACTIVE}"
        }
      ],
      "path": "waltz-service/src/main/java/org/finos/waltz/service/tag/TagService.java",
      "receiver": {
        "class": "org.finos.waltz.service.tag.TagService",
        "object_id": 991966691,
        "value": "org.finos.waltz.service.tag.TagService@3b2035e3"
      },
      "static": false,
      "thread_id": 36
    },
    {
      "defined_class": "org.finos.waltz.data.tag.TagDao",
      "event": "call",
      "id": 55,
      "lineno": 71,
      "method_id": "findTagsForEntityReference",
      "parameters": [
        {
          "class": "org.finos.waltz.model.ImmutableEntityReference",
          "kind": "req",
          "name": "ref",
          "object_id": 942790469,
          "value": "EntityReference{kind=APPLICATION, id=50, entityLifecycleStatus=ACTIVE}"
        }
      ],
      "path": "waltz-data/src/main/java/org/finos/waltz/data/tag/TagDao.java",
      "receiver": {
        "class": "org.finos.waltz.data.tag.TagDao",
        "object_id": 520443542,
        "value": "org.finos.waltz.data.tag.TagDao@1f055696"
      },
      "static": false,
      "thread_id": 36
    },
    {
      "defined_class": "org.finos.waltz.schema.tables.Tag",
      "event": "call",
      "id": 56,
      "lineno": 156,
      "method_id": "fieldsRow",
      "path": "org/finos/waltz/schema/tables/Tag.java",
      "receiver": {
        "class": "org.finos.waltz.schema.tables.Tag",
        "object_id": 1670655693,
        "value": "\"tag\""
      },
      "static": false,
      "thread_id": 36
    },
    {
      "elapsed": 0.0000245,
      "event": "return",
      "id": 57,
      "parent_id": 56,
      "return_value": {
        "class": "org.jooq.impl.RowImpl",
        "object_id": 470857067,
        "value": "(\"tag\".\"id\", \"tag\".\"name\", \"tag\".\"target_kind\")"
      },
      "thread_id": 36
    },
    {
      "defined_class": "org.finos.waltz.model.ImmutableEntityReference",
      "event": "call",
      "id": 58,
      "lineno": 80,
      "method_id": "id",
      "path": "org/finos/waltz/model/ImmutableEntityReference.java",
      "receiver": {
        "class": "org.finos.waltz.model.ImmutableEntityReference",
        "object_id": 942790469,
        "value": "EntityReference{kind=APPLICATION, id=50, entityLifecycleStatus=ACTIVE}"
      },
      "static": false,
      "thread_id": 36
    },
    {
      "elapsed": 0.0000247,
      "event": "return",
      "id": 59,
      "parent_id": 58,
      "return_value": {
        "class": "java.lang.Long",
        "object_id": 555813662,
        "value": "50"
      },
      "thread_id": 36
    },
    {
      "defined_class": "org.finos.waltz.model.ImmutableEntityReference",
      "event": "call",
      "id": 60,
      "lineno": 71,
      "method_id": "kind",
      "path": "org/finos/waltz/model/ImmutableEntityReference.java",
      "receiver": {
        "class": "org.finos.waltz.model.ImmutableEntityReference",
        "object_id": 942790469,
        "value": "EntityReference{kind=APPLICATION, id=50, entityLifecycleStatus=ACTIVE}"
      },
      "static": false,
      "thread_id": 36
    },
    {
      "elapsed": 0.0000017,
      "event": "return",
      "id": 61,
      "parent_id": 60,
      "return_value": {
        "class": "org.finos.waltz.model.EntityKind",
        "object_id": 955345496,
        "value": "APPLICATION"
      },
      "thread_id": 36
    },
    {
      "event": "call",
      "id": 62,
      "sql_query": {
        "database_type": "PostgreSQL",
        "sql": "select \"tag\".\"id\", \"tag\".\"name\", \"tag\".\"target_kind\" from \"tag\" join \"tag_usage\" on \"tag\".\"id\" = \"tag_usage\".\"tag_id\" where (\"tag_usage\".\"entity_id\" = ? and \"tag_usage\".\"entity_kind\" = ?) order by \"tag\".\"name\" asc"
      },
      "thread_id": 36
    },
    {
      "elapsed": 0.0000099,
      "event": "return",
      "id": 63,
      "parent_id": 62,
      "thread_id": 36
    },
    {
      "defined_class": "org.finos.waltz.service.SlowQueryListener",
      "event": "call",
      "id": 64,
      "lineno": 59,
      "method_id": "executeStart",
      "parameters": [
        {
          "class": "org.jooq.impl.DefaultExecuteContext",
          "kind": "req",
          "name": "ctx",
          "object_id": 834806229,
          "value": "org.jooq.impl.DefaultExecuteContext@31c221d5"
        }
      ],
      "path": "waltz-service/src/main/java/org/finos/waltz/service/SlowQueryListener.java",
      "receiver": {
        "class": "org.finos.waltz.service.SlowQueryListener",
        "object_id": 1526683037,
        "value": "org.finos.waltz.service.SlowQueryListener@5aff559d"
      },
      "static": false,
      "thread_id": 36
    },
    {
      "elapsed": 0.0000227,
      "event": "return",
      "id": 65,
      "parent_id": 64,
      "thread_id": 36
    },
    {
      "defined_class": "org.finos.waltz.service.SlowQueryListener",
      "event": "call",
      "id": 66,
      "lineno": 66,
      "method_id": "executeEnd",
      "parameters": [
        {
          "class": "org.jooq.impl.DefaultExecuteContext",
          "kind": "req",
          "name": "ctx",
          "object_id": 834806229,
          "value": "org.jooq.impl.DefaultExecuteContext@31c221d5"
        }
      ],
      "path": "waltz-service/src/main/java/org/finos/waltz/service/SlowQueryListener.java",
      "receiver": {
        "class": "org.finos.waltz.service.SlowQueryListener",
        "object_id": 1526683037,
        "value": "org.finos.waltz.service.SlowQueryListener@5aff559d"
      },
      "static": false,
      "thread_id": 36
    },
    {
      "elapsed": 0.0000047,
      "event": "return",
      "id": 67,
      "parent_id": 66,
      "thread_id": 36
    },
    {
      "elapsed": 0.0005196,
      "event": "return",
      "id": 68,
      "parent_id": 55,
      "return_value": {
        "class": "java.util.ArrayList",
        "object_id": 611688469,
        "value": "[]"
      },
      "thread_id": 36
    },
    {
      "elapsed": 0.0005483,
      "event": "return",
      "id": 69,
      "parent_id": 54,
      "return_value": {
        "class": "java.util.ArrayList",
        "object_id": 611688469,
        "value": "[]"
      },
      "thread_id": 36
    },
    {
      "elapsed": 0.0012858,
      "event": "return",
      "http_server_response": {
        "headers": {
          "Access-Control-Expose-Headers": "*",
          "Access-Control-Allow-Origin": "*",
          "Date": "Tue, 04 Jun 2024 17:34:00 GMT",
          "Content-Type": "application/json"
        },
        "status": 200
      },
      "id": 70,
      "parent_id": 1,
      "thread_id": 36
    }
  ],
  "version": "1.2",
  "metadata": {
    "name": "GET /api/tag/entity/APPLICATION/50 (200) - 17:34:00.619",
    "app": "waltz",
    "language": {
      "name": "java",
      "version": "17.0.8+9-LTS-211",
      "engine": "Java HotSpot(TM) 64-Bit Server VM"
    },
    "client": {
      "name": "appmap-java",
      "url": "https://github.com/appland/appmap-java"
    },
    "recorder": {
      "name": "request_recording",
      "type": "requests"
    },
    "recording": {},
    "git": {
      "repository": "git@github.com:land-of-apps/waltz.git",
      "branch": "master",
      "commit": "4843ed86d43213c400243d4cf09afe5318490c9e"
    }
  },
  "classMap": [
    {
      "children": [
        {
          "children": [
            {
              "children": [
                {
                  "children": [
                    {
                      "children": [
                        {
                          "name": "getKind",
                          "type": "function",
                          "static": true,
                          "location": "waltz-web/src/main/java/org/finos/waltz/web/WebUtilities.java:192"
                        },
                        {
                          "name": "getLong",
                          "type": "function",
                          "static": true,
                          "location": "waltz-web/src/main/java/org/finos/waltz/web/WebUtilities.java:94"
                        },
                        {
                          "name": "getEntityReference",
                          "type": "function",
                          "static": true,
                          "location": "waltz-web/src/main/java/org/finos/waltz/web/WebUtilities.java:203"
                        },
                        {
                          "name": "getEntityReference",
                          "type": "function",
                          "static": true,
                          "location": "waltz-web/src/main/java/org/finos/waltz/web/WebUtilities.java:215"
                        }
                      ],
                      "name": "WebUtilities",
                      "type": "class"
                    },
                    {
                      "children": [
                        {
                          "children": [
                            {
                              "children": [
                                {
                                  "name": "handle",
                                  "type": "function",
                                  "static": false,
                                  "location": "waltz-web/src/main/java/org/finos/waltz/web/endpoints/auth/JWTAuthenticationFilter.java:62"
                                }
                              ],
                              "name": "JWTAuthenticationFilter",
                              "type": "class"
                            }
                          ],
                          "name": "auth",
                          "type": "package"
                        }
                      ],
                      "name": "endpoints",
                      "type": "package"
                    }
                  ],
                  "name": "web",
                  "type": "package"
                },
                {
                  "children": [
                    {
                      "children": [
                        {
                          "name": "builder",
                          "type": "function",
                          "static": true,
                          "location": "org/finos/waltz/model/ImmutableEntityReference.java:363"
                        },
                        {
                          "name": "kind",
                          "type": "function",
                          "static": false,
                          "location": "org/finos/waltz/model/ImmutableEntityReference.java:71"
                        },
                        {
                          "name": "id",
                          "type": "function",
                          "static": false,
                          "location": "org/finos/waltz/model/ImmutableEntityReference.java:80"
                        }
                      ],
                      "name": "ImmutableEntityReference",
                      "type": "class"
                    },
                    {
                      "children": [
                        {
                          "name": "description",
                          "type": "function",
                          "static": false,
                          "location": "org/finos/waltz/model/ImmutableEntityReference.java:498"
                        },
                        {
                          "name": "build",
                          "type": "function",
                          "static": false,
                          "location": "org/finos/waltz/model/ImmutableEntityReference.java:586"
                        },
                        {
                          "name": "kind",
                          "type": "function",
                          "static": false,
                          "location": "org/finos/waltz/model/ImmutableEntityReference.java:509"
                        },
                        {
                          "name": "id",
                          "type": "function",
                          "static": false,
                          "location": "org/finos/waltz/model/ImmutableEntityReference.java:521"
                        },
                        {
                          "name": "name",
                          "type": "function",
                          "static": false,
                          "location": "org/finos/waltz/model/ImmutableEntityReference.java:543"
                        },
                        {
                          "name": "externalId",
                          "type": "function",
                          "static": false,
                          "location": "org/finos/waltz/model/ImmutableEntityReference.java:564"
                        }
                      ],
                      "name": "ImmutableEntityReference$Builder",
                      "type": "class"
                    },
                    {
                      "children": [
                        {
                          "name": "mkRef",
                          "type": "function",
                          "static": true,
                          "location": "waltz-model/src/main/java/org/finos/waltz/model/EntityReference.java:65"
                        },
                        {
                          "name": "mkRef",
                          "type": "function",
                          "static": true,
                          "location": "waltz-model/src/main/java/org/finos/waltz/model/EntityReference.java:70"
                        },
                        {
                          "name": "mkRef",
                          "type": "function",
                          "static": true,
                          "location": "waltz-model/src/main/java/org/finos/waltz/model/EntityReference.java:75"
                        },
                        {
                          "name": "mkRef",
                          "type": "function",
                          "static": true,
                          "location": "waltz-model/src/main/java/org/finos/waltz/model/EntityReference.java:80"
                        },
                        {
                          "name": "entityLifecycleStatus",
                          "type": "function",
                          "static": false,
                          "location": "waltz-model/src/main/java/org/finos/waltz/model/EntityReference.java:54"
                        }
                      ],
                      "name": "EntityReference",
                      "type": "class"
                    },
                    {
                      "children": [
                        {
                          "name": "valueOf",
                          "type": "function",
                          "static": true,
                          "location": "waltz-model/src/main/java/org/finos/waltz/model/EntityKind.java:21"
                        }
                      ],
                      "name": "EntityKind",
                      "type": "class"
                    }
                  ],
                  "name": "model",
                  "type": "package"
                },
                {
                  "children": [
                    {
                      "children": [
                        {
                          "children": [
                            {
                              "name": "fieldsRow",
                              "type": "function",
                              "static": false,
                              "location": "org/finos/waltz/schema/tables/Tag.java:156"
                            }
                          ],
                          "name": "Tag",
                          "type": "class"
                        }
                      ],
                      "name": "tables",
                      "type": "package"
                    }
                  ],
                  "name": "schema",
                  "type": "package"
                },
                {
                  "children": [
                    {
                      "children": [
                        {
                          "name": "checkTrue",
                          "type": "function",
                          "static": true,
                          "location": "waltz-common/src/main/java/org/finos/waltz/common/Checks.java:85"
                        },
                        {
                          "name": "checkNotNull",
                          "type": "function",
                          "static": true,
                          "location": "waltz-common/src/main/java/org/finos/waltz/common/Checks.java:37"
                        }
                      ],
                      "name": "Checks",
                      "type": "class"
                    }
                  ],
                  "name": "common",
                  "type": "package"
                },
                {
                  "children": [
                    {
                      "children": [
                        {
                          "name": "executeStart",
                          "type": "function",
                          "static": false,
                          "location": "waltz-service/src/main/java/org/finos/waltz/service/SlowQueryListener.java:59"
                        },
                        {
                          "name": "executeEnd",
                          "type": "function",
                          "static": false,
                          "location": "waltz-service/src/main/java/org/finos/waltz/service/SlowQueryListener.java:66"
                        }
                      ],
                      "name": "SlowQueryListener",
                      "type": "class"
                    },
                    {
                      "children": [
                        {
                          "children": [
                            {
                              "name": "findTagsForEntityReference",
                              "type": "function",
                              "static": false,
                              "location": "waltz-service/src/main/java/org/finos/waltz/service/tag/TagService.java:62"
                            }
                          ],
                          "name": "TagService",
                          "type": "class"
                        }
                      ],
                      "name": "tag",
                      "type": "package"
                    }
                  ],
                  "name": "service",
                  "type": "package"
                },
                {
                  "children": [
                    {
                      "children": [
                        {
                          "children": [
                            {
                              "name": "findTagsForEntityReference",
                              "type": "function",
                              "static": false,
                              "location": "waltz-data/src/main/java/org/finos/waltz/data/tag/TagDao.java:71"
                            }
                          ],
                          "name": "TagDao",
                          "type": "class"
                        }
                      ],
                      "name": "tag",
                      "type": "package"
                    }
                  ],
                  "name": "data",
                  "type": "package"
                }
              ],
              "name": "waltz",
              "type": "package"
            }
          ],
          "name": "finos",
          "type": "package"
        }
      ],
      "name": "org",
      "type": "package"
    },
    {
      "type": "http",
      "name": "HTTP server requests",
      "children": [
        {
          "type": "route",
          "name": "GET /api/tag/entity/APPLICATION/50"
        }
      ]
    },
    {
      "type": "database",
      "name": "Database",
      "children": [
        {
          "type": "query",
          "name": "select \"tag\".\"id\", \"tag\".\"name\", \"tag\".\"target_kind\" from \"tag\" join \"tag_usage\" on \"tag\".\"id\" = \"tag_usage\".\"tag_id\" where (\"tag_usage\".\"entity_id\" = ? and \"tag_usage\".\"entity_kind\" = ?) order by \"tag\".\"name\" asc"
        }
      ]
    }
  ]
}