{
  "events": [
    {
      "event": "call",
      "http_server_request": {
        "headers": {
          "Accept": "application/json, text/plain, */*",
          "Connection": "keep-alive",
          "User-Agent": "Mozilla/5.0 (Macintosh; Intel Mac OS X 10_15_7) AppleWebKit/537.36 (KHTML, like Gecko) Chrome/125.0.0.0 Safari/537.36",
          "Referer": "http://localhost:8080/application/50",
          "Sec-Fetch-Site": "same-origin",
          "Sec-Fetch-Dest": "empty",
          "Host": "localhost:8080",
          "Accept-Encoding": "gzip, deflate, br, zstd",
          "Sec-Fetch-Mode": "cors",
          "sec-ch-ua": "\"Brave\";v=\"125\", \"Chromium\";v=\"125\", \"Not.A/Brand\";v=\"24\"",
          "sec-ch-ua-mobile": "?0",
          "Cache-Control": "max-age=0",
          "sec-ch-ua-platform": "\"macOS\"",
          "If-Modified-Since": "0",
          "Sec-GPC": "1",
          "Accept-Language": "en-US,en"
        },
        "path_info": "/api/user/whoami",
        "protocol": "HTTP/1.1",
        "request_method": "GET"
      },
      "id": 1,
      "thread_id": 30
    },
    {
      "defined_class": "org.finos.waltz.web.endpoints.auth.JWTAuthenticationFilter",
      "event": "call",
      "id": 2,
      "lineno": 62,
      "method_id": "handle",
      "parameters": [
        {
          "class": "spark.http.matching.RequestWrapper",
          "kind": "req",
          "name": "request",
          "object_id": 2011214631,
          "value": "spark.Request@1309ff05"
        },
        {
          "class": "spark.http.matching.ResponseWrapper",
          "kind": "req",
          "name": "response",
          "object_id": 1731020897,
          "value": "spark.Response@1eaf739f"
        }
      ],
      "path": "waltz-web/src/main/java/org/finos/waltz/web/endpoints/auth/JWTAuthenticationFilter.java",
      "receiver": {
        "class": "org.finos.waltz.web.endpoints.auth.JWTAuthenticationFilter",
        "object_id": 1161636242,
        "value": "org.finos.waltz.web.endpoints.auth.JWTAuthenticationFilter@453d2992"
      },
      "static": false,
      "thread_id": 30
    },
    {
      "elapsed": 0.0000121,
      "event": "return",
      "id": 3,
      "parent_id": 2,
      "thread_id": 30
    },
    {
      "defined_class": "org.finos.waltz.web.endpoints.auth.AuthenticationUtilities",
      "event": "call",
      "id": 4,
      "lineno": 42,
      "method_id": "isAnonymous",
      "parameters": [
        {
          "class": "spark.http.matching.RequestWrapper",
          "kind": "req",
          "name": "request",
          "object_id": 2011214631,
          "value": "spark.Request@6ca482e6"
        }
      ],
      "path": "waltz-web/src/main/java/org/finos/waltz/web/endpoints/auth/AuthenticationUtilities.java",
      "static": true,
      "thread_id": 30
    },
    {
      "elapsed": 0.0001056,
      "event": "return",
      "id": 5,
      "parent_id": 4,
      "return_value": {
        "class": "java.lang.Boolean",
        "object_id": 1639612098,
        "value": "true"
      },
      "thread_id": 30
    },
    {
      "defined_class": "org.finos.waltz.model.user.ImmutableUser",
      "event": "call",
      "id": 6,
      "lineno": 42,
      "method_id": "userName",
      "path": "org/finos/waltz/model/user/ImmutableUser.java",
      "receiver": {
        "class": "org.finos.waltz.model.user.ImmutableUser",
        "object_id": 1083416546,
        "value": "User{userName=anonymous, roles=[]}"
      },
      "static": false,
      "thread_id": 30
    },
    {
      "elapsed": 0.0001549,
      "event": "return",
      "id": 7,
      "parent_id": 6,
      "return_value": {
        "class": "java.lang.String",
        "object_id": 1623543673,
        "value": "anonymous"
      },
      "thread_id": 30
    },
    {
      "defined_class": "org.finos.waltz.model.user.ImmutableUser",
      "event": "call",
      "id": 8,
      "lineno": 51,
      "method_id": "roles",
      "path": "org/finos/waltz/model/user/ImmutableUser.java",
      "receiver": {
        "class": "org.finos.waltz.model.user.ImmutableUser",
        "object_id": 1083416546,
        "value": "User{userName=anonymous, roles=[]}"
      },
      "static": false,
      "thread_id": 30
    },
    {
      "elapsed": 0.0000454,
      "event": "return",
      "id": 9,
      "parent_id": 8,
      "return_value": {
        "class": "java.util.Collections$EmptySet",
        "object_id": 1787396638,
        "value": "[]"
      },
      "thread_id": 30
    },
    {
      "elapsed": 0.0008961,
      "event": "return",
      "http_server_response": {
        "headers": {
          "Access-Control-Expose-Headers": "*",
          "Access-Control-Allow-Origin": "*",
          "Date": "Tue, 04 Jun 2024 17:35:47 GMT",
          "Content-Type": "application/json"
        },
        "status": 200
      },
      "id": 10,
      "parent_id": 1,
      "thread_id": 30
    }
  ],
  "version": "1.2",
  "metadata": {
    "name": "GET /api/user/whoami (200) - 17:35:47.714",
    "app": "waltz",
    "language": {
      "name": "java",
      "version": "17.0.8+9-LTS-211",
      "engine": "Java HotSpot(TM) 64-Bit Server VM"
    },
    "client": {
      "name": "appmap-java",
      "url": "https://github.com/appland/appmap-java"
    },
    "recorder": {
      "name": "request_recording",
      "type": "requests"
    },
    "recording": {},
    "git": {
      "repository": "git@github.com:land-of-apps/waltz.git",
      "branch": "master",
      "commit": "4843ed86d43213c400243d4cf09afe5318490c9e"
    }
  },
  "classMap": [
    {
      "children": [
        {
          "children": [
            {
              "children": [
                {
                  "children": [
                    {
                      "children": [
                        {
                          "children": [
                            {
                              "name": "userName",
                              "type": "function",
                              "static": false,
                              "location": "org/finos/waltz/model/user/ImmutableUser.java:42"
                            },
                            {
                              "name": "roles",
                              "type": "function",
                              "static": false,
                              "location": "org/finos/waltz/model/user/ImmutableUser.java:51"
                            }
                          ],
                          "name": "ImmutableUser",
                          "type": "class"
                        }
                      ],
                      "name": "user",
                      "type": "package"
                    }
                  ],
                  "name": "model",
                  "type": "package"
                },
                {
                  "children": [
                    {
                      "children": [
                        {
                          "children": [
                            {
                              "children": [
                                {
                                  "name": "isAnonymous",
                                  "type": "function",
                                  "static": true,
                                  "location": "waltz-web/src/main/java/org/finos/waltz/web/endpoints/auth/AuthenticationUtilities.java:42"
                                }
                              ],
                              "name": "AuthenticationUtilities",
                              "type": "class"
                            },
                            {
                              "children": [
                                {
                                  "name": "handle",
                                  "type": "function",
                                  "static": false,
                                  "location": "waltz-web/src/main/java/org/finos/waltz/web/endpoints/auth/JWTAuthenticationFilter.java:62"
                                }
                              ],
                              "name": "JWTAuthenticationFilter",
                              "type": "class"
                            }
                          ],
                          "name": "auth",
                          "type": "package"
                        }
                      ],
                      "name": "endpoints",
                      "type": "package"
                    }
                  ],
                  "name": "web",
                  "type": "package"
                }
              ],
              "name": "waltz",
              "type": "package"
            }
          ],
          "name": "finos",
          "type": "package"
        }
      ],
      "name": "org",
      "type": "package"
    },
    {
      "type": "http",
      "name": "HTTP server requests",
      "children": [
        {
          "type": "route",
          "name": "GET /api/user/whoami"
        }
      ]
    }
  ]
}