{"events":[{"event":"call","http_server_request":{"headers":{"Cookie":"appland_session=bFU5p0cvqrcXlz2oQfgEZG3%2BQjfds2AwmlOA%2Fx5fhQLjPvVHIKrHyvnbeq5nw8c5sME56znPsnpSSzB3nr%2BHfdk9sEC9MgOgNKjgjD8qlzGqDVuwRPr30ch96LWGIDwuITrAUwQGqlUw7%2Fdsq0tjrfHFPTlemq71kQtCAIi9JTRWo5tLPJlG%2F9JtfTuiWIfWg8X67ZkAOuaapIHdaA5w5QtwMr7h34LfseImCERQpzoz9xTqJYqSi2SJ9RE1eVw2jyYFG9IGPA4d1USUIXvAmeaMOQ9Z%2BDmKhiIRXve6%2BzO47%2F2RW1kaH2PND2r0EKz%2BaWMbrXswEaj2kjwx09pTJANR5arO0I9c2RelyrURJyvI%2FZ8OwnG99VyxbE2scovqFvxwhmhXr1KDOxpRle3VOJSpxXtFaDjv2TSSbtqGkIj4T51u58xasM4KbZUpapu5OQ5ENf%2FSMADW4DHmCrSQJ14SgVbNtrazlgwdph5p0AKax1l0Bw7j0jz2SGT9C5HMnzVyZdV59G6paFrgLqvtGuXdWr4VeJt2tPVftjki2S0LpmpTAacYMTeiz0JRvAUI2MTy5coFmozGwP2tYolztMsGb%2Bss8Pp0ZRYy8EsEs78L1J1nDMR5VCJ5yVhSq8JXZA7Misee05vblyt4OMHf9CA4AMzWpe2NbExRxiHuW%2Bkx%2F83vj%2Btrqn1QRG33cQUOn3jl8nfSuSLj5p0K5PYVYnXJu8E7RhAyqpC6J23a%2F8B4qsDAOrIrUYPQAWaYOsjd0i3Q5y49d77RlVc7zyyLJxFNVWLlYCD5BrfOMpyF2f9InowPEQei23xjT4UE0W3dXZP1xhk5wDvQ--zbb2b%2Flld908TQxF--8LcY2kn8%2BBw8bSaDiyP6LQ%3D%3D","Accept":"application/json, text/plain, */*","Connection":"keep-alive","User-Agent":"Mozilla/5.0 (Macintosh; Intel Mac OS X 10_15_7) AppleWebKit/537.36 (KHTML, like Gecko) Chrome/126.0.0.0 Safari/537.36","Referer":"http://localhost:8080/","Sec-Fetch-Site":"same-origin","Sec-Fetch-Dest":"empty","Host":"localhost:8080","Accept-Encoding":"gzip, deflate, br, zstd","Sec-Fetch-Mode":"cors","sec-ch-ua":"\"Not/A)Brand\";v=\"8\", \"Chromium\";v=\"126\", \"Google Chrome\";v=\"126\"","sec-ch-ua-mobile":"?0","Cache-Control":"max-age=0","sec-ch-ua-platform":"\"macOS\"","If-Modified-Since":"0","Accept-Language":"en-US,en;q=0.9"},"path_info":"/api/client-cache-key/all","protocol":"HTTP/1.1","request_method":"GET"},"id":85544,"thread_id":34},{"defined_class":"org.finos.waltz.web.endpoints.auth.JWTAuthenticationFilter","event":"call","id":85548,"lineno":62,"method_id":"handle","parameters":[{"class":"spark.http.matching.RequestWrapper","kind":"req","name":"request","object_id":501799636,"value":"spark.Request@10a1fc8e"},{"class":"spark.http.matching.ResponseWrapper","kind":"req","name":"response","object_id":651374871,"value":"spark.Response@32c9f0a8"}],"path":"waltz-web/src/main/java/org/finos/waltz/web/endpoints/auth/JWTAuthenticationFilter.java","receiver":{"class":"org.finos.waltz.web.endpoints.auth.JWTAuthenticationFilter","object_id":1016985344,"value":"org.finos.waltz.web.endpoints.auth.JWTAuthenticationFilter@3c9df700"},"static":false,"thread_id":34},{"elapsed":1.82E-5,"event":"return","id":85550,"parent_id":85548,"thread_id":34},{"defined_class":"org.finos.waltz.service.client_cache_key.ClientCacheKeyService","event":"call","id":85567,"lineno":48,"method_id":"findAll","path":"waltz-service/src/main/java/org/finos/waltz/service/client_cache_key/ClientCacheKeyService.java","receiver":{"class":"org.finos.waltz.service.client_cache_key.ClientCacheKeyService","object_id":1976846454,"value":"org.finos.waltz.service.client_cache_key.ClientCacheKeyService@75d44876"},"static":false,"thread_id":34},{"defined_class":"org.finos.waltz.data.client_cache_key.ClientCacheKeyDao","event":"call","id":85570,"lineno":58,"method_id":"findAll","path":"waltz-data/src/main/java/org/finos/waltz/data/client_cache_key/ClientCacheKeyDao.java","receiver":{"class":"org.finos.waltz.data.client_cache_key.ClientCacheKeyDao","object_id":1236286530,"value":"org.finos.waltz.data.client_cache_key.ClientCacheKeyDao@49b03c42"},"static":false,"thread_id":34},{"defined_class":"org.finos.waltz.schema.tables.ClientCacheKey","event":"call","id":85575,"lineno":144,"method_id":"fieldsRow","path":"org/finos/waltz/schema/tables/ClientCacheKey.java","receiver":{"class":"org.finos.waltz.schema.tables.ClientCacheKey","object_id":716531173,"value":"\"client_cache_key\""},"static":false,"thread_id":34},{"elapsed":2.22E-5,"event":"return","id":85581,"parent_id":85575,"return_value":{"class":"org.jooq.impl.RowImpl","object_id":1764536927,"value":"(\"client_cache_key\".\"key\", \"client_cache_key\".\"guid\", \"client_cache_key\".\"last_updated_at\")"},"thread_id":34},{"event":"call","id":85592,"sql_query":{"database_type":"PostgreSQL","sql":"select \"client_cache_key\".\"key\", \"client_cache_key\".\"guid\", \"client_cache_key\".\"last_updated_at\" from \"client_cache_key\""},"thread_id":34},{"elapsed":2.87E-5,"event":"return","id":85598,"parent_id":85592,"thread_id":34},{"defined_class":"org.finos.waltz.service.SlowQueryListener","event":"call","id":85600,"lineno":59,"method_id":"executeStart","parameters":[{"class":"org.jooq.impl.DefaultExecuteContext","kind":"req","name":"ctx","object_id":1447591396,"value":"org.jooq.impl.DefaultExecuteContext@56487de4"}],"path":"waltz-service/src/main/java/org/finos/waltz/service/SlowQueryListener.java","receiver":{"class":"org.finos.waltz.service.SlowQueryListener","object_id":1388633466,"value":"org.finos.waltz.service.SlowQueryListener@52c4dd7a"},"static":false,"thread_id":34},{"elapsed":3.0E-6,"event":"return","id":85602,"parent_id":85600,"thread_id":34},{"defined_class":"org.finos.waltz.service.SlowQueryListener","event":"call","id":85633,"lineno":66,"method_id":"executeEnd","parameters":[{"class":"org.jooq.impl.DefaultExecuteContext","kind":"req","name":"ctx","object_id":1447591396,"value":"org.jooq.impl.DefaultExecuteContext@56487de4"}],"path":"waltz-service/src/main/java/org/finos/waltz/service/SlowQueryListener.java","receiver":{"class":"org.finos.waltz.service.SlowQueryListener","object_id":1388633466,"value":"org.finos.waltz.service.SlowQueryListener@52c4dd7a"},"static":false,"thread_id":34},{"elapsed":5.3E-6,"event":"return","id":85635,"parent_id":85633,"thread_id":34},{"defined_class":"org.finos.waltz.schema.tables.ClientCacheKey","event":"call","id":85655,"lineno":144,"method_id":"fieldsRow","path":"org/finos/waltz/schema/tables/ClientCacheKey.java","receiver":{"class":"org.finos.waltz.schema.tables.ClientCacheKey","object_id":716531173,"value":"\"client_cache_key\""},"static":false,"thread_id":34},{"elapsed":5.1E-6,"event":"return","id":85657,"parent_id":85655,"return_value":{"class":"org.jooq.impl.RowImpl","object_id":1234349615,"value":"(\"client_cache_key\".\"key\", \"client_cache_key\".\"guid\", \"client_cache_key\".\"last_updated_at\")"},"thread_id":34},{"defined_class":"org.finos.waltz.schema.tables.ClientCacheKey","event":"call","id":85660,"lineno":144,"method_id":"fieldsRow","path":"org/finos/waltz/schema/tables/ClientCacheKey.java","receiver":{"class":"org.finos.waltz.schema.tables.ClientCacheKey","object_id":716531173,"value":"\"client_cache_key\""},"static":false,"thread_id":34},{"elapsed":1.78E-5,"event":"return","id":85665,"parent_id":85660,"return_value":{"class":"org.jooq.impl.RowImpl","object_id":883120901,"value":"(\"client_cache_key\".\"key\", \"client_cache_key\".\"guid\", \"client_cache_key\".\"last_updated_at\")"},"thread_id":34},{"defined_class":"org.finos.waltz.schema.tables.ClientCacheKey","event":"call","id":85666,"lineno":144,"method_id":"fieldsRow","path":"org/finos/waltz/schema/tables/ClientCacheKey.java","receiver":{"class":"org.finos.waltz.schema.tables.ClientCacheKey","object_id":716531173,"value":"\"client_cache_key\""},"static":false,"thread_id":34},{"elapsed":3.67E-5,"event":"return","id":85676,"parent_id":85666,"return_value":{"class":"org.jooq.impl.RowImpl","object_id":949070212,"value":"(\"client_cache_key\".\"key\", \"client_cache_key\".\"guid\", \"client_cache_key\".\"last_updated_at\")"},"thread_id":34},{"defined_class":"org.finos.waltz.model.client_cache_key.ImmutableClientCacheKey","event":"call","id":85679,"lineno":228,"method_id":"builder","path":"org/finos/waltz/model/client_cache_key/ImmutableClientCacheKey.java","static":true,"thread_id":34},{"elapsed":1.98E-5,"event":"return","id":85684,"parent_id":85679,"return_value":{"class":"org.finos.waltz.model.client_cache_key.ImmutableClientCacheKey$Builder","object_id":765674543,"value":"org.finos.waltz.model.client_cache_key.ImmutableClientCacheKey$Builder@2da3442f"},"thread_id":34},{"defined_class":"org.finos.waltz.model.client_cache_key.ImmutableClientCacheKey$Builder","event":"call","id":85685,"lineno":273,"method_id":"key","parameters":[{"class":"java.lang.String","kind":"req","name":"key","object_id":1906078818,"value":"TAXONOMY"}],"path":"org/finos/waltz/model/client_cache_key/ImmutableClientCacheKey.java","receiver":{"class":"org.finos.waltz.model.client_cache_key.ImmutableClientCacheKey$Builder","object_id":765674543,"value":"org.finos.waltz.model.client_cache_key.ImmutableClientCacheKey$Builder@2da3442f"},"static":false,"thread_id":34},{"elapsed":2.9E-6,"event":"return","id":85686,"parent_id":85685,"return_value":{"class":"org.finos.waltz.model.client_cache_key.ImmutableClientCacheKey$Builder","object_id":765674543,"value":"org.finos.waltz.model.client_cache_key.ImmutableClientCacheKey$Builder@2da3442f"},"thread_id":34},{"defined_class":"org.finos.waltz.model.client_cache_key.ImmutableClientCacheKey$Builder","event":"call","id":85694,"lineno":285,"method_id":"guid","parameters":[{"class":"java.lang.String","kind":"req","name":"guid","object_id":1607033383,"value":"c8817e20-6cfe-4c0b-9f34-357e82ad17b9"}],"path":"org/finos/waltz/model/client_cache_key/ImmutableClientCacheKey.java","receiver":{"class":"org.finos.waltz.model.client_cache_key.ImmutableClientCacheKey$Builder","object_id":765674543,"value":"org.finos.waltz.model.client_cache_key.ImmutableClientCacheKey$Builder@2da3442f"},"static":false,"thread_id":34},{"elapsed":1.58E-5,"event":"return","id":85697,"parent_id":85694,"return_value":{"class":"org.finos.waltz.model.client_cache_key.ImmutableClientCacheKey$Builder","object_id":765674543,"value":"org.finos.waltz.model.client_cache_key.ImmutableClientCacheKey$Builder@2da3442f"},"thread_id":34},{"defined_class":"org.finos.waltz.model.client_cache_key.ImmutableClientCacheKey$Builder","event":"call","id":85702,"lineno":298,"method_id":"lastUpdatedAt","parameters":[{"class":"java.time.LocalDateTime","kind":"req","name":"lastUpdatedAt","object_id":1780559315,"value":"2022-09-05T11:00:29.951"}],"path":"org/finos/waltz/model/client_cache_key/ImmutableClientCacheKey.java","receiver":{"class":"org.finos.waltz.model.client_cache_key.ImmutableClientCacheKey$Builder","object_id":765674543,"value":"org.finos.waltz.model.client_cache_key.ImmutableClientCacheKey$Builder@2da3442f"},"static":false,"thread_id":34},{"elapsed":4.1E-6,"event":"return","id":85704,"parent_id":85702,"return_value":{"class":"org.finos.waltz.model.client_cache_key.ImmutableClientCacheKey$Builder","object_id":765674543,"value":"org.finos.waltz.model.client_cache_key.ImmutableClientCacheKey$Builder@2da3442f"},"thread_id":34},{"defined_class":"org.finos.waltz.model.client_cache_key.ImmutableClientCacheKey$Builder","event":"call","id":85707,"lineno":308,"method_id":"build","path":"org/finos/waltz/model/client_cache_key/ImmutableClientCacheKey.java","receiver":{"class":"org.finos.waltz.model.client_cache_key.ImmutableClientCacheKey$Builder","object_id":765674543,"value":"org.finos.waltz.model.client_cache_key.ImmutableClientCacheKey$Builder@2da3442f"},"static":false,"thread_id":34},{"elapsed":1.26E-5,"event":"return","id":85710,"parent_id":85707,"return_value":{"class":"org.finos.waltz.model.client_cache_key.ImmutableClientCacheKey","object_id":1570016900,"value":"ClientCacheKey{key=TAXONOMY, guid=c8817e20-6cfe-4c0b-9f34-357e82ad17b9, lastUpdatedAt=2022-09-05T11:00:29.951}"},"thread_id":34},{"elapsed":5.97E-4,"event":"return","id":85711,"parent_id":85570,"return_value":{"class":"java.util.ArrayList","object_id":1337577008,"value":"[ClientCacheKey{key=TAXONOMY, guid=c8817e20-6cfe-4c0b-9f34-357e82ad17b9, lastUpdatedAt=2022-09-05T11:00:29.951}]"},"thread_id":34},{"elapsed":6.242E-4,"event":"return","id":85714,"parent_id":85567,"return_value":{"class":"java.util.ArrayList","object_id":1337577008,"value":"[ClientCacheKey{key=TAXONOMY, guid=c8817e20-6cfe-4c0b-9f34-357e82ad17b9, lastUpdatedAt=2022-09-05T11:00:29.951}]"},"thread_id":34},{"defined_class":"org.finos.waltz.model.client_cache_key.ImmutableClientCacheKey","event":"call","id":85718,"lineno":47,"method_id":"key","path":"org/finos/waltz/model/client_cache_key/ImmutableClientCacheKey.java","receiver":{"class":"org.finos.waltz.model.client_cache_key.ImmutableClientCacheKey","object_id":1570016900,"value":"ClientCacheKey{key=TAXONOMY, guid=c8817e20-6cfe-4c0b-9f34-357e82ad17b9, lastUpdatedAt=2022-09-05T11:00:29.951}"},"static":false,"thread_id":34},{"elapsed":4.8E-6,"event":"return","id":85720,"parent_id":85718,"return_value":{"class":"java.lang.String","object_id":1906078818,"value":"TAXONOMY"},"thread_id":34},{"defined_class":"org.finos.waltz.model.client_cache_key.ImmutableClientCacheKey","event":"call","id":85727,"lineno":56,"method_id":"guid","path":"org/finos/waltz/model/client_cache_key/ImmutableClientCacheKey.java","receiver":{"class":"org.finos.waltz.model.client_cache_key.ImmutableClientCacheKey","object_id":1570016900,"value":"ClientCacheKey{key=TAXONOMY, guid=c8817e20-6cfe-4c0b-9f34-357e82ad17b9, lastUpdatedAt=2022-09-05T11:00:29.951}"},"static":false,"thread_id":34},{"elapsed":2.03E-5,"event":"return","id":85732,"parent_id":85727,"return_value":{"class":"java.lang.String","object_id":1607033383,"value":"c8817e20-6cfe-4c0b-9f34-357e82ad17b9"},"thread_id":34},{"defined_class":"org.finos.waltz.model.client_cache_key.ImmutableClientCacheKey","event":"call","id":85735,"lineno":65,"method_id":"lastUpdatedAt","path":"org/finos/waltz/model/client_cache_key/ImmutableClientCacheKey.java","receiver":{"class":"org.finos.waltz.model.client_cache_key.ImmutableClientCacheKey","object_id":1570016900,"value":"ClientCacheKey{key=TAXONOMY, guid=c8817e20-6cfe-4c0b-9f34-357e82ad17b9, lastUpdatedAt=2022-09-05T11:00:29.951}"},"static":false,"thread_id":34},{"elapsed":3.6E-6,"event":"return","id":85737,"parent_id":85735,"return_value":{"class":"java.time.LocalDateTime","object_id":1780559315,"value":"2022-09-05T11:00:29.951"},"thread_id":34},{"elapsed":9.363E-4,"event":"return","http_server_response":{"headers":{"Access-Control-Expose-Headers":"*","Access-Control-Allow-Origin":"*","Date":"Tue, 23 Jul 2024 16:28:18 GMT","Content-Type":"application/json"},"status":200},"id":85752,"parent_id":85544,"thread_id":34}],"classMap":[{"children":[{"children":[{"children":[{"children":[{"children":[{"children":[{"labels":[],"location":"org/finos/waltz/model/client_cache_key/ImmutableClientCacheKey.java:273","name":"key","static":false,"type":"function"},{"labels":[],"location":"org/finos/waltz/model/client_cache_key/ImmutableClientCacheKey.java:298","name":"lastUpdatedAt","static":false,"type":"function"},{"labels":[],"location":"org/finos/waltz/model/client_cache_key/ImmutableClientCacheKey.java:308","name":"build","static":false,"type":"function"},{"labels":[],"location":"org/finos/waltz/model/client_cache_key/ImmutableClientCacheKey.java:285","name":"guid","static":false,"type":"function"}],"location":"org/finos/waltz/model/client_cache_key/ImmutableClientCacheKey.java","name":"ImmutableClientCacheKey$Builder","static":true,"type":"class"},{"children":[{"labels":[],"location":"org/finos/waltz/model/client_cache_key/ImmutableClientCacheKey.java:65","name":"lastUpdatedAt","static":false,"type":"function"},{"labels":[],"location":"org/finos/waltz/model/client_cache_key/ImmutableClientCacheKey.java:47","name":"key","static":false,"type":"function"},{"labels":[],"location":"org/finos/waltz/model/client_cache_key/ImmutableClientCacheKey.java:228","name":"builder","static":true,"type":"function"},{"labels":[],"location":"org/finos/waltz/model/client_cache_key/ImmutableClientCacheKey.java:56","name":"guid","static":false,"type":"function"}],"location":"org/finos/waltz/model/client_cache_key/ImmutableClientCacheKey.java","name":"ImmutableClientCacheKey","static":false,"type":"class"}],"name":"client_cache_key","type":"package"}],"name":"model","type":"package"},{"children":[{"children":[{"children":[{"labels":[],"location":"waltz-service/src/main/java/org/finos/waltz/service/client_cache_key/ClientCacheKeyService.java:48","name":"findAll","static":false,"type":"function"}],"location":"waltz-service/src/main/java/org/finos/waltz/service/client_cache_key/ClientCacheKeyService.java","name":"ClientCacheKeyService","static":false,"type":"class"}],"name":"client_cache_key","type":"package"},{"children":[{"labels":[],"location":"waltz-service/src/main/java/org/finos/waltz/service/SlowQueryListener.java:66","name":"executeEnd","static":false,"type":"function"},{"labels":[],"location":"waltz-service/src/main/java/org/finos/waltz/service/SlowQueryListener.java:59","name":"executeStart","static":false,"type":"function"}],"location":"waltz-service/src/main/java/org/finos/waltz/service/SlowQueryListener.java","name":"SlowQueryListener","static":false,"type":"class"}],"name":"service","type":"package"},{"children":[{"children":[{"children":[{"labels":[],"location":"waltz-data/src/main/java/org/finos/waltz/data/client_cache_key/ClientCacheKeyDao.java:58","name":"findAll","static":false,"type":"function"}],"location":"waltz-data/src/main/java/org/finos/waltz/data/client_cache_key/ClientCacheKeyDao.java","name":"ClientCacheKeyDao","static":false,"type":"class"}],"name":"client_cache_key","type":"package"}],"name":"data","type":"package"},{"children":[{"children":[{"children":[{"children":[{"labels":[],"location":"waltz-web/src/main/java/org/finos/waltz/web/endpoints/auth/JWTAuthenticationFilter.java:62","name":"handle","static":false,"type":"function"}],"location":"waltz-web/src/main/java/org/finos/waltz/web/endpoints/auth/JWTAuthenticationFilter.java","name":"JWTAuthenticationFilter","static":false,"type":"class"}],"name":"auth","type":"package"}],"name":"endpoints","type":"package"}],"name":"web","type":"package"},{"children":[{"children":[{"children":[{"labels":[],"location":"org/finos/waltz/schema/tables/ClientCacheKey.java:144","name":"fieldsRow","static":false,"type":"function"}],"location":"org/finos/waltz/schema/tables/ClientCacheKey.java","name":"ClientCacheKey","static":false,"type":"class"}],"name":"tables","type":"package"}],"name":"schema","type":"package"}],"name":"waltz","type":"package"}],"name":"finos","type":"package"}],"name":"org","type":"package"}],"version":"1.2","metadata":{"name":"GET /api/client-cache-key/all (200) - 16:28:18.418","app":"waltz","language":{"name":"java","version":"17.0.8+9-LTS-211","engine":"Java HotSpot(TM) 64-Bit Server VM"},"client":{"name":"appmap-java","url":"https://github.com/appland/appmap-java"},"recorder":{"name":"request_recording","type":"requests"},"recording":{},"git":{"repository":"git@github.com:land-of-apps/waltz.git","branch":"master","commit":"dde8a3935468f53fce15c81945a61208a9a291f3"}},"eventUpdates":{}}