{"events":[{"event":"call","http_server_request":{"headers":{"Cookie":"appland_session=bFU5p0cvqrcXlz2oQfgEZG3%2BQjfds2AwmlOA%2Fx5fhQLjPvVHIKrHyvnbeq5nw8c5sME56znPsnpSSzB3nr%2BHfdk9sEC9MgOgNKjgjD8qlzGqDVuwRPr30ch96LWGIDwuITrAUwQGqlUw7%2Fdsq0tjrfHFPTlemq71kQtCAIi9JTRWo5tLPJlG%2F9JtfTuiWIfWg8X67ZkAOuaapIHdaA5w5QtwMr7h34LfseImCERQpzoz9xTqJYqSi2SJ9RE1eVw2jyYFG9IGPA4d1USUIXvAmeaMOQ9Z%2BDmKhiIRXve6%2BzO47%2F2RW1kaH2PND2r0EKz%2BaWMbrXswEaj2kjwx09pTJANR5arO0I9c2RelyrURJyvI%2FZ8OwnG99VyxbE2scovqFvxwhmhXr1KDOxpRle3VOJSpxXtFaDjv2TSSbtqGkIj4T51u58xasM4KbZUpapu5OQ5ENf%2FSMADW4DHmCrSQJ14SgVbNtrazlgwdph5p0AKax1l0Bw7j0jz2SGT9C5HMnzVyZdV59G6paFrgLqvtGuXdWr4VeJt2tPVftjki2S0LpmpTAacYMTeiz0JRvAUI2MTy5coFmozGwP2tYolztMsGb%2Bss8Pp0ZRYy8EsEs78L1J1nDMR5VCJ5yVhSq8JXZA7Misee05vblyt4OMHf9CA4AMzWpe2NbExRxiHuW%2Bkx%2F83vj%2Btrqn1QRG33cQUOn3jl8nfSuSLj5p0K5PYVYnXJu8E7RhAyqpC6J23a%2F8B4qsDAOrIrUYPQAWaYOsjd0i3Q5y49d77RlVc7zyyLJxFNVWLlYCD5BrfOMpyF2f9InowPEQei23xjT4UE0W3dXZP1xhk5wDvQ--zbb2b%2Flld908TQxF--8LcY2kn8%2BBw8bSaDiyP6LQ%3D%3D","Accept":"image/avif,image/webp,image/apng,image/svg+xml,image/*,*/*;q=0.8","Connection":"keep-alive","User-Agent":"Mozilla/5.0 (Macintosh; Intel Mac OS X 10_15_7) AppleWebKit/537.36 (KHTML, like Gecko) Chrome/126.0.0.0 Safari/537.36","Referer":"http://localhost:8080/org-units","Sec-Fetch-Site":"same-origin","Sec-Fetch-Dest":"image","Host":"localhost:8080","Accept-Encoding":"gzip, deflate, br, zstd","Sec-Fetch-Mode":"no-cors","sec-ch-ua":"\"Not/A)Brand\";v=\"8\", \"Chromium\";v=\"126\", \"Google Chrome\";v=\"126\"","sec-ch-ua-mobile":"?0","sec-ch-ua-platform":"\"macOS\"","Accept-Language":"en-US,en;q=0.9"},"path_info":"/b47eae0d8c49a6bd71e6.png","protocol":"HTTP/1.1","request_method":"GET"},"id":93647,"thread_id":40},{"defined_class":"org.finos.waltz.web.endpoints.api.StaticResourcesEndpoint","event":"call","id":93648,"lineno":170,"method_id":"resolvePath","parameters":[{"class":"spark.http.matching.RequestWrapper","kind":"req","name":"request","object_id":255508255,"value":"spark.Request@45cfd6cd"}],"path":"waltz-web/src/main/java/org/finos/waltz/web/endpoints/api/StaticResourcesEndpoint.java","receiver":{"class":"org.finos.waltz.web.endpoints.api.StaticResourcesEndpoint","object_id":551183701,"value":"org.finos.waltz.web.endpoints.api.StaticResourcesEndpoint@20da6555"},"static":false,"thread_id":40},{"elapsed":3.08E-4,"event":"return","id":93650,"parent_id":93648,"return_value":{"class":"java.lang.String","object_id":212737027,"value":"static/b47eae0d8c49a6bd71e6.png"},"thread_id":40},{"defined_class":"org.finos.waltz.web.WebUtilities","event":"call","id":93667,"lineno":337,"method_id":"getMimeType","parameters":[{"class":"java.lang.String","kind":"req","name":"path","object_id":212737027,"value":"static/b47eae0d8c49a6bd71e6.png"}],"path":"waltz-web/src/main/java/org/finos/waltz/web/WebUtilities.java","static":true,"thread_id":40},{"defined_class":"org.finos.waltz.common.ObjectUtilities","event":"call","id":93668,"lineno":34,"method_id":"firstNotNull","parameters":[{"class":"[Ljava.lang.String;","kind":"req","name":"ts","object_id":153373124,"value":"[Ljava.lang.String;@92449c4"}],"path":"waltz-common/src/main/java/org/finos/waltz/common/ObjectUtilities.java","static":true,"thread_id":40},{"elapsed":1.2E-5,"event":"return","id":93669,"parent_id":93668,"return_value":{"class":"java.lang.String","object_id":1860911015,"value":"image/png"},"thread_id":40},{"elapsed":2.83E-5,"event":"return","id":93670,"parent_id":93667,"return_value":{"class":"java.lang.String","object_id":1860911015,"value":"image/png"},"thread_id":40},{"defined_class":"org.finos.waltz.web.endpoints.api.StaticResourcesEndpoint","event":"call","id":93671,"lineno":107,"method_id":"addCacheHeadersIfNeeded","parameters":[{"class":"spark.http.matching.ResponseWrapper","kind":"req","name":"response","object_id":1404886456,"value":"spark.Response@2f0e8dc8"},{"class":"java.lang.String","kind":"req","name":"resolvedPath","object_id":212737027,"value":"static/b47eae0d8c49a6bd71e6.png"}],"path":"waltz-web/src/main/java/org/finos/waltz/web/endpoints/api/StaticResourcesEndpoint.java","receiver":{"class":"org.finos.waltz.web.endpoints.api.StaticResourcesEndpoint","object_id":551183701,"value":"org.finos.waltz.web.endpoints.api.StaticResourcesEndpoint@20da6555"},"static":false,"thread_id":40},{"elapsed":4.7E-6,"event":"return","id":93672,"parent_id":93671,"thread_id":40},{"defined_class":"org.finos.waltz.web.endpoints.api.StaticResourcesEndpoint","event":"call","id":93674,"lineno":126,"method_id":"modifyIndexBaseTagIfNeeded","parameters":[{"class":"spark.http.matching.RequestWrapper","kind":"req","name":"request","object_id":255508255,"value":"spark.Request@45cfd6cd"},{"class":"java.lang.String","kind":"req","name":"resolvedPath","object_id":212737027,"value":"static/b47eae0d8c49a6bd71e6.png"},{"class":"java.io.BufferedInputStream","kind":"req","name":"resourceStream","object_id":348933978,"value":"java.io.BufferedInputStream@14cc4f5a"}],"path":"waltz-web/src/main/java/org/finos/waltz/web/endpoints/api/StaticResourcesEndpoint.java","receiver":{"class":"org.finos.waltz.web.endpoints.api.StaticResourcesEndpoint","object_id":551183701,"value":"org.finos.waltz.web.endpoints.api.StaticResourcesEndpoint@20da6555"},"static":false,"thread_id":40},{"elapsed":1.11E-5,"event":"return","id":93675,"parent_id":93674,"return_value":{"class":"java.io.BufferedInputStream","object_id":348933978,"value":"java.io.BufferedInputStream@14cc4f5a"},"thread_id":40},{"defined_class":"org.finos.waltz.common.IOUtilities","event":"call","id":93677,"lineno":54,"method_id":"copyStream","parameters":[{"class":"java.io.BufferedInputStream","kind":"req","name":"input","object_id":348933978,"value":"java.io.BufferedInputStream@14cc4f5a"},{"class":"org.eclipse.jetty.server.HttpOutput","kind":"req","name":"output","object_id":458300445,"value":"HttpOutput@1b511c1d{s=OPEN,api=BLOCKING,sc=false,e=null}"}],"path":"waltz-common/src/main/java/org/finos/waltz/common/IOUtilities.java","static":true,"thread_id":40},{"defined_class":"org.finos.waltz.common.Checks","event":"call","id":93678,"lineno":37,"method_id":"checkNotNull","parameters":[{"class":"java.io.BufferedInputStream","kind":"req","name":"t","object_id":348933978,"value":"java.io.BufferedInputStream@14cc4f5a"},{"class":"java.lang.String","kind":"req","name":"message","object_id":384607547,"value":"Input stream cannot be null"},{"class":"[Ljava.lang.Object;","kind":"req","name":"args","object_id":1057840750,"value":"[Ljava.lang.Object;@3f0d5e6e"}],"path":"waltz-common/src/main/java/org/finos/waltz/common/Checks.java","static":true,"thread_id":40},{"defined_class":"org.finos.waltz.common.Checks","event":"call","id":93679,"lineno":85,"method_id":"checkTrue","parameters":[{"class":"java.lang.Boolean","kind":"req","name":"b","object_id":1741409773,"value":"true"},{"class":"java.lang.String","kind":"req","name":"msg","object_id":384607547,"value":"Input stream cannot be null"},{"class":"[Ljava.lang.Object;","kind":"req","name":"args","object_id":1057840750,"value":"[Ljava.lang.Object;@3f0d5e6e"}],"path":"waltz-common/src/main/java/org/finos/waltz/common/Checks.java","static":true,"thread_id":40},{"elapsed":6.3E-6,"event":"return","id":93680,"parent_id":93679,"thread_id":40},{"elapsed":0.0018092,"event":"return","id":93681,"parent_id":93678,"return_value":{"class":"java.io.BufferedInputStream","object_id":348933978,"value":"java.io.BufferedInputStream@14cc4f5a"},"thread_id":40},{"defined_class":"org.finos.waltz.common.Checks","event":"call","id":93682,"lineno":37,"method_id":"checkNotNull","parameters":[{"class":"org.eclipse.jetty.server.HttpOutput","kind":"req","name":"t","object_id":458300445,"value":"HttpOutput@1b511c1d{s=OPEN,api=BLOCKING,sc=false,e=null}"},{"class":"java.lang.String","kind":"req","name":"message","object_id":558176083,"value":"Output stream cannot be null"},{"class":"[Ljava.lang.Object;","kind":"req","name":"args","object_id":174658858,"value":"[Ljava.lang.Object;@a69152a"}],"path":"waltz-common/src/main/java/org/finos/waltz/common/Checks.java","static":true,"thread_id":40},{"defined_class":"org.finos.waltz.common.Checks","event":"call","id":93683,"lineno":85,"method_id":"checkTrue","parameters":[{"class":"java.lang.Boolean","kind":"req","name":"b","object_id":1741409773,"value":"true"},{"class":"java.lang.String","kind":"req","name":"msg","object_id":558176083,"value":"Output stream cannot be null"},{"class":"[Ljava.lang.Object;","kind":"req","name":"args","object_id":174658858,"value":"[Ljava.lang.Object;@a69152a"}],"path":"waltz-common/src/main/java/org/finos/waltz/common/Checks.java","static":true,"thread_id":40},{"elapsed":1.09E-5,"event":"return","id":93684,"parent_id":93683,"thread_id":40},{"elapsed":2.04E-5,"event":"return","id":93685,"parent_id":93682,"return_value":{"class":"org.eclipse.jetty.server.HttpOutput","object_id":458300445,"value":"HttpOutput@1b511c1d{s=OPEN,api=BLOCKING,sc=false,e=null}"},"thread_id":40},{"elapsed":0.0019165,"event":"return","id":93686,"parent_id":93677,"thread_id":40},{"elapsed":0.0030261,"event":"return","http_server_response":{"headers":{"Access-Control-Expose-Headers":"*","Cache-Control":"max-age=2592000","Access-Control-Allow-Origin":"*","Date":"Tue, 23 Jul 2024 16:28:21 GMT","Content-Type":"image/png"},"status":200},"id":93689,"parent_id":93647,"thread_id":40}],"classMap":[{"children":[{"children":[{"children":[{"children":[{"children":[{"labels":[],"location":"waltz-common/src/main/java/org/finos/waltz/common/IOUtilities.java:54","name":"copyStream","static":true,"type":"function"}],"location":"waltz-common/src/main/java/org/finos/waltz/common/IOUtilities.java","name":"IOUtilities","static":false,"type":"class"},{"children":[{"labels":[],"location":"waltz-common/src/main/java/org/finos/waltz/common/Checks.java:85","name":"checkTrue","static":true,"type":"function"},{"labels":[],"location":"waltz-common/src/main/java/org/finos/waltz/common/Checks.java:37","name":"checkNotNull","static":true,"type":"function"}],"location":"waltz-common/src/main/java/org/finos/waltz/common/Checks.java","name":"Checks","static":false,"type":"class"},{"children":[{"labels":[],"location":"waltz-common/src/main/java/org/finos/waltz/common/ObjectUtilities.java:34","name":"firstNotNull","static":true,"type":"function"}],"location":"waltz-common/src/main/java/org/finos/waltz/common/ObjectUtilities.java","name":"ObjectUtilities","static":false,"type":"class"}],"name":"common","type":"package"},{"children":[{"children":[{"children":[{"children":[{"labels":[],"location":"waltz-web/src/main/java/org/finos/waltz/web/endpoints/api/StaticResourcesEndpoint.java:170","name":"resolvePath","static":false,"type":"function"},{"labels":[],"location":"waltz-web/src/main/java/org/finos/waltz/web/endpoints/api/StaticResourcesEndpoint.java:107","name":"addCacheHeadersIfNeeded","static":false,"type":"function"},{"labels":[],"location":"waltz-web/src/main/java/org/finos/waltz/web/endpoints/api/StaticResourcesEndpoint.java:126","name":"modifyIndexBaseTagIfNeeded","static":false,"type":"function"}],"location":"waltz-web/src/main/java/org/finos/waltz/web/endpoints/api/StaticResourcesEndpoint.java","name":"StaticResourcesEndpoint","static":false,"type":"class"}],"name":"api","type":"package"}],"name":"endpoints","type":"package"},{"children":[{"labels":[],"location":"waltz-web/src/main/java/org/finos/waltz/web/WebUtilities.java:337","name":"getMimeType","static":true,"type":"function"}],"location":"waltz-web/src/main/java/org/finos/waltz/web/WebUtilities.java","name":"WebUtilities","static":false,"type":"class"}],"name":"web","type":"package"}],"name":"waltz","type":"package"}],"name":"finos","type":"package"}],"name":"org","type":"package"}],"version":"1.2","metadata":{"name":"GET /b47eae0d8c49a6bd71e6.png (200) - 16:28:21.530","app":"waltz","language":{"name":"java","version":"17.0.8+9-LTS-211","engine":"Java HotSpot(TM) 64-Bit Server VM"},"client":{"name":"appmap-java","url":"https://github.com/appland/appmap-java"},"recorder":{"name":"request_recording","type":"requests"},"recording":{},"git":{"repository":"git@github.com:land-of-apps/waltz.git","branch":"master","commit":"dde8a3935468f53fce15c81945a61208a9a291f3"}},"eventUpdates":{}}