{"events":[{"event":"call","http_server_request":{"headers":{"Cookie":"appland_session=bFU5p0cvqrcXlz2oQfgEZG3%2BQjfds2AwmlOA%2Fx5fhQLjPvVHIKrHyvnbeq5nw8c5sME56znPsnpSSzB3nr%2BHfdk9sEC9MgOgNKjgjD8qlzGqDVuwRPr30ch96LWGIDwuITrAUwQGqlUw7%2Fdsq0tjrfHFPTlemq71kQtCAIi9JTRWo5tLPJlG%2F9JtfTuiWIfWg8X67ZkAOuaapIHdaA5w5QtwMr7h34LfseImCERQpzoz9xTqJYqSi2SJ9RE1eVw2jyYFG9IGPA4d1USUIXvAmeaMOQ9Z%2BDmKhiIRXve6%2BzO47%2F2RW1kaH2PND2r0EKz%2BaWMbrXswEaj2kjwx09pTJANR5arO0I9c2RelyrURJyvI%2FZ8OwnG99VyxbE2scovqFvxwhmhXr1KDOxpRle3VOJSpxXtFaDjv2TSSbtqGkIj4T51u58xasM4KbZUpapu5OQ5ENf%2FSMADW4DHmCrSQJ14SgVbNtrazlgwdph5p0AKax1l0Bw7j0jz2SGT9C5HMnzVyZdV59G6paFrgLqvtGuXdWr4VeJt2tPVftjki2S0LpmpTAacYMTeiz0JRvAUI2MTy5coFmozGwP2tYolztMsGb%2Bss8Pp0ZRYy8EsEs78L1J1nDMR5VCJ5yVhSq8JXZA7Misee05vblyt4OMHf9CA4AMzWpe2NbExRxiHuW%2Bkx%2F83vj%2Btrqn1QRG33cQUOn3jl8nfSuSLj5p0K5PYVYnXJu8E7RhAyqpC6J23a%2F8B4qsDAOrIrUYPQAWaYOsjd0i3Q5y49d77RlVc7zyyLJxFNVWLlYCD5BrfOMpyF2f9InowPEQei23xjT4UE0W3dXZP1xhk5wDvQ--zbb2b%2Flld908TQxF--8LcY2kn8%2BBw8bSaDiyP6LQ%3D%3D","Accept":"application/json, text/plain, */*","Connection":"keep-alive","User-Agent":"Mozilla/5.0 (Macintosh; Intel Mac OS X 10_15_7) AppleWebKit/537.36 (KHTML, like Gecko) Chrome/126.0.0.0 Safari/537.36","Referer":"http://localhost:8080/","Sec-Fetch-Site":"same-origin","Sec-Fetch-Dest":"empty","Host":"localhost:8080","Accept-Encoding":"gzip, deflate, br, zstd","Sec-Fetch-Mode":"cors","sec-ch-ua":"\"Not/A)Brand\";v=\"8\", \"Chromium\";v=\"126\", \"Google Chrome\";v=\"126\"","sec-ch-ua-mobile":"?0","Cache-Control":"max-age=0","sec-ch-ua-platform":"\"macOS\"","If-Modified-Since":"0","Accept-Language":"en-US,en;q=0.9"},"path_info":"/api/static-panel/group","protocol":"HTTP/1.1","request_method":"GET"},"id":91277,"thread_id":42},{"defined_class":"org.finos.waltz.web.endpoints.auth.JWTAuthenticationFilter","event":"call","id":91284,"lineno":62,"method_id":"handle","parameters":[{"class":"spark.http.matching.RequestWrapper","kind":"req","name":"request","object_id":1315722460,"value":"spark.Request@50210d8c"},{"class":"spark.http.matching.ResponseWrapper","kind":"req","name":"response","object_id":2011441714,"value":"spark.Response@59a6b9f1"}],"path":"waltz-web/src/main/java/org/finos/waltz/web/endpoints/auth/JWTAuthenticationFilter.java","receiver":{"class":"org.finos.waltz.web.endpoints.auth.JWTAuthenticationFilter","object_id":1016985344,"value":"org.finos.waltz.web.endpoints.auth.JWTAuthenticationFilter@3c9df700"},"static":false,"thread_id":42},{"elapsed":6.674E-4,"event":"return","id":91301,"parent_id":91284,"thread_id":42},{"defined_class":"org.finos.waltz.service.static_panel.StaticPanelService","event":"call","id":91303,"lineno":45,"method_id":"findByGroups","parameters":[{"class":"[Ljava.lang.String;","kind":"req","name":"groups","object_id":1975569581,"value":"[Ljava.lang.String;@75c0ccad"}],"path":"waltz-service/src/main/java/org/finos/waltz/service/static_panel/StaticPanelService.java","receiver":{"class":"org.finos.waltz.service.static_panel.StaticPanelService","object_id":567878467,"value":"org.finos.waltz.service.static_panel.StaticPanelService@21d92343"},"static":false,"thread_id":42},{"defined_class":"org.finos.waltz.common.ArrayUtilities","event":"call","id":91318,"lineno":53,"method_id":"isEmpty","parameters":[{"class":"[Ljava.lang.String;","kind":"req","name":"arr","object_id":1975569581,"value":"[Ljava.lang.String;@75c0ccad"}],"path":"waltz-common/src/main/java/org/finos/waltz/common/ArrayUtilities.java","static":true,"thread_id":42},{"elapsed":4.93E-5,"event":"return","id":91326,"parent_id":91318,"return_value":{"class":"java.lang.Boolean","object_id":1341801146,"value":"false"},"thread_id":42},{"defined_class":"org.finos.waltz.data.static_panel.StaticPanelDao","event":"call","id":91327,"lineno":67,"method_id":"findByGroups","parameters":[{"class":"[Ljava.lang.String;","kind":"req","name":"groups","object_id":1975569581,"value":"[Ljava.lang.String;@75c0ccad"}],"path":"waltz-data/src/main/java/org/finos/waltz/data/static_panel/StaticPanelDao.java","receiver":{"class":"org.finos.waltz.data.static_panel.StaticPanelDao","object_id":1389521764,"value":"org.finos.waltz.data.static_panel.StaticPanelDao@52d26b64"},"static":false,"thread_id":42},{"defined_class":"org.finos.waltz.schema.tables.StaticPanel","event":"call","id":91346,"lineno":174,"method_id":"fieldsRow","path":"org/finos/waltz/schema/tables/StaticPanel.java","receiver":{"class":"org.finos.waltz.schema.tables.StaticPanel","object_id":1726157638,"value":"\"static_panel\""},"static":false,"thread_id":42},{"elapsed":2.97E-5,"event":"return","id":91350,"parent_id":91346,"return_value":{"class":"org.jooq.impl.RowImpl","object_id":597941661,"value":"(\"static_panel\".\"id\", \"static_panel\".\"group\", \"static_panel\".\"title\", \"static_panel\".\"icon\", \"static_panel\".\"priority\", \"static_panel\".\"width\", \"static_panel\".\"encoding\", \"static_panel\".\"content\")"},"thread_id":42},{"event":"call","id":91360,"sql_query":{"database_type":"PostgreSQL","sql":"select \"static_panel\".\"id\", \"static_panel\".\"group\", \"static_panel\".\"title\", \"static_panel\".\"icon\", \"static_panel\".\"priority\", \"static_panel\".\"width\", \"static_panel\".\"encoding\", \"static_panel\".\"content\" from \"static_panel\" where \"static_panel\".\"group\" in (?) order by \"static_panel\".\"priority\" asc"},"thread_id":42},{"elapsed":2.59E-5,"event":"return","id":91361,"parent_id":91360,"thread_id":42},{"defined_class":"org.finos.waltz.service.SlowQueryListener","event":"call","id":91362,"lineno":59,"method_id":"executeStart","parameters":[{"class":"org.jooq.impl.DefaultExecuteContext","kind":"req","name":"ctx","object_id":2075588872,"value":"org.jooq.impl.DefaultExecuteContext@7bb6f908"}],"path":"waltz-service/src/main/java/org/finos/waltz/service/SlowQueryListener.java","receiver":{"class":"org.finos.waltz.service.SlowQueryListener","object_id":1388633466,"value":"org.finos.waltz.service.SlowQueryListener@52c4dd7a"},"static":false,"thread_id":42},{"elapsed":5.4E-6,"event":"return","id":91363,"parent_id":91362,"thread_id":42},{"defined_class":"org.finos.waltz.service.SlowQueryListener","event":"call","id":91434,"lineno":66,"method_id":"executeEnd","parameters":[{"class":"org.jooq.impl.DefaultExecuteContext","kind":"req","name":"ctx","object_id":2075588872,"value":"org.jooq.impl.DefaultExecuteContext@7bb6f908"}],"path":"waltz-service/src/main/java/org/finos/waltz/service/SlowQueryListener.java","receiver":{"class":"org.finos.waltz.service.SlowQueryListener","object_id":1388633466,"value":"org.finos.waltz.service.SlowQueryListener@52c4dd7a"},"static":false,"thread_id":42},{"elapsed":1.314E-4,"event":"return","id":91447,"parent_id":91434,"thread_id":42},{"defined_class":"org.finos.waltz.schema.tables.StaticPanel","event":"call","id":91475,"lineno":174,"method_id":"fieldsRow","path":"org/finos/waltz/schema/tables/StaticPanel.java","receiver":{"class":"org.finos.waltz.schema.tables.StaticPanel","object_id":1726157638,"value":"\"static_panel\""},"static":false,"thread_id":42},{"elapsed":7.36E-5,"event":"return","id":91476,"parent_id":91475,"return_value":{"class":"org.jooq.impl.RowImpl","object_id":397651646,"value":"(\"static_panel\".\"id\", \"static_panel\".\"group\", \"static_panel\".\"title\", \"static_panel\".\"icon\", \"static_panel\".\"priority\", \"static_panel\".\"width\", \"static_panel\".\"encoding\", \"static_panel\".\"content\")"},"thread_id":42},{"defined_class":"org.finos.waltz.schema.tables.StaticPanel","event":"call","id":91477,"lineno":174,"method_id":"fieldsRow","path":"org/finos/waltz/schema/tables/StaticPanel.java","receiver":{"class":"org.finos.waltz.schema.tables.StaticPanel","object_id":1726157638,"value":"\"static_panel\""},"static":false,"thread_id":42},{"elapsed":2.84E-5,"event":"return","id":91478,"parent_id":91477,"return_value":{"class":"org.jooq.impl.RowImpl","object_id":1692773697,"value":"(\"static_panel\".\"id\", \"static_panel\".\"group\", \"static_panel\".\"title\", \"static_panel\".\"icon\", \"static_panel\".\"priority\", \"static_panel\".\"width\", \"static_panel\".\"encoding\", \"static_panel\".\"content\")"},"thread_id":42},{"defined_class":"org.finos.waltz.schema.tables.StaticPanel","event":"call","id":91479,"lineno":174,"method_id":"fieldsRow","path":"org/finos/waltz/schema/tables/StaticPanel.java","receiver":{"class":"org.finos.waltz.schema.tables.StaticPanel","object_id":1726157638,"value":"\"static_panel\""},"static":false,"thread_id":42},{"elapsed":1.27E-5,"event":"return","id":91480,"parent_id":91479,"return_value":{"class":"org.jooq.impl.RowImpl","object_id":1503120245,"value":"(\"static_panel\".\"id\", \"static_panel\".\"group\", \"static_panel\".\"title\", \"static_panel\".\"icon\", \"static_panel\".\"priority\", \"static_panel\".\"width\", \"static_panel\".\"encoding\", \"static_panel\".\"content\")"},"thread_id":42},{"defined_class":"org.finos.waltz.model.staticpanel.ImmutableStaticPanel","event":"call","id":91481,"lineno":539,"method_id":"builder","path":"org/finos/waltz/model/staticpanel/ImmutableStaticPanel.java","static":true,"thread_id":42},{"elapsed":1.27E-5,"event":"return","id":91482,"parent_id":91481,"return_value":{"class":"org.finos.waltz.model.staticpanel.ImmutableStaticPanel$Builder","object_id":354752502,"value":"org.finos.waltz.model.staticpanel.ImmutableStaticPanel$Builder@152517f6"},"thread_id":42},{"defined_class":"org.finos.waltz.model.staticpanel.ImmutableStaticPanel$Builder","event":"call","id":91483,"lineno":624,"method_id":"id","parameters":[{"class":"java.lang.Long","kind":"req","name":"id","object_id":1249143182,"value":"4"}],"path":"org/finos/waltz/model/staticpanel/ImmutableStaticPanel.java","receiver":{"class":"org.finos.waltz.model.staticpanel.ImmutableStaticPanel$Builder","object_id":354752502,"value":"org.finos.waltz.model.staticpanel.ImmutableStaticPanel$Builder@152517f6"},"static":false,"thread_id":42},{"elapsed":3.9E-6,"event":"return","id":91484,"parent_id":91483,"return_value":{"class":"org.finos.waltz.model.staticpanel.ImmutableStaticPanel$Builder","object_id":354752502,"value":"org.finos.waltz.model.staticpanel.ImmutableStaticPanel$Builder@152517f6"},"thread_id":42},{"defined_class":"org.finos.waltz.model.staticpanel.ImmutableStaticPanel$Builder","event":"call","id":91485,"lineno":680,"method_id":"content","parameters":[{"class":"java.lang.String","kind":"req","name":"content","object_id":527011250,"value":"This is a demo instance of Waltz. It is based on the **1.47** Release of Waltz (Jan 2023)\n\nFor more information checkout out [Github page](https://github.com/finos/waltz)\n\nSee the [Introducing Waltz](https://waltz.finos.org/blog/waltz/2021/02/03/waltz-1-30.html) introductory screencast."}],"path":"org/finos/waltz/model/staticpanel/ImmutableStaticPanel.java","receiver":{"class":"org.finos.waltz.model.staticpanel.ImmutableStaticPanel$Builder","object_id":354752502,"value":"org.finos.waltz.model.staticpanel.ImmutableStaticPanel$Builder@152517f6"},"static":false,"thread_id":42},{"elapsed":3.0E-6,"event":"return","id":91488,"parent_id":91485,"return_value":{"class":"org.finos.waltz.model.staticpanel.ImmutableStaticPanel$Builder","object_id":354752502,"value":"org.finos.waltz.model.staticpanel.ImmutableStaticPanel$Builder@152517f6"},"thread_id":42},{"defined_class":"org.finos.waltz.model.staticpanel.ImmutableStaticPanel$Builder","event":"call","id":91531,"lineno":668,"method_id":"group","parameters":[{"class":"java.lang.String","kind":"req","name":"group","object_id":1445967035,"value":"NEWS"}],"path":"org/finos/waltz/model/staticpanel/ImmutableStaticPanel.java","receiver":{"class":"org.finos.waltz.model.staticpanel.ImmutableStaticPanel$Builder","object_id":354752502,"value":"org.finos.waltz.model.staticpanel.ImmutableStaticPanel$Builder@152517f6"},"static":false,"thread_id":42},{"elapsed":5.01E-5,"event":"return","id":91537,"parent_id":91531,"return_value":{"class":"org.finos.waltz.model.staticpanel.ImmutableStaticPanel$Builder","object_id":354752502,"value":"org.finos.waltz.model.staticpanel.ImmutableStaticPanel$Builder@152517f6"},"thread_id":42},{"defined_class":"org.finos.waltz.model.staticpanel.ImmutableStaticPanel$Builder","event":"call","id":91538,"lineno":657,"method_id":"icon","parameters":[{"class":"java.lang.String","kind":"req","name":"icon","object_id":830738792,"value":"bolt"}],"path":"org/finos/waltz/model/staticpanel/ImmutableStaticPanel.java","receiver":{"class":"org.finos.waltz.model.staticpanel.ImmutableStaticPanel$Builder","object_id":354752502,"value":"org.finos.waltz.model.staticpanel.ImmutableStaticPanel$Builder@152517f6"},"static":false,"thread_id":42},{"elapsed":8.0E-6,"event":"return","id":91540,"parent_id":91538,"return_value":{"class":"org.finos.waltz.model.staticpanel.ImmutableStaticPanel$Builder","object_id":354752502,"value":"org.finos.waltz.model.staticpanel.ImmutableStaticPanel$Builder@152517f6"},"thread_id":42},{"defined_class":"org.finos.waltz.model.staticpanel.ContentKind","event":"call","id":91542,"lineno":21,"method_id":"valueOf","parameters":[{"class":"java.lang.String","kind":"req","name":"name","object_id":203631113,"value":"HTML"}],"path":"waltz-model/src/main/java/org/finos/waltz/model/staticpanel/ContentKind.java","static":true,"thread_id":42},{"elapsed":3.54E-5,"event":"return","id":91547,"parent_id":91542,"return_value":{"class":"org.finos.waltz.model.staticpanel.ContentKind","object_id":1125991224,"value":"HTML"},"thread_id":42},{"defined_class":"org.finos.waltz.model.staticpanel.ImmutableStaticPanel$Builder","event":"call","id":91551,"lineno":718,"method_id":"encoding","parameters":[{"class":"org.finos.waltz.model.staticpanel.ContentKind","kind":"req","name":"encoding","object_id":1125991224,"value":"HTML"}],"path":"org/finos/waltz/model/staticpanel/ImmutableStaticPanel.java","receiver":{"class":"org.finos.waltz.model.staticpanel.ImmutableStaticPanel$Builder","object_id":354752502,"value":"org.finos.waltz.model.staticpanel.ImmutableStaticPanel$Builder@152517f6"},"static":false,"thread_id":42},{"elapsed":3.53E-5,"event":"return","id":91558,"parent_id":91551,"return_value":{"class":"org.finos.waltz.model.staticpanel.ImmutableStaticPanel$Builder","object_id":354752502,"value":"org.finos.waltz.model.staticpanel.ImmutableStaticPanel$Builder@152517f6"},"thread_id":42},{"defined_class":"org.finos.waltz.model.staticpanel.ImmutableStaticPanel$Builder","event":"call","id":91565,"lineno":646,"method_id":"title","parameters":[{"class":"java.lang.String","kind":"req","name":"title","object_id":1609839138,"value":"News"}],"path":"org/finos/waltz/model/staticpanel/ImmutableStaticPanel.java","receiver":{"class":"org.finos.waltz.model.staticpanel.ImmutableStaticPanel$Builder","object_id":354752502,"value":"org.finos.waltz.model.staticpanel.ImmutableStaticPanel$Builder@152517f6"},"static":false,"thread_id":42},{"elapsed":2.17E-5,"event":"return","id":91568,"parent_id":91565,"return_value":{"class":"org.finos.waltz.model.staticpanel.ImmutableStaticPanel$Builder","object_id":354752502,"value":"org.finos.waltz.model.staticpanel.ImmutableStaticPanel$Builder@152517f6"},"thread_id":42},{"defined_class":"org.finos.waltz.model.staticpanel.ImmutableStaticPanel$Builder","event":"call","id":91570,"lineno":692,"method_id":"priority","parameters":[{"class":"java.lang.Integer","kind":"req","name":"priority","object_id":359580915,"value":"0"}],"path":"org/finos/waltz/model/staticpanel/ImmutableStaticPanel.java","receiver":{"class":"org.finos.waltz.model.staticpanel.ImmutableStaticPanel$Builder","object_id":354752502,"value":"org.finos.waltz.model.staticpanel.ImmutableStaticPanel$Builder@152517f6"},"static":false,"thread_id":42},{"elapsed":1.34E-5,"event":"return","id":91575,"parent_id":91570,"return_value":{"class":"org.finos.waltz.model.staticpanel.ImmutableStaticPanel$Builder","object_id":354752502,"value":"org.finos.waltz.model.staticpanel.ImmutableStaticPanel$Builder@152517f6"},"thread_id":42},{"defined_class":"org.finos.waltz.model.staticpanel.ImmutableStaticPanel$Builder","event":"call","id":91576,"lineno":705,"method_id":"width","parameters":[{"class":"java.lang.Integer","kind":"req","name":"width","object_id":1462177176,"value":"12"}],"path":"org/finos/waltz/model/staticpanel/ImmutableStaticPanel.java","receiver":{"class":"org.finos.waltz.model.staticpanel.ImmutableStaticPanel$Builder","object_id":354752502,"value":"org.finos.waltz.model.staticpanel.ImmutableStaticPanel$Builder@152517f6"},"static":false,"thread_id":42},{"elapsed":2.86E-5,"event":"return","id":91582,"parent_id":91576,"return_value":{"class":"org.finos.waltz.model.staticpanel.ImmutableStaticPanel$Builder","object_id":354752502,"value":"org.finos.waltz.model.staticpanel.ImmutableStaticPanel$Builder@152517f6"},"thread_id":42},{"defined_class":"org.finos.waltz.model.staticpanel.ImmutableStaticPanel$Builder","event":"call","id":91587,"lineno":728,"method_id":"build","path":"org/finos/waltz/model/staticpanel/ImmutableStaticPanel.java","receiver":{"class":"org.finos.waltz.model.staticpanel.ImmutableStaticPanel$Builder","object_id":354752502,"value":"org.finos.waltz.model.staticpanel.ImmutableStaticPanel$Builder@152517f6"},"static":false,"thread_id":42},{"defined_class":"org.finos.waltz.model.staticpanel.ImmutableStaticPanel$Builder","event":"call","id":91605,"lineno":735,"method_id":"widthIsSet","path":"org/finos/waltz/model/staticpanel/ImmutableStaticPanel.java","receiver":{"class":"org.finos.waltz.model.staticpanel.ImmutableStaticPanel$Builder","object_id":354752502,"value":"org.finos.waltz.model.staticpanel.ImmutableStaticPanel$Builder@152517f6"},"static":false,"thread_id":42},{"elapsed":1.6E-5,"event":"return","id":91606,"parent_id":91605,"return_value":{"class":"java.lang.Boolean","object_id":1741409773,"value":"true"},"thread_id":42},{"defined_class":"org.finos.waltz.model.staticpanel.ImmutableStaticPanel$InitShim","event":"call","id":91613,"lineno":93,"method_id":"width","parameters":[{"class":"java.lang.Integer","kind":"req","name":"width","object_id":1462177176,"value":"12"}],"path":"org/finos/waltz/model/staticpanel/ImmutableStaticPanel.java","receiver":{"class":"org.finos.waltz.model.staticpanel.ImmutableStaticPanel$InitShim","object_id":1951780619,"value":"org.finos.waltz.model.staticpanel.ImmutableStaticPanel$InitShim@7455cf0b"},"static":false,"thread_id":42},{"elapsed":7.4E-6,"event":"return","id":91632,"parent_id":91613,"thread_id":42},{"defined_class":"org.finos.waltz.model.staticpanel.ImmutableStaticPanel$InitShim","event":"call","id":91633,"lineno":111,"method_id":"encoding","parameters":[{"class":"org.finos.waltz.model.staticpanel.ContentKind","kind":"req","name":"encoding","object_id":1125991224,"value":"HTML"}],"path":"org/finos/waltz/model/staticpanel/ImmutableStaticPanel.java","receiver":{"class":"org.finos.waltz.model.staticpanel.ImmutableStaticPanel$InitShim","object_id":1951780619,"value":"org.finos.waltz.model.staticpanel.ImmutableStaticPanel$InitShim@7455cf0b"},"static":false,"thread_id":42},{"elapsed":4.1E-6,"event":"return","id":91634,"parent_id":91633,"thread_id":42},{"defined_class":"org.finos.waltz.model.staticpanel.ImmutableStaticPanel$InitShim","event":"call","id":91635,"lineno":83,"method_id":"width","path":"org/finos/waltz/model/staticpanel/ImmutableStaticPanel.java","receiver":{"class":"org.finos.waltz.model.staticpanel.ImmutableStaticPanel$InitShim","object_id":1951780619,"value":"org.finos.waltz.model.staticpanel.ImmutableStaticPanel$InitShim@7455cf0b"},"static":false,"thread_id":42},{"elapsed":2.4E-6,"event":"return","id":91636,"parent_id":91635,"return_value":{"class":"java.lang.Integer","object_id":1462177176,"value":"12"},"thread_id":42},{"defined_class":"org.finos.waltz.model.staticpanel.ImmutableStaticPanel$InitShim","event":"call","id":91637,"lineno":101,"method_id":"encoding","path":"org/finos/waltz/model/staticpanel/ImmutableStaticPanel.java","receiver":{"class":"org.finos.waltz.model.staticpanel.ImmutableStaticPanel$InitShim","object_id":1951780619,"value":"org.finos.waltz.model.staticpanel.ImmutableStaticPanel$InitShim@7455cf0b"},"static":false,"thread_id":42},{"elapsed":2.4E-6,"event":"return","id":91638,"parent_id":91637,"return_value":{"class":"org.finos.waltz.model.staticpanel.ContentKind","object_id":1125991224,"value":"HTML"},"thread_id":42},{"elapsed":4.052E-4,"event":"return","id":91639,"parent_id":91587,"return_value":{"class":"org.finos.waltz.model.staticpanel.ImmutableStaticPanel","object_id":1699450808,"value":"StaticPanel{id=4, title=News, icon=bolt, group=NEWS, content=This is a demo instance of Waltz. It is based on the **1.47** Release of Waltz (Jan 2023)\n\nFor more information checkout out [Github page](https://github.com/finos/waltz)\n\nSee the [Introducing Waltz](https://waltz.finos.org/blog/waltz/2021/02/03/waltz-1-30.html) introductory screencast., priority=0, width=12, encoding=HTML}"},"thread_id":42},{"defined_class":"org.finos.waltz.schema.tables.StaticPanel","event":"call","id":91640,"lineno":174,"method_id":"fieldsRow","path":"org/finos/waltz/schema/tables/StaticPanel.java","receiver":{"class":"org.finos.waltz.schema.tables.StaticPanel","object_id":1726157638,"value":"\"static_panel\""},"static":false,"thread_id":42},{"elapsed":8.0E-6,"event":"return","id":91641,"parent_id":91640,"return_value":{"class":"org.jooq.impl.RowImpl","object_id":1882030714,"value":"(\"static_panel\".\"id\", \"static_panel\".\"group\", \"static_panel\".\"title\", \"static_panel\".\"icon\", \"static_panel\".\"priority\", \"static_panel\".\"width\", \"static_panel\".\"encoding\", \"static_panel\".\"content\")"},"thread_id":42},{"defined_class":"org.finos.waltz.schema.tables.StaticPanel","event":"call","id":91642,"lineno":174,"method_id":"fieldsRow","path":"org/finos/waltz/schema/tables/StaticPanel.java","receiver":{"class":"org.finos.waltz.schema.tables.StaticPanel","object_id":1726157638,"value":"\"static_panel\""},"static":false,"thread_id":42},{"elapsed":1.03E-5,"event":"return","id":91643,"parent_id":91642,"return_value":{"class":"org.jooq.impl.RowImpl","object_id":238476159,"value":"(\"static_panel\".\"id\", \"static_panel\".\"group\", \"static_panel\".\"title\", \"static_panel\".\"icon\", \"static_panel\".\"priority\", \"static_panel\".\"width\", \"static_panel\".\"encoding\", \"static_panel\".\"content\")"},"thread_id":42},{"defined_class":"org.finos.waltz.schema.tables.StaticPanel","event":"call","id":91644,"lineno":174,"method_id":"fieldsRow","path":"org/finos/waltz/schema/tables/StaticPanel.java","receiver":{"class":"org.finos.waltz.schema.tables.StaticPanel","object_id":1726157638,"value":"\"static_panel\""},"static":false,"thread_id":42},{"elapsed":7.8E-6,"event":"return","id":91645,"parent_id":91644,"return_value":{"class":"org.jooq.impl.RowImpl","object_id":1413574693,"value":"(\"static_panel\".\"id\", \"static_panel\".\"group\", \"static_panel\".\"title\", \"static_panel\".\"icon\", \"static_panel\".\"priority\", \"static_panel\".\"width\", \"static_panel\".\"encoding\", \"static_panel\".\"content\")"},"thread_id":42},{"defined_class":"org.finos.waltz.model.staticpanel.ImmutableStaticPanel","event":"call","id":91646,"lineno":539,"method_id":"builder","path":"org/finos/waltz/model/staticpanel/ImmutableStaticPanel.java","static":true,"thread_id":42},{"elapsed":2.0E-5,"event":"return","id":91647,"parent_id":91646,"return_value":{"class":"org.finos.waltz.model.staticpanel.ImmutableStaticPanel$Builder","object_id":1842221914,"value":"org.finos.waltz.model.staticpanel.ImmutableStaticPanel$Builder@6dce135a"},"thread_id":42},{"defined_class":"org.finos.waltz.model.staticpanel.ImmutableStaticPanel$Builder","event":"call","id":91648,"lineno":624,"method_id":"id","parameters":[{"class":"java.lang.Long","kind":"req","name":"id","object_id":1286182816,"value":"6"}],"path":"org/finos/waltz/model/staticpanel/ImmutableStaticPanel.java","receiver":{"class":"org.finos.waltz.model.staticpanel.ImmutableStaticPanel$Builder","object_id":1842221914,"value":"org.finos.waltz.model.staticpanel.ImmutableStaticPanel$Builder@6dce135a"},"static":false,"thread_id":42},{"elapsed":4.1E-6,"event":"return","id":91649,"parent_id":91648,"return_value":{"class":"org.finos.waltz.model.staticpanel.ImmutableStaticPanel$Builder","object_id":1842221914,"value":"org.finos.waltz.model.staticpanel.ImmutableStaticPanel$Builder@6dce135a"},"thread_id":42},{"defined_class":"org.finos.waltz.model.staticpanel.ImmutableStaticPanel$Builder","event":"call","id":91650,"lineno":680,"method_id":"content","parameters":[{"class":"java.lang.String","kind":"req","name":"content","object_id":1902932683,"value":"Recent highlights:\n  - Report Grid enhancements\n  - Overlay diagram \n\nSee the [release notes](https://github.com/finos/waltz/releases/tag/1.47) for more info."}],"path":"org/finos/waltz/model/staticpanel/ImmutableStaticPanel.java","receiver":{"class":"org.finos.waltz.model.staticpanel.ImmutableStaticPanel$Builder","object_id":1842221914,"value":"org.finos.waltz.model.staticpanel.ImmutableStaticPanel$Builder@6dce135a"},"static":false,"thread_id":42},{"elapsed":5.527E-4,"event":"return","id":91665,"parent_id":91650,"return_value":{"class":"org.finos.waltz.model.staticpanel.ImmutableStaticPanel$Builder","object_id":1842221914,"value":"org.finos.waltz.model.staticpanel.ImmutableStaticPanel$Builder@6dce135a"},"thread_id":42},{"defined_class":"org.finos.waltz.model.staticpanel.ImmutableStaticPanel$Builder","event":"call","id":91666,"lineno":668,"method_id":"group","parameters":[{"class":"java.lang.String","kind":"req","name":"group","object_id":1236902586,"value":"NEWS"}],"path":"org/finos/waltz/model/staticpanel/ImmutableStaticPanel.java","receiver":{"class":"org.finos.waltz.model.staticpanel.ImmutableStaticPanel$Builder","object_id":1842221914,"value":"org.finos.waltz.model.staticpanel.ImmutableStaticPanel$Builder@6dce135a"},"static":false,"thread_id":42},{"elapsed":4.1E-6,"event":"return","id":91667,"parent_id":91666,"return_value":{"class":"org.finos.waltz.model.staticpanel.ImmutableStaticPanel$Builder","object_id":1842221914,"value":"org.finos.waltz.model.staticpanel.ImmutableStaticPanel$Builder@6dce135a"},"thread_id":42},{"defined_class":"org.finos.waltz.model.staticpanel.ImmutableStaticPanel$Builder","event":"call","id":91668,"lineno":657,"method_id":"icon","parameters":[{"class":"java.lang.String","kind":"req","name":"icon","object_id":379986928,"value":"cog"}],"path":"org/finos/waltz/model/staticpanel/ImmutableStaticPanel.java","receiver":{"class":"org.finos.waltz.model.staticpanel.ImmutableStaticPanel$Builder","object_id":1842221914,"value":"org.finos.waltz.model.staticpanel.ImmutableStaticPanel$Builder@6dce135a"},"static":false,"thread_id":42},{"elapsed":3.0E-6,"event":"return","id":91669,"parent_id":91668,"return_value":{"class":"org.finos.waltz.model.staticpanel.ImmutableStaticPanel$Builder","object_id":1842221914,"value":"org.finos.waltz.model.staticpanel.ImmutableStaticPanel$Builder@6dce135a"},"thread_id":42},{"defined_class":"org.finos.waltz.model.staticpanel.ContentKind","event":"call","id":91670,"lineno":21,"method_id":"valueOf","parameters":[{"class":"java.lang.String","kind":"req","name":"name","object_id":200259261,"value":"HTML"}],"path":"waltz-model/src/main/java/org/finos/waltz/model/staticpanel/ContentKind.java","static":true,"thread_id":42},{"elapsed":2.9E-6,"event":"return","id":91671,"parent_id":91670,"return_value":{"class":"org.finos.waltz.model.staticpanel.ContentKind","object_id":1125991224,"value":"HTML"},"thread_id":42},{"defined_class":"org.finos.waltz.model.staticpanel.ImmutableStaticPanel$Builder","event":"call","id":91672,"lineno":718,"method_id":"encoding","parameters":[{"class":"org.finos.waltz.model.staticpanel.ContentKind","kind":"req","name":"encoding","object_id":1125991224,"value":"HTML"}],"path":"org/finos/waltz/model/staticpanel/ImmutableStaticPanel.java","receiver":{"class":"org.finos.waltz.model.staticpanel.ImmutableStaticPanel$Builder","object_id":1842221914,"value":"org.finos.waltz.model.staticpanel.ImmutableStaticPanel$Builder@6dce135a"},"static":false,"thread_id":42},{"elapsed":2.651E-4,"event":"return","id":91673,"parent_id":91672,"return_value":{"class":"org.finos.waltz.model.staticpanel.ImmutableStaticPanel$Builder","object_id":1842221914,"value":"org.finos.waltz.model.staticpanel.ImmutableStaticPanel$Builder@6dce135a"},"thread_id":42},{"defined_class":"org.finos.waltz.model.staticpanel.ImmutableStaticPanel$Builder","event":"call","id":91674,"lineno":646,"method_id":"title","parameters":[{"class":"java.lang.String","kind":"req","name":"title","object_id":428304161,"value":"More News"}],"path":"org/finos/waltz/model/staticpanel/ImmutableStaticPanel.java","receiver":{"class":"org.finos.waltz.model.staticpanel.ImmutableStaticPanel$Builder","object_id":1842221914,"value":"org.finos.waltz.model.staticpanel.ImmutableStaticPanel$Builder@6dce135a"},"static":false,"thread_id":42},{"elapsed":5.0E-6,"event":"return","id":91675,"parent_id":91674,"return_value":{"class":"org.finos.waltz.model.staticpanel.ImmutableStaticPanel$Builder","object_id":1842221914,"value":"org.finos.waltz.model.staticpanel.ImmutableStaticPanel$Builder@6dce135a"},"thread_id":42},{"defined_class":"org.finos.waltz.model.staticpanel.ImmutableStaticPanel$Builder","event":"call","id":91676,"lineno":692,"method_id":"priority","parameters":[{"class":"java.lang.Integer","kind":"req","name":"priority","object_id":1220839829,"value":"1"}],"path":"org/finos/waltz/model/staticpanel/ImmutableStaticPanel.java","receiver":{"class":"org.finos.waltz.model.staticpanel.ImmutableStaticPanel$Builder","object_id":1842221914,"value":"org.finos.waltz.model.staticpanel.ImmutableStaticPanel$Builder@6dce135a"},"static":false,"thread_id":42},{"elapsed":3.4E-6,"event":"return","id":91677,"parent_id":91676,"return_value":{"class":"org.finos.waltz.model.staticpanel.ImmutableStaticPanel$Builder","object_id":1842221914,"value":"org.finos.waltz.model.staticpanel.ImmutableStaticPanel$Builder@6dce135a"},"thread_id":42},{"defined_class":"org.finos.waltz.model.staticpanel.ImmutableStaticPanel$Builder","event":"call","id":91678,"lineno":705,"method_id":"width","parameters":[{"class":"java.lang.Integer","kind":"req","name":"width","object_id":1462177176,"value":"12"}],"path":"org/finos/waltz/model/staticpanel/ImmutableStaticPanel.java","receiver":{"class":"org.finos.waltz.model.staticpanel.ImmutableStaticPanel$Builder","object_id":1842221914,"value":"org.finos.waltz.model.staticpanel.ImmutableStaticPanel$Builder@6dce135a"},"static":false,"thread_id":42},{"elapsed":2.7E-6,"event":"return","id":91679,"parent_id":91678,"return_value":{"class":"org.finos.waltz.model.staticpanel.ImmutableStaticPanel$Builder","object_id":1842221914,"value":"org.finos.waltz.model.staticpanel.ImmutableStaticPanel$Builder@6dce135a"},"thread_id":42},{"defined_class":"org.finos.waltz.model.staticpanel.ImmutableStaticPanel$Builder","event":"call","id":91680,"lineno":728,"method_id":"build","path":"org/finos/waltz/model/staticpanel/ImmutableStaticPanel.java","receiver":{"class":"org.finos.waltz.model.staticpanel.ImmutableStaticPanel$Builder","object_id":1842221914,"value":"org.finos.waltz.model.staticpanel.ImmutableStaticPanel$Builder@6dce135a"},"static":false,"thread_id":42},{"defined_class":"org.finos.waltz.model.staticpanel.ImmutableStaticPanel$Builder","event":"call","id":91681,"lineno":735,"method_id":"widthIsSet","path":"org/finos/waltz/model/staticpanel/ImmutableStaticPanel.java","receiver":{"class":"org.finos.waltz.model.staticpanel.ImmutableStaticPanel$Builder","object_id":1842221914,"value":"org.finos.waltz.model.staticpanel.ImmutableStaticPanel$Builder@6dce135a"},"static":false,"thread_id":42},{"elapsed":5.2E-6,"event":"return","id":91682,"parent_id":91681,"return_value":{"class":"java.lang.Boolean","object_id":1741409773,"value":"true"},"thread_id":42},{"defined_class":"org.finos.waltz.model.staticpanel.ImmutableStaticPanel$InitShim","event":"call","id":91683,"lineno":93,"method_id":"width","parameters":[{"class":"java.lang.Integer","kind":"req","name":"width","object_id":1462177176,"value":"12"}],"path":"org/finos/waltz/model/staticpanel/ImmutableStaticPanel.java","receiver":{"class":"org.finos.waltz.model.staticpanel.ImmutableStaticPanel$InitShim","object_id":489663193,"value":"org.finos.waltz.model.staticpanel.ImmutableStaticPanel$InitShim@1d2faad9"},"static":false,"thread_id":42},{"elapsed":3.5E-6,"event":"return","id":91684,"parent_id":91683,"thread_id":42},{"defined_class":"org.finos.waltz.model.staticpanel.ImmutableStaticPanel$InitShim","event":"call","id":91685,"lineno":111,"method_id":"encoding","parameters":[{"class":"org.finos.waltz.model.staticpanel.ContentKind","kind":"req","name":"encoding","object_id":1125991224,"value":"HTML"}],"path":"org/finos/waltz/model/staticpanel/ImmutableStaticPanel.java","receiver":{"class":"org.finos.waltz.model.staticpanel.ImmutableStaticPanel$InitShim","object_id":489663193,"value":"org.finos.waltz.model.staticpanel.ImmutableStaticPanel$InitShim@1d2faad9"},"static":false,"thread_id":42},{"elapsed":2.6E-6,"event":"return","id":91686,"parent_id":91685,"thread_id":42},{"defined_class":"org.finos.waltz.model.staticpanel.ImmutableStaticPanel$InitShim","event":"call","id":91687,"lineno":83,"method_id":"width","path":"org/finos/waltz/model/staticpanel/ImmutableStaticPanel.java","receiver":{"class":"org.finos.waltz.model.staticpanel.ImmutableStaticPanel$InitShim","object_id":489663193,"value":"org.finos.waltz.model.staticpanel.ImmutableStaticPanel$InitShim@1d2faad9"},"static":false,"thread_id":42},{"elapsed":2.6E-6,"event":"return","id":91688,"parent_id":91687,"return_value":{"class":"java.lang.Integer","object_id":1462177176,"value":"12"},"thread_id":42},{"defined_class":"org.finos.waltz.model.staticpanel.ImmutableStaticPanel$InitShim","event":"call","id":91689,"lineno":101,"method_id":"encoding","path":"org/finos/waltz/model/staticpanel/ImmutableStaticPanel.java","receiver":{"class":"org.finos.waltz.model.staticpanel.ImmutableStaticPanel$InitShim","object_id":489663193,"value":"org.finos.waltz.model.staticpanel.ImmutableStaticPanel$InitShim@1d2faad9"},"static":false,"thread_id":42},{"elapsed":2.7E-6,"event":"return","id":91690,"parent_id":91689,"return_value":{"class":"org.finos.waltz.model.staticpanel.ContentKind","object_id":1125991224,"value":"HTML"},"thread_id":42},{"elapsed":4.23E-5,"event":"return","id":91691,"parent_id":91680,"return_value":{"class":"org.finos.waltz.model.staticpanel.ImmutableStaticPanel","object_id":984720175,"value":"StaticPanel{id=6, title=More News, icon=cog, group=NEWS, content=Recent highlights:\n  - Report Grid enhancements\n  - Overlay diagram \n\nSee the [release notes](https://github.com/finos/waltz/releases/tag/1.47) for more info., priority=1, width=12, encoding=HTML}"},"thread_id":42},{"elapsed":0.0049519,"event":"return","id":91692,"parent_id":91327,"return_value":{"class":"java.util.ArrayList","object_id":1285402778,"value":"[StaticPanel{id=4, title=News, icon=bolt, group=NEWS, content=This is a demo instance of Waltz. It is based on the **1.47** Release of Waltz (Jan 2023)\n\nFor more information checkout out [Github page](https://github.com/finos/waltz)\n\nSee the [Introducing Waltz](https://waltz.finos.org/blog/waltz/2021/02/03/waltz-1-30.html) introductory screencast., priority=0, width=12, encoding=HTML}, StaticPanel{id=6, title=More News, icon=cog, group=NEWS, content=Recent highlights:\n  - Report Grid enhancements\n  - Overlay diagram \n\nSee the [release notes](https://github.com/finos/waltz/releases/tag/1.47) for more info., priority=1, width=12, encoding=HTML}]"},"thread_id":42},{"elapsed":0.0052092,"event":"return","id":91693,"parent_id":91303,"return_value":{"class":"java.util.ArrayList","object_id":1285402778,"value":"[StaticPanel{id=4, title=News, icon=bolt, group=NEWS, content=This is a demo instance of Waltz. It is based on the **1.47** Release of Waltz (Jan 2023)\n\nFor more information checkout out [Github page](https://github.com/finos/waltz)\n\nSee the [Introducing Waltz](https://waltz.finos.org/blog/waltz/2021/02/03/waltz-1-30.html) introductory screencast., priority=0, width=12, encoding=HTML}, StaticPanel{id=6, title=More News, icon=cog, group=NEWS, content=Recent highlights:\n  - Report Grid enhancements\n  - Overlay diagram \n\nSee the [release notes](https://github.com/finos/waltz/releases/tag/1.47) for more info., priority=1, width=12, encoding=HTML}]"},"thread_id":42},{"defined_class":"org.finos.waltz.model.staticpanel.ImmutableStaticPanel","event":"call","id":91694,"lineno":129,"method_id":"id","path":"org/finos/waltz/model/staticpanel/ImmutableStaticPanel.java","receiver":{"class":"org.finos.waltz.model.staticpanel.ImmutableStaticPanel","object_id":1699450808,"value":"StaticPanel{id=4, title=News, icon=bolt, group=NEWS, content=This is a demo instance of Waltz. It is based on the **1.47** Release of Waltz (Jan 2023)\n\nFor more information checkout out [Github page](https://github.com/finos/waltz)\n\nSee the [Introducing Waltz](https://waltz.finos.org/blog/waltz/2021/02/03/waltz-1-30.html) introductory screencast., priority=0, width=12, encoding=HTML}"},"static":false,"thread_id":42},{"elapsed":6.4E-6,"event":"return","id":91695,"parent_id":91694,"return_value":{"class":"java.util.Optional","object_id":1853978695,"value":"Optional[4]"},"thread_id":42},{"defined_class":"org.finos.waltz.model.staticpanel.ImmutableStaticPanel","event":"call","id":91696,"lineno":138,"method_id":"title","path":"org/finos/waltz/model/staticpanel/ImmutableStaticPanel.java","receiver":{"class":"org.finos.waltz.model.staticpanel.ImmutableStaticPanel","object_id":1699450808,"value":"StaticPanel{id=4, title=News, icon=bolt, group=NEWS, content=This is a demo instance of Waltz. It is based on the **1.47** Release of Waltz (Jan 2023)\n\nFor more information checkout out [Github page](https://github.com/finos/waltz)\n\nSee the [Introducing Waltz](https://waltz.finos.org/blog/waltz/2021/02/03/waltz-1-30.html) introductory screencast., priority=0, width=12, encoding=HTML}"},"static":false,"thread_id":42},{"elapsed":7.3E-6,"event":"return","id":91697,"parent_id":91696,"return_value":{"class":"java.lang.String","object_id":1609839138,"value":"News"},"thread_id":42},{"defined_class":"org.finos.waltz.model.staticpanel.ImmutableStaticPanel","event":"call","id":91698,"lineno":147,"method_id":"icon","path":"org/finos/waltz/model/staticpanel/ImmutableStaticPanel.java","receiver":{"class":"org.finos.waltz.model.staticpanel.ImmutableStaticPanel","object_id":1699450808,"value":"StaticPanel{id=4, title=News, icon=bolt, group=NEWS, content=This is a demo instance of Waltz. It is based on the **1.47** Release of Waltz (Jan 2023)\n\nFor more information checkout out [Github page](https://github.com/finos/waltz)\n\nSee the [Introducing Waltz](https://waltz.finos.org/blog/waltz/2021/02/03/waltz-1-30.html) introductory screencast., priority=0, width=12, encoding=HTML}"},"static":false,"thread_id":42},{"elapsed":3.1E-6,"event":"return","id":91699,"parent_id":91698,"return_value":{"class":"java.lang.String","object_id":830738792,"value":"bolt"},"thread_id":42},{"defined_class":"org.finos.waltz.model.staticpanel.ImmutableStaticPanel","event":"call","id":91700,"lineno":156,"method_id":"group","path":"org/finos/waltz/model/staticpanel/ImmutableStaticPanel.java","receiver":{"class":"org.finos.waltz.model.staticpanel.ImmutableStaticPanel","object_id":1699450808,"value":"StaticPanel{id=4, title=News, icon=bolt, group=NEWS, content=This is a demo instance of Waltz. It is based on the **1.47** Release of Waltz (Jan 2023)\n\nFor more information checkout out [Github page](https://github.com/finos/waltz)\n\nSee the [Introducing Waltz](https://waltz.finos.org/blog/waltz/2021/02/03/waltz-1-30.html) introductory screencast., priority=0, width=12, encoding=HTML}"},"static":false,"thread_id":42},{"elapsed":3.4E-6,"event":"return","id":91701,"parent_id":91700,"return_value":{"class":"java.lang.String","object_id":1445967035,"value":"NEWS"},"thread_id":42},{"defined_class":"org.finos.waltz.model.staticpanel.ImmutableStaticPanel","event":"call","id":91702,"lineno":165,"method_id":"content","path":"org/finos/waltz/model/staticpanel/ImmutableStaticPanel.java","receiver":{"class":"org.finos.waltz.model.staticpanel.ImmutableStaticPanel","object_id":1699450808,"value":"StaticPanel{id=4, title=News, icon=bolt, group=NEWS, content=This is a demo instance of Waltz. It is based on the **1.47** Release of Waltz (Jan 2023)\n\nFor more information checkout out [Github page](https://github.com/finos/waltz)\n\nSee the [Introducing Waltz](https://waltz.finos.org/blog/waltz/2021/02/03/waltz-1-30.html) introductory screencast., priority=0, width=12, encoding=HTML}"},"static":false,"thread_id":42},{"elapsed":3.0E-6,"event":"return","id":91703,"parent_id":91702,"return_value":{"class":"java.lang.String","object_id":527011250,"value":"This is a demo instance of Waltz. It is based on the **1.47** Release of Waltz (Jan 2023)\n\nFor more information checkout out [Github page](https://github.com/finos/waltz)\n\nSee the [Introducing Waltz](https://waltz.finos.org/blog/waltz/2021/02/03/waltz-1-30.html) introductory screencast."},"thread_id":42},{"defined_class":"org.finos.waltz.model.staticpanel.ImmutableStaticPanel","event":"call","id":91704,"lineno":174,"method_id":"priority","path":"org/finos/waltz/model/staticpanel/ImmutableStaticPanel.java","receiver":{"class":"org.finos.waltz.model.staticpanel.ImmutableStaticPanel","object_id":1699450808,"value":"StaticPanel{id=4, title=News, icon=bolt, group=NEWS, content=This is a demo instance of Waltz. It is based on the **1.47** Release of Waltz (Jan 2023)\n\nFor more information checkout out [Github page](https://github.com/finos/waltz)\n\nSee the [Introducing Waltz](https://waltz.finos.org/blog/waltz/2021/02/03/waltz-1-30.html) introductory screencast., priority=0, width=12, encoding=HTML}"},"static":false,"thread_id":42},{"elapsed":8.3E-6,"event":"return","id":91705,"parent_id":91704,"return_value":{"class":"java.lang.Integer","object_id":359580915,"value":"0"},"thread_id":42},{"defined_class":"org.finos.waltz.model.staticpanel.ImmutableStaticPanel","event":"call","id":91706,"lineno":183,"method_id":"width","path":"org/finos/waltz/model/staticpanel/ImmutableStaticPanel.java","receiver":{"class":"org.finos.waltz.model.staticpanel.ImmutableStaticPanel","object_id":1699450808,"value":"StaticPanel{id=4, title=News, icon=bolt, group=NEWS, content=This is a demo instance of Waltz. It is based on the **1.47** Release of Waltz (Jan 2023)\n\nFor more information checkout out [Github page](https://github.com/finos/waltz)\n\nSee the [Introducing Waltz](https://waltz.finos.org/blog/waltz/2021/02/03/waltz-1-30.html) introductory screencast., priority=0, width=12, encoding=HTML}"},"static":false,"thread_id":42},{"elapsed":3.5E-6,"event":"return","id":91707,"parent_id":91706,"return_value":{"class":"java.lang.Integer","object_id":1462177176,"value":"12"},"thread_id":42},{"defined_class":"org.finos.waltz.model.staticpanel.ImmutableStaticPanel","event":"call","id":91708,"lineno":195,"method_id":"encoding","path":"org/finos/waltz/model/staticpanel/ImmutableStaticPanel.java","receiver":{"class":"org.finos.waltz.model.staticpanel.ImmutableStaticPanel","object_id":1699450808,"value":"StaticPanel{id=4, title=News, icon=bolt, group=NEWS, content=This is a demo instance of Waltz. It is based on the **1.47** Release of Waltz (Jan 2023)\n\nFor more information checkout out [Github page](https://github.com/finos/waltz)\n\nSee the [Introducing Waltz](https://waltz.finos.org/blog/waltz/2021/02/03/waltz-1-30.html) introductory screencast., priority=0, width=12, encoding=HTML}"},"static":false,"thread_id":42},{"elapsed":2.8E-6,"event":"return","id":91709,"parent_id":91708,"return_value":{"class":"org.finos.waltz.model.staticpanel.ContentKind","object_id":1125991224,"value":"HTML"},"thread_id":42},{"defined_class":"org.finos.waltz.model.staticpanel.ImmutableStaticPanel","event":"call","id":91710,"lineno":129,"method_id":"id","path":"org/finos/waltz/model/staticpanel/ImmutableStaticPanel.java","receiver":{"class":"org.finos.waltz.model.staticpanel.ImmutableStaticPanel","object_id":984720175,"value":"StaticPanel{id=6, title=More News, icon=cog, group=NEWS, content=Recent highlights:\n  - Report Grid enhancements\n  - Overlay diagram \n\nSee the [release notes](https://github.com/finos/waltz/releases/tag/1.47) for more info., priority=1, width=12, encoding=HTML}"},"static":false,"thread_id":42},{"elapsed":4.3E-6,"event":"return","id":91711,"parent_id":91710,"return_value":{"class":"java.util.Optional","object_id":236482092,"value":"Optional[6]"},"thread_id":42},{"defined_class":"org.finos.waltz.model.staticpanel.ImmutableStaticPanel","event":"call","id":91712,"lineno":138,"method_id":"title","path":"org/finos/waltz/model/staticpanel/ImmutableStaticPanel.java","receiver":{"class":"org.finos.waltz.model.staticpanel.ImmutableStaticPanel","object_id":984720175,"value":"StaticPanel{id=6, title=More News, icon=cog, group=NEWS, content=Recent highlights:\n  - Report Grid enhancements\n  - Overlay diagram \n\nSee the [release notes](https://github.com/finos/waltz/releases/tag/1.47) for more info., priority=1, width=12, encoding=HTML}"},"static":false,"thread_id":42},{"elapsed":6.1E-6,"event":"return","id":91713,"parent_id":91712,"return_value":{"class":"java.lang.String","object_id":428304161,"value":"More News"},"thread_id":42},{"defined_class":"org.finos.waltz.model.staticpanel.ImmutableStaticPanel","event":"call","id":91715,"lineno":147,"method_id":"icon","path":"org/finos/waltz/model/staticpanel/ImmutableStaticPanel.java","receiver":{"class":"org.finos.waltz.model.staticpanel.ImmutableStaticPanel","object_id":984720175,"value":"StaticPanel{id=6, title=More News, icon=cog, group=NEWS, content=Recent highlights:\n  - Report Grid enhancements\n  - Overlay diagram \n\nSee the [release notes](https://github.com/finos/waltz/releases/tag/1.47) for more info., priority=1, width=12, encoding=HTML}"},"static":false,"thread_id":42},{"elapsed":3.2E-6,"event":"return","id":91716,"parent_id":91715,"return_value":{"class":"java.lang.String","object_id":379986928,"value":"cog"},"thread_id":42},{"defined_class":"org.finos.waltz.model.staticpanel.ImmutableStaticPanel","event":"call","id":91717,"lineno":156,"method_id":"group","path":"org/finos/waltz/model/staticpanel/ImmutableStaticPanel.java","receiver":{"class":"org.finos.waltz.model.staticpanel.ImmutableStaticPanel","object_id":984720175,"value":"StaticPanel{id=6, title=More News, icon=cog, group=NEWS, content=Recent highlights:\n  - Report Grid enhancements\n  - Overlay diagram \n\nSee the [release notes](https://github.com/finos/waltz/releases/tag/1.47) for more info., priority=1, width=12, encoding=HTML}"},"static":false,"thread_id":42},{"elapsed":3.2E-6,"event":"return","id":91718,"parent_id":91717,"return_value":{"class":"java.lang.String","object_id":1236902586,"value":"NEWS"},"thread_id":42},{"defined_class":"org.finos.waltz.model.staticpanel.ImmutableStaticPanel","event":"call","id":91719,"lineno":165,"method_id":"content","path":"org/finos/waltz/model/staticpanel/ImmutableStaticPanel.java","receiver":{"class":"org.finos.waltz.model.staticpanel.ImmutableStaticPanel","object_id":984720175,"value":"StaticPanel{id=6, title=More News, icon=cog, group=NEWS, content=Recent highlights:\n  - Report Grid enhancements\n  - Overlay diagram \n\nSee the [release notes](https://github.com/finos/waltz/releases/tag/1.47) for more info., priority=1, width=12, encoding=HTML}"},"static":false,"thread_id":42},{"elapsed":3.0E-6,"event":"return","id":91720,"parent_id":91719,"return_value":{"class":"java.lang.String","object_id":1902932683,"value":"Recent highlights:\n  - Report Grid enhancements\n  - Overlay diagram \n\nSee the [release notes](https://github.com/finos/waltz/releases/tag/1.47) for more info."},"thread_id":42},{"defined_class":"org.finos.waltz.model.staticpanel.ImmutableStaticPanel","event":"call","id":91721,"lineno":174,"method_id":"priority","path":"org/finos/waltz/model/staticpanel/ImmutableStaticPanel.java","receiver":{"class":"org.finos.waltz.model.staticpanel.ImmutableStaticPanel","object_id":984720175,"value":"StaticPanel{id=6, title=More News, icon=cog, group=NEWS, content=Recent highlights:\n  - Report Grid enhancements\n  - Overlay diagram \n\nSee the [release notes](https://github.com/finos/waltz/releases/tag/1.47) for more info., priority=1, width=12, encoding=HTML}"},"static":false,"thread_id":42},{"elapsed":3.4E-6,"event":"return","id":91722,"parent_id":91721,"return_value":{"class":"java.lang.Integer","object_id":1220839829,"value":"1"},"thread_id":42},{"defined_class":"org.finos.waltz.model.staticpanel.ImmutableStaticPanel","event":"call","id":91723,"lineno":183,"method_id":"width","path":"org/finos/waltz/model/staticpanel/ImmutableStaticPanel.java","receiver":{"class":"org.finos.waltz.model.staticpanel.ImmutableStaticPanel","object_id":984720175,"value":"StaticPanel{id=6, title=More News, icon=cog, group=NEWS, content=Recent highlights:\n  - Report Grid enhancements\n  - Overlay diagram \n\nSee the [release notes](https://github.com/finos/waltz/releases/tag/1.47) for more info., priority=1, width=12, encoding=HTML}"},"static":false,"thread_id":42},{"elapsed":4.1E-6,"event":"return","id":91725,"parent_id":91723,"return_value":{"class":"java.lang.Integer","object_id":1462177176,"value":"12"},"thread_id":42},{"defined_class":"org.finos.waltz.model.staticpanel.ImmutableStaticPanel","event":"call","id":91726,"lineno":195,"method_id":"encoding","path":"org/finos/waltz/model/staticpanel/ImmutableStaticPanel.java","receiver":{"class":"org.finos.waltz.model.staticpanel.ImmutableStaticPanel","object_id":984720175,"value":"StaticPanel{id=6, title=More News, icon=cog, group=NEWS, content=Recent highlights:\n  - Report Grid enhancements\n  - Overlay diagram \n\nSee the [release notes](https://github.com/finos/waltz/releases/tag/1.47) for more info., priority=1, width=12, encoding=HTML}"},"static":false,"thread_id":42},{"elapsed":3.4E-6,"event":"return","id":91727,"parent_id":91726,"return_value":{"class":"org.finos.waltz.model.staticpanel.ContentKind","object_id":1125991224,"value":"HTML"},"thread_id":42},{"elapsed":0.0064415,"event":"return","http_server_response":{"headers":{"Access-Control-Expose-Headers":"*","Access-Control-Allow-Origin":"*","Date":"Tue, 23 Jul 2024 16:28:18 GMT","Content-Type":"application/json"},"status":200},"id":91729,"parent_id":91277,"thread_id":42}],"classMap":[{"children":[{"children":[{"children":[{"children":[{"children":[{"children":[{"labels":[],"location":"org/finos/waltz/model/staticpanel/ImmutableStaticPanel.java:718","name":"encoding","static":false,"type":"function"},{"labels":[],"location":"org/finos/waltz/model/staticpanel/ImmutableStaticPanel.java:657","name":"icon","static":false,"type":"function"},{"labels":[],"location":"org/finos/waltz/model/staticpanel/ImmutableStaticPanel.java:705","name":"width","static":false,"type":"function"},{"labels":[],"location":"org/finos/waltz/model/staticpanel/ImmutableStaticPanel.java:728","name":"build","static":false,"type":"function"},{"labels":[],"location":"org/finos/waltz/model/staticpanel/ImmutableStaticPanel.java:668","name":"group","static":false,"type":"function"},{"labels":[],"location":"org/finos/waltz/model/staticpanel/ImmutableStaticPanel.java:680","name":"content","static":false,"type":"function"},{"labels":[],"location":"org/finos/waltz/model/staticpanel/ImmutableStaticPanel.java:735","name":"widthIsSet","static":false,"type":"function"},{"labels":[],"location":"org/finos/waltz/model/staticpanel/ImmutableStaticPanel.java:646","name":"title","static":false,"type":"function"},{"labels":[],"location":"org/finos/waltz/model/staticpanel/ImmutableStaticPanel.java:624","name":"id","static":false,"type":"function"},{"labels":[],"location":"org/finos/waltz/model/staticpanel/ImmutableStaticPanel.java:692","name":"priority","static":false,"type":"function"}],"location":"org/finos/waltz/model/staticpanel/ImmutableStaticPanel.java","name":"ImmutableStaticPanel$Builder","static":true,"type":"class"},{"children":[{"labels":[],"location":"org/finos/waltz/model/staticpanel/ImmutableStaticPanel.java:174","name":"priority","static":false,"type":"function"},{"labels":[],"location":"org/finos/waltz/model/staticpanel/ImmutableStaticPanel.java:165","name":"content","static":false,"type":"function"},{"labels":[],"location":"org/finos/waltz/model/staticpanel/ImmutableStaticPanel.java:147","name":"icon","static":false,"type":"function"},{"labels":[],"location":"org/finos/waltz/model/staticpanel/ImmutableStaticPanel.java:138","name":"title","static":false,"type":"function"},{"labels":[],"location":"org/finos/waltz/model/staticpanel/ImmutableStaticPanel.java:539","name":"builder","static":true,"type":"function"},{"labels":[],"location":"org/finos/waltz/model/staticpanel/ImmutableStaticPanel.java:156","name":"group","static":false,"type":"function"},{"labels":[],"location":"org/finos/waltz/model/staticpanel/ImmutableStaticPanel.java:195","name":"encoding","static":false,"type":"function"},{"labels":[],"location":"org/finos/waltz/model/staticpanel/ImmutableStaticPanel.java:129","name":"id","static":false,"type":"function"},{"labels":[],"location":"org/finos/waltz/model/staticpanel/ImmutableStaticPanel.java:183","name":"width","static":false,"type":"function"}],"location":"org/finos/waltz/model/staticpanel/ImmutableStaticPanel.java","name":"ImmutableStaticPanel","static":false,"type":"class"},{"children":[{"labels":[],"location":"org/finos/waltz/model/staticpanel/ImmutableStaticPanel.java:111","name":"encoding","static":false,"type":"function"},{"labels":[],"location":"org/finos/waltz/model/staticpanel/ImmutableStaticPanel.java:93","name":"width","static":false,"type":"function"},{"labels":[],"location":"org/finos/waltz/model/staticpanel/ImmutableStaticPanel.java:101","name":"encoding","static":false,"type":"function"},{"labels":[],"location":"org/finos/waltz/model/staticpanel/ImmutableStaticPanel.java:83","name":"width","static":false,"type":"function"}],"location":"org/finos/waltz/model/staticpanel/ImmutableStaticPanel.java","name":"ImmutableStaticPanel$InitShim","static":false,"type":"class"},{"children":[{"labels":[],"location":"waltz-model/src/main/java/org/finos/waltz/model/staticpanel/ContentKind.java:21","name":"valueOf","static":true,"type":"function"}],"location":"waltz-model/src/main/java/org/finos/waltz/model/staticpanel/ContentKind.java","name":"ContentKind","static":false,"type":"class"}],"name":"staticpanel","type":"package"}],"name":"model","type":"package"},{"children":[{"children":[{"children":[{"labels":[],"location":"waltz-data/src/main/java/org/finos/waltz/data/static_panel/StaticPanelDao.java:67","name":"findByGroups","static":false,"type":"function"}],"location":"waltz-data/src/main/java/org/finos/waltz/data/static_panel/StaticPanelDao.java","name":"StaticPanelDao","static":false,"type":"class"}],"name":"static_panel","type":"package"}],"name":"data","type":"package"},{"children":[{"children":[{"children":[{"labels":[],"location":"waltz-service/src/main/java/org/finos/waltz/service/static_panel/StaticPanelService.java:45","name":"findByGroups","static":false,"type":"function"}],"location":"waltz-service/src/main/java/org/finos/waltz/service/static_panel/StaticPanelService.java","name":"StaticPanelService","static":false,"type":"class"}],"name":"static_panel","type":"package"},{"children":[{"labels":[],"location":"waltz-service/src/main/java/org/finos/waltz/service/SlowQueryListener.java:59","name":"executeStart","static":false,"type":"function"},{"labels":[],"location":"waltz-service/src/main/java/org/finos/waltz/service/SlowQueryListener.java:66","name":"executeEnd","static":false,"type":"function"}],"location":"waltz-service/src/main/java/org/finos/waltz/service/SlowQueryListener.java","name":"SlowQueryListener","static":false,"type":"class"}],"name":"service","type":"package"},{"children":[{"children":[{"children":[{"children":[{"labels":[],"location":"waltz-web/src/main/java/org/finos/waltz/web/endpoints/auth/JWTAuthenticationFilter.java:62","name":"handle","static":false,"type":"function"}],"location":"waltz-web/src/main/java/org/finos/waltz/web/endpoints/auth/JWTAuthenticationFilter.java","name":"JWTAuthenticationFilter","static":false,"type":"class"}],"name":"auth","type":"package"}],"name":"endpoints","type":"package"}],"name":"web","type":"package"},{"children":[{"children":[{"children":[{"labels":[],"location":"org/finos/waltz/schema/tables/StaticPanel.java:174","name":"fieldsRow","static":false,"type":"function"}],"location":"org/finos/waltz/schema/tables/StaticPanel.java","name":"StaticPanel","static":false,"type":"class"}],"name":"tables","type":"package"}],"name":"schema","type":"package"},{"children":[{"children":[{"labels":[],"location":"waltz-common/src/main/java/org/finos/waltz/common/ArrayUtilities.java:53","name":"isEmpty","static":true,"type":"function"}],"location":"waltz-common/src/main/java/org/finos/waltz/common/ArrayUtilities.java","name":"ArrayUtilities","static":false,"type":"class"}],"name":"common","type":"package"}],"name":"waltz","type":"package"}],"name":"finos","type":"package"}],"name":"org","type":"package"}],"version":"1.2","metadata":{"name":"GET /api/static-panel/group (200) - 16:28:18.725","app":"waltz","language":{"name":"java","version":"17.0.8+9-LTS-211","engine":"Java HotSpot(TM) 64-Bit Server VM"},"client":{"name":"appmap-java","url":"https://github.com/appland/appmap-java"},"recorder":{"name":"request_recording","type":"requests"},"recording":{},"git":{"repository":"git@github.com:land-of-apps/waltz.git","branch":"master","commit":"dde8a3935468f53fce15c81945a61208a9a291f3"}},"eventUpdates":{}}