{"events":[{"event":"call","http_server_request":{"headers":{"Cookie":"appland_session=bFU5p0cvqrcXlz2oQfgEZG3%2BQjfds2AwmlOA%2Fx5fhQLjPvVHIKrHyvnbeq5nw8c5sME56znPsnpSSzB3nr%2BHfdk9sEC9MgOgNKjgjD8qlzGqDVuwRPr30ch96LWGIDwuITrAUwQGqlUw7%2Fdsq0tjrfHFPTlemq71kQtCAIi9JTRWo5tLPJlG%2F9JtfTuiWIfWg8X67ZkAOuaapIHdaA5w5QtwMr7h34LfseImCERQpzoz9xTqJYqSi2SJ9RE1eVw2jyYFG9IGPA4d1USUIXvAmeaMOQ9Z%2BDmKhiIRXve6%2BzO47%2F2RW1kaH2PND2r0EKz%2BaWMbrXswEaj2kjwx09pTJANR5arO0I9c2RelyrURJyvI%2FZ8OwnG99VyxbE2scovqFvxwhmhXr1KDOxpRle3VOJSpxXtFaDjv2TSSbtqGkIj4T51u58xasM4KbZUpapu5OQ5ENf%2FSMADW4DHmCrSQJ14SgVbNtrazlgwdph5p0AKax1l0Bw7j0jz2SGT9C5HMnzVyZdV59G6paFrgLqvtGuXdWr4VeJt2tPVftjki2S0LpmpTAacYMTeiz0JRvAUI2MTy5coFmozGwP2tYolztMsGb%2Bss8Pp0ZRYy8EsEs78L1J1nDMR5VCJ5yVhSq8JXZA7Misee05vblyt4OMHf9CA4AMzWpe2NbExRxiHuW%2Bkx%2F83vj%2Btrqn1QRG33cQUOn3jl8nfSuSLj5p0K5PYVYnXJu8E7RhAyqpC6J23a%2F8B4qsDAOrIrUYPQAWaYOsjd0i3Q5y49d77RlVc7zyyLJxFNVWLlYCD5BrfOMpyF2f9InowPEQei23xjT4UE0W3dXZP1xhk5wDvQ--zbb2b%2Flld908TQxF--8LcY2kn8%2BBw8bSaDiyP6LQ%3D%3D","Accept":"*/*","Connection":"keep-alive","User-Agent":"Mozilla/5.0 (Macintosh; Intel Mac OS X 10_15_7) AppleWebKit/537.36 (KHTML, like Gecko) Chrome/126.0.0.0 Safari/537.36","Referer":"http://localhost:8080/","Sec-Fetch-Site":"same-origin","Sec-Fetch-Dest":"script","Host":"localhost:8080","Accept-Encoding":"gzip, deflate, br, zstd","Sec-Fetch-Mode":"no-cors","sec-ch-ua":"\"Not/A)Brand\";v=\"8\", \"Chromium\";v=\"126\", \"Google Chrome\";v=\"126\"","sec-ch-ua-mobile":"?0","sec-ch-ua-platform":"\"macOS\"","Accept-Language":"en-US,en;q=0.9"},"path_info":"/5299.986e071192426880db5e.js","protocol":"HTTP/1.1","request_method":"GET"},"id":67772,"thread_id":36},{"defined_class":"org.finos.waltz.web.endpoints.api.StaticResourcesEndpoint","event":"call","id":67773,"lineno":170,"method_id":"resolvePath","parameters":[{"class":"spark.http.matching.RequestWrapper","kind":"req","name":"request","object_id":1183152089,"value":"spark.Request@90fe173"}],"path":"waltz-web/src/main/java/org/finos/waltz/web/endpoints/api/StaticResourcesEndpoint.java","receiver":{"class":"org.finos.waltz.web.endpoints.api.StaticResourcesEndpoint","object_id":551183701,"value":"org.finos.waltz.web.endpoints.api.StaticResourcesEndpoint@20da6555"},"static":false,"thread_id":36},{"elapsed":4.098E-4,"event":"return","id":67774,"parent_id":67773,"return_value":{"class":"java.lang.String","object_id":1477789495,"value":"static/5299.986e071192426880db5e.js"},"thread_id":36},{"defined_class":"org.finos.waltz.web.WebUtilities","event":"call","id":67776,"lineno":337,"method_id":"getMimeType","parameters":[{"class":"java.lang.String","kind":"req","name":"path","object_id":1477789495,"value":"static/5299.986e071192426880db5e.js"}],"path":"waltz-web/src/main/java/org/finos/waltz/web/WebUtilities.java","static":true,"thread_id":36},{"defined_class":"org.finos.waltz.common.ObjectUtilities","event":"call","id":67778,"lineno":34,"method_id":"firstNotNull","parameters":[{"class":"[Ljava.lang.String;","kind":"req","name":"ts","object_id":1508888459,"value":"[Ljava.lang.String;@59efcf8b"}],"path":"waltz-common/src/main/java/org/finos/waltz/common/ObjectUtilities.java","static":true,"thread_id":36},{"elapsed":2.49E-5,"event":"return","id":67779,"parent_id":67778,"return_value":{"class":"java.lang.String","object_id":1117401480,"value":"text/javascript"},"thread_id":36},{"elapsed":6.66E-5,"event":"return","id":67781,"parent_id":67776,"return_value":{"class":"java.lang.String","object_id":1117401480,"value":"text/javascript"},"thread_id":36},{"defined_class":"org.finos.waltz.web.endpoints.api.StaticResourcesEndpoint","event":"call","id":67782,"lineno":107,"method_id":"addCacheHeadersIfNeeded","parameters":[{"class":"spark.http.matching.ResponseWrapper","kind":"req","name":"response","object_id":884555984,"value":"spark.Response@4667958f"},{"class":"java.lang.String","kind":"req","name":"resolvedPath","object_id":1477789495,"value":"static/5299.986e071192426880db5e.js"}],"path":"waltz-web/src/main/java/org/finos/waltz/web/endpoints/api/StaticResourcesEndpoint.java","receiver":{"class":"org.finos.waltz.web.endpoints.api.StaticResourcesEndpoint","object_id":551183701,"value":"org.finos.waltz.web.endpoints.api.StaticResourcesEndpoint@20da6555"},"static":false,"thread_id":36},{"elapsed":4.21E-5,"event":"return","id":67783,"parent_id":67782,"thread_id":36},{"defined_class":"org.finos.waltz.web.endpoints.api.StaticResourcesEndpoint","event":"call","id":67784,"lineno":126,"method_id":"modifyIndexBaseTagIfNeeded","parameters":[{"class":"spark.http.matching.RequestWrapper","kind":"req","name":"request","object_id":1183152089,"value":"spark.Request@90fe173"},{"class":"java.lang.String","kind":"req","name":"resolvedPath","object_id":1477789495,"value":"static/5299.986e071192426880db5e.js"},{"class":"java.io.BufferedInputStream","kind":"req","name":"resourceStream","object_id":806744137,"value":"java.io.BufferedInputStream@3015f049"}],"path":"waltz-web/src/main/java/org/finos/waltz/web/endpoints/api/StaticResourcesEndpoint.java","receiver":{"class":"org.finos.waltz.web.endpoints.api.StaticResourcesEndpoint","object_id":551183701,"value":"org.finos.waltz.web.endpoints.api.StaticResourcesEndpoint@20da6555"},"static":false,"thread_id":36},{"elapsed":1.13E-5,"event":"return","id":67785,"parent_id":67784,"return_value":{"class":"java.io.BufferedInputStream","object_id":806744137,"value":"java.io.BufferedInputStream@3015f049"},"thread_id":36},{"defined_class":"org.finos.waltz.common.IOUtilities","event":"call","id":67786,"lineno":54,"method_id":"copyStream","parameters":[{"class":"java.io.BufferedInputStream","kind":"req","name":"input","object_id":806744137,"value":"java.io.BufferedInputStream@3015f049"},{"class":"org.eclipse.jetty.server.HttpOutput","kind":"req","name":"output","object_id":975364698,"value":"HttpOutput@3a22e25a{s=OPEN,api=BLOCKING,sc=false,e=null}"}],"path":"waltz-common/src/main/java/org/finos/waltz/common/IOUtilities.java","static":true,"thread_id":36},{"defined_class":"org.finos.waltz.common.Checks","event":"call","id":67787,"lineno":37,"method_id":"checkNotNull","parameters":[{"class":"java.io.BufferedInputStream","kind":"req","name":"t","object_id":806744137,"value":"java.io.BufferedInputStream@3015f049"},{"class":"java.lang.String","kind":"req","name":"message","object_id":384607547,"value":"Input stream cannot be null"},{"class":"[Ljava.lang.Object;","kind":"req","name":"args","object_id":396485207,"value":"[Ljava.lang.Object;@17a1e257"}],"path":"waltz-common/src/main/java/org/finos/waltz/common/Checks.java","static":true,"thread_id":36},{"defined_class":"org.finos.waltz.common.Checks","event":"call","id":67789,"lineno":85,"method_id":"checkTrue","parameters":[{"class":"java.lang.Boolean","kind":"req","name":"b","object_id":1741409773,"value":"true"},{"class":"java.lang.String","kind":"req","name":"msg","object_id":384607547,"value":"Input stream cannot be null"},{"class":"[Ljava.lang.Object;","kind":"req","name":"args","object_id":396485207,"value":"[Ljava.lang.Object;@17a1e257"}],"path":"waltz-common/src/main/java/org/finos/waltz/common/Checks.java","static":true,"thread_id":36},{"elapsed":5.15E-5,"event":"return","id":67790,"parent_id":67789,"thread_id":36},{"elapsed":9.28E-5,"event":"return","id":67791,"parent_id":67787,"return_value":{"class":"java.io.BufferedInputStream","object_id":806744137,"value":"java.io.BufferedInputStream@3015f049"},"thread_id":36},{"defined_class":"org.finos.waltz.common.Checks","event":"call","id":67792,"lineno":37,"method_id":"checkNotNull","parameters":[{"class":"org.eclipse.jetty.server.HttpOutput","kind":"req","name":"t","object_id":975364698,"value":"HttpOutput@3a22e25a{s=OPEN,api=BLOCKING,sc=false,e=null}"},{"class":"java.lang.String","kind":"req","name":"message","object_id":558176083,"value":"Output stream cannot be null"},{"class":"[Ljava.lang.Object;","kind":"req","name":"args","object_id":1776324531,"value":"[Ljava.lang.Object;@69e08fb3"}],"path":"waltz-common/src/main/java/org/finos/waltz/common/Checks.java","static":true,"thread_id":36},{"defined_class":"org.finos.waltz.common.Checks","event":"call","id":67793,"lineno":85,"method_id":"checkTrue","parameters":[{"class":"java.lang.Boolean","kind":"req","name":"b","object_id":1741409773,"value":"true"},{"class":"java.lang.String","kind":"req","name":"msg","object_id":558176083,"value":"Output stream cannot be null"},{"class":"[Ljava.lang.Object;","kind":"req","name":"args","object_id":1776324531,"value":"[Ljava.lang.Object;@69e08fb3"}],"path":"waltz-common/src/main/java/org/finos/waltz/common/Checks.java","static":true,"thread_id":36},{"elapsed":1.292E-4,"event":"return","id":67794,"parent_id":67793,"thread_id":36},{"elapsed":2.965E-4,"event":"return","id":67795,"parent_id":67792,"return_value":{"class":"org.eclipse.jetty.server.HttpOutput","object_id":975364698,"value":"HttpOutput@3a22e25a{s=OPEN,api=BLOCKING,sc=false,e=null}"},"thread_id":36},{"elapsed":0.0014807,"event":"return","id":67796,"parent_id":67786,"thread_id":36},{"elapsed":0.0034233,"event":"return","http_server_response":{"headers":{"Access-Control-Expose-Headers":"*","Cache-Control":"max-age=2592000","Access-Control-Allow-Origin":"*","Date":"Tue, 23 Jul 2024 16:28:05 GMT","Content-Type":"text/javascript"},"status":200},"id":67797,"parent_id":67772,"thread_id":36}],"classMap":[{"children":[{"children":[{"children":[{"children":[{"children":[{"labels":[],"location":"waltz-common/src/main/java/org/finos/waltz/common/IOUtilities.java:54","name":"copyStream","static":true,"type":"function"}],"location":"waltz-common/src/main/java/org/finos/waltz/common/IOUtilities.java","name":"IOUtilities","static":false,"type":"class"},{"children":[{"labels":[],"location":"waltz-common/src/main/java/org/finos/waltz/common/Checks.java:85","name":"checkTrue","static":true,"type":"function"},{"labels":[],"location":"waltz-common/src/main/java/org/finos/waltz/common/Checks.java:37","name":"checkNotNull","static":true,"type":"function"}],"location":"waltz-common/src/main/java/org/finos/waltz/common/Checks.java","name":"Checks","static":false,"type":"class"},{"children":[{"labels":[],"location":"waltz-common/src/main/java/org/finos/waltz/common/ObjectUtilities.java:34","name":"firstNotNull","static":true,"type":"function"}],"location":"waltz-common/src/main/java/org/finos/waltz/common/ObjectUtilities.java","name":"ObjectUtilities","static":false,"type":"class"}],"name":"common","type":"package"},{"children":[{"children":[{"children":[{"children":[{"labels":[],"location":"waltz-web/src/main/java/org/finos/waltz/web/endpoints/api/StaticResourcesEndpoint.java:170","name":"resolvePath","static":false,"type":"function"},{"labels":[],"location":"waltz-web/src/main/java/org/finos/waltz/web/endpoints/api/StaticResourcesEndpoint.java:107","name":"addCacheHeadersIfNeeded","static":false,"type":"function"},{"labels":[],"location":"waltz-web/src/main/java/org/finos/waltz/web/endpoints/api/StaticResourcesEndpoint.java:126","name":"modifyIndexBaseTagIfNeeded","static":false,"type":"function"}],"location":"waltz-web/src/main/java/org/finos/waltz/web/endpoints/api/StaticResourcesEndpoint.java","name":"StaticResourcesEndpoint","static":false,"type":"class"}],"name":"api","type":"package"}],"name":"endpoints","type":"package"},{"children":[{"labels":[],"location":"waltz-web/src/main/java/org/finos/waltz/web/WebUtilities.java:337","name":"getMimeType","static":true,"type":"function"}],"location":"waltz-web/src/main/java/org/finos/waltz/web/WebUtilities.java","name":"WebUtilities","static":false,"type":"class"}],"name":"web","type":"package"}],"name":"waltz","type":"package"}],"name":"finos","type":"package"}],"name":"org","type":"package"}],"version":"1.2","metadata":{"name":"GET /5299.986e071192426880db5e.js (200) - 16:28:05.295","app":"waltz","language":{"name":"java","version":"17.0.8+9-LTS-211","engine":"Java HotSpot(TM) 64-Bit Server VM"},"client":{"name":"appmap-java","url":"https://github.com/appland/appmap-java"},"recorder":{"name":"request_recording","type":"requests"},"recording":{},"git":{"repository":"git@github.com:land-of-apps/waltz.git","branch":"master","commit":"dde8a3935468f53fce15c81945a61208a9a291f3"}},"eventUpdates":{}}