{"events":[{"event":"call","http_server_request":{"headers":{"Origin":"http://localhost:8080","Cookie":"appland_session=bFU5p0cvqrcXlz2oQfgEZG3%2BQjfds2AwmlOA%2Fx5fhQLjPvVHIKrHyvnbeq5nw8c5sME56znPsnpSSzB3nr%2BHfdk9sEC9MgOgNKjgjD8qlzGqDVuwRPr30ch96LWGIDwuITrAUwQGqlUw7%2Fdsq0tjrfHFPTlemq71kQtCAIi9JTRWo5tLPJlG%2F9JtfTuiWIfWg8X67ZkAOuaapIHdaA5w5QtwMr7h34LfseImCERQpzoz9xTqJYqSi2SJ9RE1eVw2jyYFG9IGPA4d1USUIXvAmeaMOQ9Z%2BDmKhiIRXve6%2BzO47%2F2RW1kaH2PND2r0EKz%2BaWMbrXswEaj2kjwx09pTJANR5arO0I9c2RelyrURJyvI%2FZ8OwnG99VyxbE2scovqFvxwhmhXr1KDOxpRle3VOJSpxXtFaDjv2TSSbtqGkIj4T51u58xasM4KbZUpapu5OQ5ENf%2FSMADW4DHmCrSQJ14SgVbNtrazlgwdph5p0AKax1l0Bw7j0jz2SGT9C5HMnzVyZdV59G6paFrgLqvtGuXdWr4VeJt2tPVftjki2S0LpmpTAacYMTeiz0JRvAUI2MTy5coFmozGwP2tYolztMsGb%2Bss8Pp0ZRYy8EsEs78L1J1nDMR5VCJ5yVhSq8JXZA7Misee05vblyt4OMHf9CA4AMzWpe2NbExRxiHuW%2Bkx%2F83vj%2Btrqn1QRG33cQUOn3jl8nfSuSLj5p0K5PYVYnXJu8E7RhAyqpC6J23a%2F8B4qsDAOrIrUYPQAWaYOsjd0i3Q5y49d77RlVc7zyyLJxFNVWLlYCD5BrfOMpyF2f9InowPEQei23xjT4UE0W3dXZP1xhk5wDvQ--zbb2b%2Flld908TQxF--8LcY2kn8%2BBw8bSaDiyP6LQ%3D%3D","Accept":"application/json, text/plain, */*","Connection":"keep-alive","User-Agent":"Mozilla/5.0 (Macintosh; Intel Mac OS X 10_15_7) AppleWebKit/537.36 (KHTML, like Gecko) Chrome/126.0.0.0 Safari/537.36","Referer":"http://localhost:8080/org-units","Sec-Fetch-Site":"same-origin","Sec-Fetch-Dest":"empty","Host":"localhost:8080","Accept-Encoding":"gzip, deflate, br, zstd","Sec-Fetch-Mode":"cors","sec-ch-ua":"\"Not/A)Brand\";v=\"8\", \"Chromium\";v=\"126\", \"Google Chrome\";v=\"126\"","sec-ch-ua-mobile":"?0","sec-ch-ua-platform":"\"macOS\"","Accept-Language":"en-US,en;q=0.9","Content-Length":"117","Content-Type":"application/json;charset=UTF-8"},"path_info":"/api/facet/count-by/application/kind","protocol":"HTTP/1.1","request_method":"POST"},"id":95016,"thread_id":29},{"defined_class":"org.finos.waltz.web.endpoints.auth.JWTAuthenticationFilter","event":"call","id":95017,"lineno":62,"method_id":"handle","parameters":[{"class":"spark.http.matching.RequestWrapper","kind":"req","name":"request","object_id":1424705185,"value":"spark.Request@5f140e39"},{"class":"spark.http.matching.ResponseWrapper","kind":"req","name":"response","object_id":215523654,"value":"spark.Response@594b149b"}],"path":"waltz-web/src/main/java/org/finos/waltz/web/endpoints/auth/JWTAuthenticationFilter.java","receiver":{"class":"org.finos.waltz.web.endpoints.auth.JWTAuthenticationFilter","object_id":1016985344,"value":"org.finos.waltz.web.endpoints.auth.JWTAuthenticationFilter@3c9df700"},"static":false,"thread_id":29},{"elapsed":1.59E-5,"event":"return","id":95018,"parent_id":95017,"thread_id":29},{"defined_class":"org.finos.waltz.web.WebUtilities","event":"call","id":95022,"lineno":262,"method_id":"readIdSelectionOptionsFromBody","parameters":[{"class":"spark.http.matching.RequestWrapper","kind":"req","name":"request","object_id":1424705185,"value":"spark.Request@579b9f5d"}],"path":"waltz-web/src/main/java/org/finos/waltz/web/WebUtilities.java","static":true,"thread_id":29},{"defined_class":"org.finos.waltz.web.WebUtilities","event":"call","id":95023,"lineno":234,"method_id":"readBody","parameters":[{"class":"spark.http.matching.RequestWrapper","kind":"req","name":"request","object_id":1424705185,"value":"spark.Request@579b9f5d"},{"class":"java.lang.Class","kind":"req","name":"objClass","object_id":929597630,"value":"class org.finos.waltz.model.IdSelectionOptions"}],"path":"waltz-web/src/main/java/org/finos/waltz/web/WebUtilities.java","static":true,"thread_id":29},{"defined_class":"org.finos.waltz.model.ImmutableEntityReference","event":"call","id":96436,"lineno":310,"method_id":"fromJson","parameters":[{"class":"org.finos.waltz.model.ImmutableEntityReference$Json","kind":"req","name":"json","object_id":511755897,"value":"org.finos.waltz.model.ImmutableEntityReference$Json@1e80c679"}],"path":"org/finos/waltz/model/ImmutableEntityReference.java","static":true,"thread_id":29},{"defined_class":"org.finos.waltz.model.ImmutableEntityReference","event":"call","id":96441,"lineno":363,"method_id":"builder","path":"org/finos/waltz/model/ImmutableEntityReference.java","static":true,"thread_id":29},{"elapsed":1.45E-5,"event":"return","id":96444,"parent_id":96441,"return_value":{"class":"org.finos.waltz.model.ImmutableEntityReference$Builder","object_id":1629120086,"value":"org.finos.waltz.model.ImmutableEntityReference$Builder@611a6656"},"thread_id":29},{"defined_class":"org.finos.waltz.model.ImmutableEntityReference$Builder","event":"call","id":96445,"lineno":509,"method_id":"kind","parameters":[{"class":"org.finos.waltz.model.EntityKind","kind":"req","name":"kind","object_id":2013270351,"value":"ORG_UNIT"}],"path":"org/finos/waltz/model/ImmutableEntityReference.java","receiver":{"class":"org.finos.waltz.model.ImmutableEntityReference$Builder","object_id":1629120086,"value":"org.finos.waltz.model.ImmutableEntityReference$Builder@611a6656"},"static":false,"thread_id":29},{"elapsed":2.8E-6,"event":"return","id":96446,"parent_id":96445,"return_value":{"class":"org.finos.waltz.model.ImmutableEntityReference$Builder","object_id":1629120086,"value":"org.finos.waltz.model.ImmutableEntityReference$Builder@611a6656"},"thread_id":29},{"defined_class":"org.finos.waltz.model.ImmutableEntityReference$Builder","event":"call","id":96447,"lineno":521,"method_id":"id","parameters":[{"class":"java.lang.Long","kind":"req","name":"id","object_id":1618237730,"value":"190"}],"path":"org/finos/waltz/model/ImmutableEntityReference.java","receiver":{"class":"org.finos.waltz.model.ImmutableEntityReference$Builder","object_id":1629120086,"value":"org.finos.waltz.model.ImmutableEntityReference$Builder@611a6656"},"static":false,"thread_id":29},{"elapsed":1.6E-6,"event":"return","id":96448,"parent_id":96447,"return_value":{"class":"org.finos.waltz.model.ImmutableEntityReference$Builder","object_id":1629120086,"value":"org.finos.waltz.model.ImmutableEntityReference$Builder@611a6656"},"thread_id":29},{"defined_class":"org.finos.waltz.model.ImmutableEntityReference$Builder","event":"call","id":96449,"lineno":543,"method_id":"name","parameters":[{"class":"java.util.Optional","kind":"req","name":"name","object_id":1970448387,"value":"Optional.empty"}],"path":"org/finos/waltz/model/ImmutableEntityReference.java","receiver":{"class":"org.finos.waltz.model.ImmutableEntityReference$Builder","object_id":1629120086,"value":"org.finos.waltz.model.ImmutableEntityReference$Builder@611a6656"},"static":false,"thread_id":29},{"elapsed":8.9E-6,"event":"return","id":96450,"parent_id":96449,"return_value":{"class":"org.finos.waltz.model.ImmutableEntityReference$Builder","object_id":1629120086,"value":"org.finos.waltz.model.ImmutableEntityReference$Builder@611a6656"},"thread_id":29},{"defined_class":"org.finos.waltz.model.ImmutableEntityReference$Builder","event":"call","id":96451,"lineno":564,"method_id":"externalId","parameters":[{"class":"java.util.Optional","kind":"req","name":"externalId","object_id":1970448387,"value":"Optional.empty"}],"path":"org/finos/waltz/model/ImmutableEntityReference.java","receiver":{"class":"org.finos.waltz.model.ImmutableEntityReference$Builder","object_id":1629120086,"value":"org.finos.waltz.model.ImmutableEntityReference$Builder@611a6656"},"static":false,"thread_id":29},{"elapsed":3.1E-6,"event":"return","id":96452,"parent_id":96451,"return_value":{"class":"org.finos.waltz.model.ImmutableEntityReference$Builder","object_id":1629120086,"value":"org.finos.waltz.model.ImmutableEntityReference$Builder@611a6656"},"thread_id":29},{"defined_class":"org.finos.waltz.model.ImmutableEntityReference$Builder","event":"call","id":96453,"lineno":586,"method_id":"build","path":"org/finos/waltz/model/ImmutableEntityReference.java","receiver":{"class":"org.finos.waltz.model.ImmutableEntityReference$Builder","object_id":1629120086,"value":"org.finos.waltz.model.ImmutableEntityReference$Builder@611a6656"},"static":false,"thread_id":29},{"defined_class":"org.finos.waltz.model.EntityReference","event":"call","id":96454,"lineno":54,"method_id":"entityLifecycleStatus","path":"waltz-model/src/main/java/org/finos/waltz/model/EntityReference.java","receiver":{"class":"org.finos.waltz.model.ImmutableEntityReference","object_id":1797145350,"value":"EntityReference{kind=ORG_UNIT, id=190, entityLifecycleStatus=null}"},"static":false,"thread_id":29},{"elapsed":2.5E-6,"event":"return","id":96455,"parent_id":96454,"return_value":{"class":"org.finos.waltz.model.EntityLifecycleStatus","object_id":956220808,"value":"ACTIVE"},"thread_id":29},{"elapsed":1.37E-5,"event":"return","id":96456,"parent_id":96453,"return_value":{"class":"org.finos.waltz.model.ImmutableEntityReference","object_id":1797145350,"value":"EntityReference{kind=ORG_UNIT, id=190, entityLifecycleStatus=ACTIVE}"},"thread_id":29},{"elapsed":9.17E-5,"event":"return","id":96457,"parent_id":96436,"return_value":{"class":"org.finos.waltz.model.ImmutableEntityReference","object_id":1797145350,"value":"EntityReference{kind=ORG_UNIT, id=190, entityLifecycleStatus=ACTIVE}"},"thread_id":29},{"defined_class":"org.finos.waltz.model.ImmutableSelectionFilters","event":"call","id":96458,"lineno":128,"method_id":"fromJson","parameters":[{"class":"org.finos.waltz.model.ImmutableSelectionFilters$Json","kind":"req","name":"json","object_id":1941304082,"value":"org.finos.waltz.model.ImmutableSelectionFilters$Json@73b5f312"}],"path":"org/finos/waltz/model/ImmutableSelectionFilters.java","static":true,"thread_id":29},{"defined_class":"org.finos.waltz.model.ImmutableSelectionFilters","event":"call","id":96465,"lineno":161,"method_id":"builder","path":"org/finos/waltz/model/ImmutableSelectionFilters.java","static":true,"thread_id":29},{"elapsed":3.858E-4,"event":"return","id":96466,"parent_id":96465,"return_value":{"class":"org.finos.waltz.model.ImmutableSelectionFilters$Builder","object_id":1101988836,"value":"org.finos.waltz.model.ImmutableSelectionFilters$Builder@41af03e4"},"thread_id":29},{"defined_class":"org.finos.waltz.model.ImmutableSelectionFilters$Builder","event":"call","id":96467,"lineno":232,"method_id":"addAllOmitApplicationKinds","parameters":[{"class":"java.util.Collections$EmptySet","kind":"req","name":"elements","object_id":1538436594,"value":"[]"}],"path":"org/finos/waltz/model/ImmutableSelectionFilters.java","receiver":{"class":"org.finos.waltz.model.ImmutableSelectionFilters$Builder","object_id":1101988836,"value":"org.finos.waltz.model.ImmutableSelectionFilters$Builder@41af03e4"},"static":false,"thread_id":29},{"elapsed":1.26E-5,"event":"return","id":96468,"parent_id":96467,"return_value":{"class":"org.finos.waltz.model.ImmutableSelectionFilters$Builder","object_id":1101988836,"value":"org.finos.waltz.model.ImmutableSelectionFilters$Builder@41af03e4"},"thread_id":29},{"defined_class":"org.finos.waltz.model.ImmutableSelectionFilters$Builder","event":"call","id":96469,"lineno":244,"method_id":"build","path":"org/finos/waltz/model/ImmutableSelectionFilters.java","receiver":{"class":"org.finos.waltz.model.ImmutableSelectionFilters$Builder","object_id":1101988836,"value":"org.finos.waltz.model.ImmutableSelectionFilters$Builder@41af03e4"},"static":false,"thread_id":29},{"defined_class":"org.finos.waltz.model.ImmutableSelectionFilters","event":"call","id":96476,"lineno":267,"method_id":"createUnmodifiableEnumSet","parameters":[{"class":"java.util.RegularEnumSet","kind":"req","name":"iterable","object_id":64028602,"value":"[]"}],"path":"org/finos/waltz/model/ImmutableSelectionFilters.java","static":true,"thread_id":29},{"elapsed":2.24E-5,"event":"return","id":96479,"parent_id":96476,"return_value":{"class":"java.util.Collections$UnmodifiableSet","object_id":441424565,"value":"[]"},"thread_id":29},{"elapsed":8.77E-5,"event":"return","id":96482,"parent_id":96469,"return_value":{"class":"org.finos.waltz.model.ImmutableSelectionFilters","object_id":1186912141,"value":"SelectionFilters{omitApplicationKinds=[]}"},"thread_id":29},{"elapsed":5.791E-4,"event":"return","id":96485,"parent_id":96458,"return_value":{"class":"org.finos.waltz.model.ImmutableSelectionFilters","object_id":1186912141,"value":"SelectionFilters{omitApplicationKinds=[]}"},"thread_id":29},{"defined_class":"org.finos.waltz.model.ImmutableIdSelectionOptions","event":"call","id":96488,"lineno":368,"method_id":"fromJson","parameters":[{"class":"org.finos.waltz.model.ImmutableIdSelectionOptions$Json","kind":"req","name":"json","object_id":2134334621,"value":"org.finos.waltz.model.ImmutableIdSelectionOptions$Json@7f375c9d"}],"path":"org/finos/waltz/model/ImmutableIdSelectionOptions.java","static":true,"thread_id":29},{"defined_class":"org.finos.waltz.model.ImmutableIdSelectionOptions","event":"call","id":96489,"lineno":417,"method_id":"builder","path":"org/finos/waltz/model/ImmutableIdSelectionOptions.java","static":true,"thread_id":29},{"elapsed":7.3E-6,"event":"return","id":96491,"parent_id":96489,"return_value":{"class":"org.finos.waltz.model.ImmutableIdSelectionOptions$Builder","object_id":2065580526,"value":"org.finos.waltz.model.ImmutableIdSelectionOptions$Builder@7b1e41ee"},"thread_id":29},{"defined_class":"org.finos.waltz.model.ImmutableIdSelectionOptions$Builder","event":"call","id":96492,"lineno":472,"method_id":"entityReference","parameters":[{"class":"org.finos.waltz.model.ImmutableEntityReference","kind":"req","name":"entityReference","object_id":1797145350,"value":"EntityReference{kind=ORG_UNIT, id=190, entityLifecycleStatus=ACTIVE}"}],"path":"org/finos/waltz/model/ImmutableIdSelectionOptions.java","receiver":{"class":"org.finos.waltz.model.ImmutableIdSelectionOptions$Builder","object_id":2065580526,"value":"org.finos.waltz.model.ImmutableIdSelectionOptions$Builder@7b1e41ee"},"static":false,"thread_id":29},{"elapsed":2.6E-6,"event":"return","id":96493,"parent_id":96492,"return_value":{"class":"org.finos.waltz.model.ImmutableIdSelectionOptions$Builder","object_id":2065580526,"value":"org.finos.waltz.model.ImmutableIdSelectionOptions$Builder@7b1e41ee"},"thread_id":29},{"defined_class":"org.finos.waltz.model.ImmutableIdSelectionOptions$Builder","event":"call","id":96494,"lineno":484,"method_id":"scope","parameters":[{"class":"org.finos.waltz.model.HierarchyQueryScope","kind":"req","name":"scope","object_id":1616647902,"value":"CHILDREN"}],"path":"org/finos/waltz/model/ImmutableIdSelectionOptions.java","receiver":{"class":"org.finos.waltz.model.ImmutableIdSelectionOptions$Builder","object_id":2065580526,"value":"org.finos.waltz.model.ImmutableIdSelectionOptions$Builder@7b1e41ee"},"static":false,"thread_id":29},{"elapsed":2.4E-6,"event":"return","id":96495,"parent_id":96494,"return_value":{"class":"org.finos.waltz.model.ImmutableIdSelectionOptions$Builder","object_id":2065580526,"value":"org.finos.waltz.model.ImmutableIdSelectionOptions$Builder@7b1e41ee"},"thread_id":29},{"defined_class":"org.finos.waltz.model.ImmutableIdSelectionOptions$Builder","event":"call","id":96496,"lineno":506,"method_id":"joiningEntityKind","parameters":[{"class":"java.util.Optional","kind":"req","name":"joiningEntityKind","object_id":1970448387,"value":"Optional.empty"}],"path":"org/finos/waltz/model/ImmutableIdSelectionOptions.java","receiver":{"class":"org.finos.waltz.model.ImmutableIdSelectionOptions$Builder","object_id":2065580526,"value":"org.finos.waltz.model.ImmutableIdSelectionOptions$Builder@7b1e41ee"},"static":false,"thread_id":29},{"elapsed":2.2E-6,"event":"return","id":96497,"parent_id":96496,"return_value":{"class":"org.finos.waltz.model.ImmutableIdSelectionOptions$Builder","object_id":2065580526,"value":"org.finos.waltz.model.ImmutableIdSelectionOptions$Builder@7b1e41ee"},"thread_id":29},{"defined_class":"org.finos.waltz.model.ImmutableIdSelectionOptions$Builder","event":"call","id":96498,"lineno":552,"method_id":"addAllEntityLifecycleStatuses","parameters":[{"class":"java.util.HashSet","kind":"req","name":"elements","object_id":501413386,"value":"[ACTIVE]"}],"path":"org/finos/waltz/model/ImmutableIdSelectionOptions.java","receiver":{"class":"org.finos.waltz.model.ImmutableIdSelectionOptions$Builder","object_id":2065580526,"value":"org.finos.waltz.model.ImmutableIdSelectionOptions$Builder@7b1e41ee"},"static":false,"thread_id":29},{"elapsed":3.0E-6,"event":"return","id":96499,"parent_id":96498,"return_value":{"class":"org.finos.waltz.model.ImmutableIdSelectionOptions$Builder","object_id":2065580526,"value":"org.finos.waltz.model.ImmutableIdSelectionOptions$Builder@7b1e41ee"},"thread_id":29},{"defined_class":"org.finos.waltz.model.ImmutableIdSelectionOptions$Builder","event":"call","id":96500,"lineno":567,"method_id":"filters","parameters":[{"class":"org.finos.waltz.model.ImmutableSelectionFilters","kind":"req","name":"filters","object_id":1186912141,"value":"SelectionFilters{omitApplicationKinds=[]}"}],"path":"org/finos/waltz/model/ImmutableIdSelectionOptions.java","receiver":{"class":"org.finos.waltz.model.ImmutableIdSelectionOptions$Builder","object_id":2065580526,"value":"org.finos.waltz.model.ImmutableIdSelectionOptions$Builder@7b1e41ee"},"static":false,"thread_id":29},{"elapsed":5.8E-6,"event":"return","id":96501,"parent_id":96500,"return_value":{"class":"org.finos.waltz.model.ImmutableIdSelectionOptions$Builder","object_id":2065580526,"value":"org.finos.waltz.model.ImmutableIdSelectionOptions$Builder@7b1e41ee"},"thread_id":29},{"defined_class":"org.finos.waltz.model.ImmutableIdSelectionOptions$Builder","event":"call","id":96505,"lineno":577,"method_id":"build","path":"org/finos/waltz/model/ImmutableIdSelectionOptions.java","receiver":{"class":"org.finos.waltz.model.ImmutableIdSelectionOptions$Builder","object_id":2065580526,"value":"org.finos.waltz.model.ImmutableIdSelectionOptions$Builder@7b1e41ee"},"static":false,"thread_id":29},{"defined_class":"org.finos.waltz.model.ImmutableIdSelectionOptions$Builder","event":"call","id":96509,"lineno":584,"method_id":"entityLifecycleStatusesIsSet","path":"org/finos/waltz/model/ImmutableIdSelectionOptions.java","receiver":{"class":"org.finos.waltz.model.ImmutableIdSelectionOptions$Builder","object_id":2065580526,"value":"org.finos.waltz.model.ImmutableIdSelectionOptions$Builder@7b1e41ee"},"static":false,"thread_id":29},{"elapsed":4.9E-6,"event":"return","id":96510,"parent_id":96509,"return_value":{"class":"java.lang.Boolean","object_id":1741409773,"value":"true"},"thread_id":29},{"defined_class":"org.finos.waltz.model.ImmutableIdSelectionOptions","event":"call","id":96511,"lineno":614,"method_id":"createUnmodifiableEnumSet","parameters":[{"class":"java.util.RegularEnumSet","kind":"req","name":"iterable","object_id":768628868,"value":"[ACTIVE]"}],"path":"org/finos/waltz/model/ImmutableIdSelectionOptions.java","static":true,"thread_id":29},{"elapsed":3.41E-5,"event":"return","id":96514,"parent_id":96511,"return_value":{"class":"java.util.Collections$UnmodifiableSet","object_id":1749428759,"value":"[ACTIVE]"},"thread_id":29},{"defined_class":"org.finos.waltz.model.ImmutableIdSelectionOptions$InitShim","event":"call","id":96546,"lineno":84,"method_id":"entityLifecycleStatuses","parameters":[{"class":"java.util.Collections$UnmodifiableSet","kind":"req","name":"entityLifecycleStatuses","object_id":1749428759,"value":"[ACTIVE]"}],"path":"org/finos/waltz/model/ImmutableIdSelectionOptions.java","receiver":{"class":"org.finos.waltz.model.ImmutableIdSelectionOptions$InitShim","object_id":1633556416,"value":"org.finos.waltz.model.ImmutableIdSelectionOptions$InitShim@615e17c0"},"static":false,"thread_id":29},{"elapsed":6.0E-6,"event":"return","id":96547,"parent_id":96546,"thread_id":29},{"defined_class":"org.finos.waltz.model.ImmutableIdSelectionOptions$InitShim","event":"call","id":96548,"lineno":102,"method_id":"filters","parameters":[{"class":"org.finos.waltz.model.ImmutableSelectionFilters","kind":"req","name":"filters","object_id":1186912141,"value":"SelectionFilters{omitApplicationKinds=[]}"}],"path":"org/finos/waltz/model/ImmutableIdSelectionOptions.java","receiver":{"class":"org.finos.waltz.model.ImmutableIdSelectionOptions$InitShim","object_id":1633556416,"value":"org.finos.waltz.model.ImmutableIdSelectionOptions$InitShim@615e17c0"},"static":false,"thread_id":29},{"elapsed":2.3E-6,"event":"return","id":96549,"parent_id":96548,"thread_id":29},{"defined_class":"org.finos.waltz.model.ImmutableIdSelectionOptions$InitShim","event":"call","id":96550,"lineno":74,"method_id":"entityLifecycleStatuses","path":"org/finos/waltz/model/ImmutableIdSelectionOptions.java","receiver":{"class":"org.finos.waltz.model.ImmutableIdSelectionOptions$InitShim","object_id":1633556416,"value":"org.finos.waltz.model.ImmutableIdSelectionOptions$InitShim@615e17c0"},"static":false,"thread_id":29},{"elapsed":3.0E-6,"event":"return","id":96551,"parent_id":96550,"return_value":{"class":"java.util.Collections$UnmodifiableSet","object_id":1749428759,"value":"[ACTIVE]"},"thread_id":29},{"defined_class":"org.finos.waltz.model.ImmutableIdSelectionOptions$InitShim","event":"call","id":96552,"lineno":92,"method_id":"filters","path":"org/finos/waltz/model/ImmutableIdSelectionOptions.java","receiver":{"class":"org.finos.waltz.model.ImmutableIdSelectionOptions$InitShim","object_id":1633556416,"value":"org.finos.waltz.model.ImmutableIdSelectionOptions$InitShim@615e17c0"},"static":false,"thread_id":29},{"elapsed":5.0E-6,"event":"return","id":96553,"parent_id":96552,"return_value":{"class":"org.finos.waltz.model.ImmutableSelectionFilters","object_id":1186912141,"value":"SelectionFilters{omitApplicationKinds=[]}"},"thread_id":29},{"elapsed":3.017E-4,"event":"return","id":96554,"parent_id":96505,"return_value":{"class":"org.finos.waltz.model.ImmutableIdSelectionOptions","object_id":1804009287,"value":"IdSelectionOptions{entityReference=EntityReference{kind=ORG_UNIT, id=190, entityLifecycleStatus=ACTIVE}, scope=CHILDREN, entityLifecycleStatuses=[ACTIVE], filters=SelectionFilters{omitApplicationKinds=[]}}"},"thread_id":29},{"elapsed":3.813E-4,"event":"return","id":96555,"parent_id":96488,"return_value":{"class":"org.finos.waltz.model.ImmutableIdSelectionOptions","object_id":1804009287,"value":"IdSelectionOptions{entityReference=EntityReference{kind=ORG_UNIT, id=190, entityLifecycleStatus=ACTIVE}, scope=CHILDREN, entityLifecycleStatuses=[ACTIVE], filters=SelectionFilters{omitApplicationKinds=[]}}"},"thread_id":29},{"elapsed":0.0728194,"event":"return","id":96556,"parent_id":95023,"return_value":{"class":"org.finos.waltz.model.ImmutableIdSelectionOptions","object_id":1804009287,"value":"IdSelectionOptions{entityReference=EntityReference{kind=ORG_UNIT, id=190, entityLifecycleStatus=ACTIVE}, scope=CHILDREN, entityLifecycleStatuses=[ACTIVE], filters=SelectionFilters{omitApplicationKinds=[]}}"},"thread_id":29},{"elapsed":0.072837,"event":"return","id":96557,"parent_id":95022,"return_value":{"class":"org.finos.waltz.model.ImmutableIdSelectionOptions","object_id":1804009287,"value":"IdSelectionOptions{entityReference=EntityReference{kind=ORG_UNIT, id=190, entityLifecycleStatus=ACTIVE}, scope=CHILDREN, entityLifecycleStatuses=[ACTIVE], filters=SelectionFilters{omitApplicationKinds=[]}}"},"thread_id":29},{"defined_class":"org.finos.waltz.service.facet.FacetService","event":"call","id":96558,"lineno":54,"method_id":"getApplicationKindTallies","parameters":[{"class":"org.finos.waltz.model.ImmutableIdSelectionOptions","kind":"req","name":"options","object_id":1804009287,"value":"IdSelectionOptions{entityReference=EntityReference{kind=ORG_UNIT, id=190, entityLifecycleStatus=ACTIVE}, scope=CHILDREN, entityLifecycleStatuses=[ACTIVE], filters=SelectionFilters{omitApplicationKinds=[]}}"}],"path":"waltz-service/src/main/java/org/finos/waltz/service/facet/FacetService.java","receiver":{"class":"org.finos.waltz.service.facet.FacetService","object_id":1675781158,"value":"org.finos.waltz.service.facet.FacetService@63e26426"},"static":false,"thread_id":29},{"defined_class":"org.finos.waltz.model.ImmutableIdSelectionOptions","event":"call","id":96566,"lineno":120,"method_id":"entityReference","path":"org/finos/waltz/model/ImmutableIdSelectionOptions.java","receiver":{"class":"org.finos.waltz.model.ImmutableIdSelectionOptions","object_id":1804009287,"value":"IdSelectionOptions{entityReference=EntityReference{kind=ORG_UNIT, id=190, entityLifecycleStatus=ACTIVE}, scope=CHILDREN, entityLifecycleStatuses=[ACTIVE], filters=SelectionFilters{omitApplicationKinds=[]}}"},"static":false,"thread_id":29},{"elapsed":3.17E-5,"event":"return","id":96568,"parent_id":96566,"return_value":{"class":"org.finos.waltz.model.ImmutableEntityReference","object_id":1797145350,"value":"EntityReference{kind=ORG_UNIT, id=190, entityLifecycleStatus=ACTIVE}"},"thread_id":29},{"defined_class":"org.finos.waltz.model.ImmutableIdSelectionOptions","event":"call","id":96569,"lineno":129,"method_id":"scope","path":"org/finos/waltz/model/ImmutableIdSelectionOptions.java","receiver":{"class":"org.finos.waltz.model.ImmutableIdSelectionOptions","object_id":1804009287,"value":"IdSelectionOptions{entityReference=EntityReference{kind=ORG_UNIT, id=190, entityLifecycleStatus=ACTIVE}, scope=CHILDREN, entityLifecycleStatuses=[ACTIVE], filters=SelectionFilters{omitApplicationKinds=[]}}"},"static":false,"thread_id":29},{"elapsed":2.98E-5,"event":"return","id":96579,"parent_id":96569,"return_value":{"class":"org.finos.waltz.model.HierarchyQueryScope","object_id":1616647902,"value":"CHILDREN"},"thread_id":29},{"defined_class":"org.finos.waltz.model.IdSelectionOptions","event":"call","id":96582,"lineno":55,"method_id":"mkOpts","parameters":[{"class":"org.finos.waltz.model.ImmutableEntityReference","kind":"req","name":"ref","object_id":1797145350,"value":"EntityReference{kind=ORG_UNIT, id=190, entityLifecycleStatus=ACTIVE}"},{"class":"org.finos.waltz.model.HierarchyQueryScope","kind":"req","name":"scope","object_id":1616647902,"value":"CHILDREN"}],"path":"waltz-model/src/main/java/org/finos/waltz/model/IdSelectionOptions.java","static":true,"thread_id":29},{"defined_class":"org.finos.waltz.model.ImmutableIdSelectionOptions","event":"call","id":96602,"lineno":417,"method_id":"builder","path":"org/finos/waltz/model/ImmutableIdSelectionOptions.java","static":true,"thread_id":29},{"elapsed":2.86E-5,"event":"return","id":96608,"parent_id":96602,"return_value":{"class":"org.finos.waltz.model.ImmutableIdSelectionOptions$Builder","object_id":1153277643,"value":"org.finos.waltz.model.ImmutableIdSelectionOptions$Builder@44bd9ecb"},"thread_id":29},{"defined_class":"org.finos.waltz.model.ImmutableIdSelectionOptions$Builder","event":"call","id":96613,"lineno":472,"method_id":"entityReference","parameters":[{"class":"org.finos.waltz.model.ImmutableEntityReference","kind":"req","name":"entityReference","object_id":1797145350,"value":"EntityReference{kind=ORG_UNIT, id=190, entityLifecycleStatus=ACTIVE}"}],"path":"org/finos/waltz/model/ImmutableIdSelectionOptions.java","receiver":{"class":"org.finos.waltz.model.ImmutableIdSelectionOptions$Builder","object_id":1153277643,"value":"org.finos.waltz.model.ImmutableIdSelectionOptions$Builder@44bd9ecb"},"static":false,"thread_id":29},{"elapsed":1.42E-5,"event":"return","id":96615,"parent_id":96613,"return_value":{"class":"org.finos.waltz.model.ImmutableIdSelectionOptions$Builder","object_id":1153277643,"value":"org.finos.waltz.model.ImmutableIdSelectionOptions$Builder@44bd9ecb"},"thread_id":29},{"defined_class":"org.finos.waltz.model.ImmutableIdSelectionOptions$Builder","event":"call","id":96616,"lineno":484,"method_id":"scope","parameters":[{"class":"org.finos.waltz.model.HierarchyQueryScope","kind":"req","name":"scope","object_id":1616647902,"value":"CHILDREN"}],"path":"org/finos/waltz/model/ImmutableIdSelectionOptions.java","receiver":{"class":"org.finos.waltz.model.ImmutableIdSelectionOptions$Builder","object_id":1153277643,"value":"org.finos.waltz.model.ImmutableIdSelectionOptions$Builder@44bd9ecb"},"static":false,"thread_id":29},{"elapsed":2.5E-6,"event":"return","id":96617,"parent_id":96616,"return_value":{"class":"org.finos.waltz.model.ImmutableIdSelectionOptions$Builder","object_id":1153277643,"value":"org.finos.waltz.model.ImmutableIdSelectionOptions$Builder@44bd9ecb"},"thread_id":29},{"defined_class":"org.finos.waltz.model.ImmutableIdSelectionOptions$Builder","event":"call","id":96618,"lineno":577,"method_id":"build","path":"org/finos/waltz/model/ImmutableIdSelectionOptions.java","receiver":{"class":"org.finos.waltz.model.ImmutableIdSelectionOptions$Builder","object_id":1153277643,"value":"org.finos.waltz.model.ImmutableIdSelectionOptions$Builder@44bd9ecb"},"static":false,"thread_id":29},{"defined_class":"org.finos.waltz.model.ImmutableIdSelectionOptions$Builder","event":"call","id":96619,"lineno":584,"method_id":"entityLifecycleStatusesIsSet","path":"org/finos/waltz/model/ImmutableIdSelectionOptions.java","receiver":{"class":"org.finos.waltz.model.ImmutableIdSelectionOptions$Builder","object_id":1153277643,"value":"org.finos.waltz.model.ImmutableIdSelectionOptions$Builder@44bd9ecb"},"static":false,"thread_id":29},{"elapsed":4.1E-6,"event":"return","id":96620,"parent_id":96619,"return_value":{"class":"java.lang.Boolean","object_id":1341801146,"value":"false"},"thread_id":29},{"defined_class":"org.finos.waltz.model.ImmutableIdSelectionOptions$InitShim","event":"call","id":96621,"lineno":74,"method_id":"entityLifecycleStatuses","path":"org/finos/waltz/model/ImmutableIdSelectionOptions.java","receiver":{"class":"org.finos.waltz.model.ImmutableIdSelectionOptions$InitShim","object_id":494015193,"value":"org.finos.waltz.model.ImmutableIdSelectionOptions$InitShim@1d7212d9"},"static":false,"thread_id":29},{"defined_class":"org.finos.waltz.model.IdSelectionOptions","event":"call","id":96622,"lineno":45,"method_id":"entityLifecycleStatuses","path":"waltz-model/src/main/java/org/finos/waltz/model/IdSelectionOptions.java","receiver":{"class":"org.finos.waltz.model.ImmutableIdSelectionOptions","object_id":209974944,"value":"IdSelectionOptions{entityReference=EntityReference{kind=ORG_UNIT, id=190, entityLifecycleStatus=ACTIVE}, scope=CHILDREN, entityLifecycleStatuses=null, filters=null}"},"static":false,"thread_id":29},{"defined_class":"org.finos.waltz.common.SetUtilities","event":"call","id":96624,"lineno":40,"method_id":"fromArray","parameters":[{"class":"[Lorg.finos.waltz.model.EntityLifecycleStatus;","kind":"req","name":"ts","object_id":1352883376,"value":"[Lorg.finos.waltz.model.EntityLifecycleStatus;@50a35cb0"}],"path":"waltz-common/src/main/java/org/finos/waltz/common/SetUtilities.java","static":true,"thread_id":29},{"elapsed":1.04E-5,"event":"return","id":96626,"parent_id":96624,"return_value":{"class":"java.util.HashSet","object_id":2017512361,"value":"[ACTIVE]"},"thread_id":29},{"elapsed":2.53E-5,"event":"return","id":96628,"parent_id":96622,"return_value":{"class":"java.util.HashSet","object_id":2017512361,"value":"[ACTIVE]"},"thread_id":29},{"defined_class":"org.finos.waltz.model.ImmutableIdSelectionOptions","event":"call","id":96630,"lineno":614,"method_id":"createUnmodifiableEnumSet","parameters":[{"class":"java.util.HashSet","kind":"req","name":"iterable","object_id":2017512361,"value":"[ACTIVE]"}],"path":"org/finos/waltz/model/ImmutableIdSelectionOptions.java","static":true,"thread_id":29},{"defined_class":"org.finos.waltz.model.ImmutableIdSelectionOptions","event":"call","id":96632,"lineno":597,"method_id":"createSafeList","parameters":[{"class":"java.util.HashSet","kind":"req","name":"iterable","object_id":2017512361,"value":"[ACTIVE]"},{"class":"java.lang.Boolean","kind":"req","name":"checkNulls","object_id":1741409773,"value":"true"},{"class":"java.lang.Boolean","kind":"req","name":"skipNulls","object_id":1341801146,"value":"false"}],"path":"org/finos/waltz/model/ImmutableIdSelectionOptions.java","static":true,"thread_id":29},{"elapsed":4.2E-6,"event":"return","id":96634,"parent_id":96632,"return_value":{"class":"java.util.ArrayList","object_id":1974074018,"value":"[ACTIVE]"},"thread_id":29},{"elapsed":1.24E-5,"event":"return","id":96635,"parent_id":96630,"return_value":{"class":"java.util.Collections$SingletonSet","object_id":1712075841,"value":"[ACTIVE]"},"thread_id":29},{"elapsed":4.74E-5,"event":"return","id":96636,"parent_id":96621,"return_value":{"class":"java.util.Collections$SingletonSet","object_id":1712075841,"value":"[ACTIVE]"},"thread_id":29},{"defined_class":"org.finos.waltz.model.ImmutableIdSelectionOptions$InitShim","event":"call","id":96637,"lineno":92,"method_id":"filters","path":"org/finos/waltz/model/ImmutableIdSelectionOptions.java","receiver":{"class":"org.finos.waltz.model.ImmutableIdSelectionOptions$InitShim","object_id":494015193,"value":"org.finos.waltz.model.ImmutableIdSelectionOptions$InitShim@1d7212d9"},"static":false,"thread_id":29},{"defined_class":"org.finos.waltz.model.IdSelectionOptions","event":"call","id":96639,"lineno":50,"method_id":"filters","path":"waltz-model/src/main/java/org/finos/waltz/model/IdSelectionOptions.java","receiver":{"class":"org.finos.waltz.model.ImmutableIdSelectionOptions","object_id":209974944,"value":"IdSelectionOptions{entityReference=EntityReference{kind=ORG_UNIT, id=190, entityLifecycleStatus=ACTIVE}, scope=CHILDREN, entityLifecycleStatuses=[ACTIVE], filters=null}"},"static":false,"thread_id":29},{"elapsed":1.8E-5,"event":"return","id":96642,"parent_id":96639,"return_value":{"class":"org.finos.waltz.model.ImmutableSelectionFilters","object_id":491406959,"value":"SelectionFilters{omitApplicationKinds=[]}"},"thread_id":29},{"elapsed":3.69E-5,"event":"return","id":96645,"parent_id":96637,"return_value":{"class":"org.finos.waltz.model.ImmutableSelectionFilters","object_id":491406959,"value":"SelectionFilters{omitApplicationKinds=[]}"},"thread_id":29},{"elapsed":1.869E-4,"event":"return","id":96654,"parent_id":96618,"return_value":{"class":"org.finos.waltz.model.ImmutableIdSelectionOptions","object_id":209974944,"value":"IdSelectionOptions{entityReference=EntityReference{kind=ORG_UNIT, id=190, entityLifecycleStatus=ACTIVE}, scope=CHILDREN, entityLifecycleStatuses=[ACTIVE], filters=SelectionFilters{omitApplicationKinds=[]}}"},"thread_id":29},{"elapsed":4.313E-4,"event":"return","id":96661,"parent_id":96582,"return_value":{"class":"org.finos.waltz.model.ImmutableIdSelectionOptions","object_id":209974944,"value":"IdSelectionOptions{entityReference=EntityReference{kind=ORG_UNIT, id=190, entityLifecycleStatus=ACTIVE}, scope=CHILDREN, entityLifecycleStatuses=[ACTIVE], filters=SelectionFilters{omitApplicationKinds=[]}}"},"thread_id":29},{"defined_class":"org.finos.waltz.data.application.ApplicationIdSelectorFactory","event":"call","id":96669,"lineno":85,"method_id":"apply","parameters":[{"class":"org.finos.waltz.model.ImmutableIdSelectionOptions","kind":"req","name":"options","object_id":209974944,"value":"IdSelectionOptions{entityReference=EntityReference{kind=ORG_UNIT, id=190, entityLifecycleStatus=ACTIVE}, scope=CHILDREN, entityLifecycleStatuses=[ACTIVE], filters=SelectionFilters{omitApplicationKinds=[]}}"}],"path":"waltz-data/src/main/java/org/finos/waltz/data/application/ApplicationIdSelectorFactory.java","receiver":{"class":"org.finos.waltz.data.application.ApplicationIdSelectorFactory","object_id":746631916,"value":"org.finos.waltz.data.application.ApplicationIdSelectorFactory@2c80b2ec"},"static":false,"thread_id":29},{"defined_class":"org.finos.waltz.common.Checks","event":"call","id":96674,"lineno":37,"method_id":"checkNotNull","parameters":[{"class":"org.finos.waltz.model.ImmutableIdSelectionOptions","kind":"req","name":"t","object_id":209974944,"value":"IdSelectionOptions{entityReference=EntityReference{kind=ORG_UNIT, id=190, entityLifecycleStatus=ACTIVE}, scope=CHILDREN, entityLifecycleStatuses=[ACTIVE], filters=SelectionFilters{omitApplicationKinds=[]}}"},{"class":"java.lang.String","kind":"req","name":"message","object_id":2059457045,"value":"options cannot be null"},{"class":"[Ljava.lang.Object;","kind":"req","name":"args","object_id":1390618966,"value":"[Ljava.lang.Object;@52e32956"}],"path":"waltz-common/src/main/java/org/finos/waltz/common/Checks.java","static":true,"thread_id":29},{"defined_class":"org.finos.waltz.common.Checks","event":"call","id":96678,"lineno":85,"method_id":"checkTrue","parameters":[{"class":"java.lang.Boolean","kind":"req","name":"b","object_id":1741409773,"value":"true"},{"class":"java.lang.String","kind":"req","name":"msg","object_id":2059457045,"value":"options cannot be null"},{"class":"[Ljava.lang.Object;","kind":"req","name":"args","object_id":1390618966,"value":"[Ljava.lang.Object;@52e32956"}],"path":"waltz-common/src/main/java/org/finos/waltz/common/Checks.java","static":true,"thread_id":29},{"elapsed":5.3E-6,"event":"return","id":96679,"parent_id":96678,"thread_id":29},{"elapsed":2.83E-5,"event":"return","id":96680,"parent_id":96674,"return_value":{"class":"org.finos.waltz.model.ImmutableIdSelectionOptions","object_id":209974944,"value":"IdSelectionOptions{entityReference=EntityReference{kind=ORG_UNIT, id=190, entityLifecycleStatus=ACTIVE}, scope=CHILDREN, entityLifecycleStatuses=[ACTIVE], filters=SelectionFilters{omitApplicationKinds=[]}}"},"thread_id":29},{"defined_class":"org.finos.waltz.model.ImmutableIdSelectionOptions","event":"call","id":96681,"lineno":120,"method_id":"entityReference","path":"org/finos/waltz/model/ImmutableIdSelectionOptions.java","receiver":{"class":"org.finos.waltz.model.ImmutableIdSelectionOptions","object_id":209974944,"value":"IdSelectionOptions{entityReference=EntityReference{kind=ORG_UNIT, id=190, entityLifecycleStatus=ACTIVE}, scope=CHILDREN, entityLifecycleStatuses=[ACTIVE], filters=SelectionFilters{omitApplicationKinds=[]}}"},"static":false,"thread_id":29},{"elapsed":1.29E-5,"event":"return","id":96683,"parent_id":96681,"return_value":{"class":"org.finos.waltz.model.ImmutableEntityReference","object_id":1797145350,"value":"EntityReference{kind=ORG_UNIT, id=190, entityLifecycleStatus=ACTIVE}"},"thread_id":29},{"defined_class":"org.finos.waltz.model.ImmutableEntityReference","event":"call","id":96685,"lineno":71,"method_id":"kind","path":"org/finos/waltz/model/ImmutableEntityReference.java","receiver":{"class":"org.finos.waltz.model.ImmutableEntityReference","object_id":1797145350,"value":"EntityReference{kind=ORG_UNIT, id=190, entityLifecycleStatus=ACTIVE}"},"static":false,"thread_id":29},{"elapsed":3.0E-6,"event":"return","id":96687,"parent_id":96685,"return_value":{"class":"org.finos.waltz.model.EntityKind","object_id":2013270351,"value":"ORG_UNIT"},"thread_id":29},{"defined_class":"org.finos.waltz.data.application.ApplicationIdSelectorFactory","event":"call","id":96691,"lineno":472,"method_id":"mkForOrgUnit","parameters":[{"class":"org.finos.waltz.model.ImmutableIdSelectionOptions","kind":"req","name":"options","object_id":209974944,"value":"IdSelectionOptions{entityReference=EntityReference{kind=ORG_UNIT, id=190, entityLifecycleStatus=ACTIVE}, scope=CHILDREN, entityLifecycleStatuses=[ACTIVE], filters=SelectionFilters{omitApplicationKinds=[]}}"}],"path":"waltz-data/src/main/java/org/finos/waltz/data/application/ApplicationIdSelectorFactory.java","receiver":{"class":"org.finos.waltz.data.application.ApplicationIdSelectorFactory","object_id":746631916,"value":"org.finos.waltz.data.application.ApplicationIdSelectorFactory@2c80b2ec"},"static":false,"thread_id":29},{"defined_class":"org.finos.waltz.model.ImmutableIdSelectionOptions","event":"call","id":96692,"lineno":417,"method_id":"builder","path":"org/finos/waltz/model/ImmutableIdSelectionOptions.java","static":true,"thread_id":29},{"elapsed":8.6E-6,"event":"return","id":96693,"parent_id":96692,"return_value":{"class":"org.finos.waltz.model.ImmutableIdSelectionOptions$Builder","object_id":1755690306,"value":"org.finos.waltz.model.ImmutableIdSelectionOptions$Builder@68a5b542"},"thread_id":29},{"defined_class":"org.finos.waltz.model.ImmutableIdSelectionOptions","event":"call","id":96694,"lineno":120,"method_id":"entityReference","path":"org/finos/waltz/model/ImmutableIdSelectionOptions.java","receiver":{"class":"org.finos.waltz.model.ImmutableIdSelectionOptions","object_id":209974944,"value":"IdSelectionOptions{entityReference=EntityReference{kind=ORG_UNIT, id=190, entityLifecycleStatus=ACTIVE}, scope=CHILDREN, entityLifecycleStatuses=[ACTIVE], filters=SelectionFilters{omitApplicationKinds=[]}}"},"static":false,"thread_id":29},{"elapsed":3.7E-6,"event":"return","id":96695,"parent_id":96694,"return_value":{"class":"org.finos.waltz.model.ImmutableEntityReference","object_id":1797145350,"value":"EntityReference{kind=ORG_UNIT, id=190, entityLifecycleStatus=ACTIVE}"},"thread_id":29},{"defined_class":"org.finos.waltz.model.ImmutableIdSelectionOptions$Builder","event":"call","id":96699,"lineno":472,"method_id":"entityReference","parameters":[{"class":"org.finos.waltz.model.ImmutableEntityReference","kind":"req","name":"entityReference","object_id":1797145350,"value":"EntityReference{kind=ORG_UNIT, id=190, entityLifecycleStatus=ACTIVE}"}],"path":"org/finos/waltz/model/ImmutableIdSelectionOptions.java","receiver":{"class":"org.finos.waltz.model.ImmutableIdSelectionOptions$Builder","object_id":1755690306,"value":"org.finos.waltz.model.ImmutableIdSelectionOptions$Builder@68a5b542"},"static":false,"thread_id":29},{"elapsed":5.9E-6,"event":"return","id":96701,"parent_id":96699,"return_value":{"class":"org.finos.waltz.model.ImmutableIdSelectionOptions$Builder","object_id":1755690306,"value":"org.finos.waltz.model.ImmutableIdSelectionOptions$Builder@68a5b542"},"thread_id":29},{"defined_class":"org.finos.waltz.model.ImmutableIdSelectionOptions","event":"call","id":96702,"lineno":129,"method_id":"scope","path":"org/finos/waltz/model/ImmutableIdSelectionOptions.java","receiver":{"class":"org.finos.waltz.model.ImmutableIdSelectionOptions","object_id":209974944,"value":"IdSelectionOptions{entityReference=EntityReference{kind=ORG_UNIT, id=190, entityLifecycleStatus=ACTIVE}, scope=CHILDREN, entityLifecycleStatuses=[ACTIVE], filters=SelectionFilters{omitApplicationKinds=[]}}"},"static":false,"thread_id":29},{"elapsed":4.6E-6,"event":"return","id":96703,"parent_id":96702,"return_value":{"class":"org.finos.waltz.model.HierarchyQueryScope","object_id":1616647902,"value":"CHILDREN"},"thread_id":29},{"defined_class":"org.finos.waltz.model.ImmutableIdSelectionOptions$Builder","event":"call","id":96706,"lineno":484,"method_id":"scope","parameters":[{"class":"org.finos.waltz.model.HierarchyQueryScope","kind":"req","name":"scope","object_id":1616647902,"value":"CHILDREN"}],"path":"org/finos/waltz/model/ImmutableIdSelectionOptions.java","receiver":{"class":"org.finos.waltz.model.ImmutableIdSelectionOptions$Builder","object_id":1755690306,"value":"org.finos.waltz.model.ImmutableIdSelectionOptions$Builder@68a5b542"},"static":false,"thread_id":29},{"elapsed":2.1E-6,"event":"return","id":96707,"parent_id":96706,"return_value":{"class":"org.finos.waltz.model.ImmutableIdSelectionOptions$Builder","object_id":1755690306,"value":"org.finos.waltz.model.ImmutableIdSelectionOptions$Builder@68a5b542"},"thread_id":29},{"defined_class":"org.finos.waltz.model.ImmutableIdSelectionOptions$Builder","event":"call","id":96708,"lineno":577,"method_id":"build","path":"org/finos/waltz/model/ImmutableIdSelectionOptions.java","receiver":{"class":"org.finos.waltz.model.ImmutableIdSelectionOptions$Builder","object_id":1755690306,"value":"org.finos.waltz.model.ImmutableIdSelectionOptions$Builder@68a5b542"},"static":false,"thread_id":29},{"defined_class":"org.finos.waltz.model.ImmutableIdSelectionOptions$Builder","event":"call","id":96709,"lineno":584,"method_id":"entityLifecycleStatusesIsSet","path":"org/finos/waltz/model/ImmutableIdSelectionOptions.java","receiver":{"class":"org.finos.waltz.model.ImmutableIdSelectionOptions$Builder","object_id":1755690306,"value":"org.finos.waltz.model.ImmutableIdSelectionOptions$Builder@68a5b542"},"static":false,"thread_id":29},{"elapsed":2.1E-6,"event":"return","id":96710,"parent_id":96709,"return_value":{"class":"java.lang.Boolean","object_id":1341801146,"value":"false"},"thread_id":29},{"defined_class":"org.finos.waltz.model.ImmutableIdSelectionOptions$InitShim","event":"call","id":96711,"lineno":74,"method_id":"entityLifecycleStatuses","path":"org/finos/waltz/model/ImmutableIdSelectionOptions.java","receiver":{"class":"org.finos.waltz.model.ImmutableIdSelectionOptions$InitShim","object_id":1871456811,"value":"org.finos.waltz.model.ImmutableIdSelectionOptions$InitShim@6f8c2a2b"},"static":false,"thread_id":29},{"defined_class":"org.finos.waltz.model.IdSelectionOptions","event":"call","id":96712,"lineno":45,"method_id":"entityLifecycleStatuses","path":"waltz-model/src/main/java/org/finos/waltz/model/IdSelectionOptions.java","receiver":{"class":"org.finos.waltz.model.ImmutableIdSelectionOptions","object_id":1186132708,"value":"IdSelectionOptions{entityReference=EntityReference{kind=ORG_UNIT, id=190, entityLifecycleStatus=ACTIVE}, scope=CHILDREN, entityLifecycleStatuses=null, filters=null}"},"static":false,"thread_id":29},{"defined_class":"org.finos.waltz.common.SetUtilities","event":"call","id":96713,"lineno":40,"method_id":"fromArray","parameters":[{"class":"[Lorg.finos.waltz.model.EntityLifecycleStatus;","kind":"req","name":"ts","object_id":223402749,"value":"[Lorg.finos.waltz.model.EntityLifecycleStatus;@d50dafd"}],"path":"waltz-common/src/main/java/org/finos/waltz/common/SetUtilities.java","static":true,"thread_id":29},{"elapsed":1.12E-5,"event":"return","id":96715,"parent_id":96713,"return_value":{"class":"java.util.HashSet","object_id":1209688496,"value":"[ACTIVE]"},"thread_id":29},{"elapsed":4.72E-5,"event":"return","id":96721,"parent_id":96712,"return_value":{"class":"java.util.HashSet","object_id":1209688496,"value":"[ACTIVE]"},"thread_id":29},{"defined_class":"org.finos.waltz.model.ImmutableIdSelectionOptions","event":"call","id":96729,"lineno":614,"method_id":"createUnmodifiableEnumSet","parameters":[{"class":"java.util.HashSet","kind":"req","name":"iterable","object_id":1209688496,"value":"[ACTIVE]"}],"path":"org/finos/waltz/model/ImmutableIdSelectionOptions.java","static":true,"thread_id":29},{"defined_class":"org.finos.waltz.model.ImmutableIdSelectionOptions","event":"call","id":96732,"lineno":597,"method_id":"createSafeList","parameters":[{"class":"java.util.HashSet","kind":"req","name":"iterable","object_id":1209688496,"value":"[ACTIVE]"},{"class":"java.lang.Boolean","kind":"req","name":"checkNulls","object_id":1741409773,"value":"true"},{"class":"java.lang.Boolean","kind":"req","name":"skipNulls","object_id":1341801146,"value":"false"}],"path":"org/finos/waltz/model/ImmutableIdSelectionOptions.java","static":true,"thread_id":29},{"elapsed":5.47E-5,"event":"return","id":96738,"parent_id":96732,"return_value":{"class":"java.util.ArrayList","object_id":1179244522,"value":"[ACTIVE]"},"thread_id":29},{"elapsed":7.74E-5,"event":"return","id":96740,"parent_id":96729,"return_value":{"class":"java.util.Collections$SingletonSet","object_id":389883925,"value":"[ACTIVE]"},"thread_id":29},{"elapsed":1.957E-4,"event":"return","id":96745,"parent_id":96711,"return_value":{"class":"java.util.Collections$SingletonSet","object_id":389883925,"value":"[ACTIVE]"},"thread_id":29},{"defined_class":"org.finos.waltz.model.ImmutableIdSelectionOptions$InitShim","event":"call","id":96762,"lineno":92,"method_id":"filters","path":"org/finos/waltz/model/ImmutableIdSelectionOptions.java","receiver":{"class":"org.finos.waltz.model.ImmutableIdSelectionOptions$InitShim","object_id":1871456811,"value":"org.finos.waltz.model.ImmutableIdSelectionOptions$InitShim@6f8c2a2b"},"static":false,"thread_id":29},{"defined_class":"org.finos.waltz.model.IdSelectionOptions","event":"call","id":96780,"lineno":50,"method_id":"filters","path":"waltz-model/src/main/java/org/finos/waltz/model/IdSelectionOptions.java","receiver":{"class":"org.finos.waltz.model.ImmutableIdSelectionOptions","object_id":1186132708,"value":"IdSelectionOptions{entityReference=EntityReference{kind=ORG_UNIT, id=190, entityLifecycleStatus=ACTIVE}, scope=CHILDREN, entityLifecycleStatuses=[ACTIVE], filters=null}"},"static":false,"thread_id":29},{"elapsed":1.21E-5,"event":"return","id":96782,"parent_id":96780,"return_value":{"class":"org.finos.waltz.model.ImmutableSelectionFilters","object_id":491406959,"value":"SelectionFilters{omitApplicationKinds=[]}"},"thread_id":29},{"elapsed":1.189E-4,"event":"return","id":96783,"parent_id":96762,"return_value":{"class":"org.finos.waltz.model.ImmutableSelectionFilters","object_id":491406959,"value":"SelectionFilters{omitApplicationKinds=[]}"},"thread_id":29},{"elapsed":4.608E-4,"event":"return","id":96784,"parent_id":96708,"return_value":{"class":"org.finos.waltz.model.ImmutableIdSelectionOptions","object_id":1186132708,"value":"IdSelectionOptions{entityReference=EntityReference{kind=ORG_UNIT, id=190, entityLifecycleStatus=ACTIVE}, scope=CHILDREN, entityLifecycleStatuses=[ACTIVE], filters=SelectionFilters{omitApplicationKinds=[]}}"},"thread_id":29},{"defined_class":"org.finos.waltz.data.entity_hierarchy.AbstractIdSelectorFactory","event":"call","id":96785,"lineno":44,"method_id":"apply","parameters":[{"class":"org.finos.waltz.model.ImmutableIdSelectionOptions","kind":"req","name":"options","object_id":1186132708,"value":"IdSelectionOptions{entityReference=EntityReference{kind=ORG_UNIT, id=190, entityLifecycleStatus=ACTIVE}, scope=CHILDREN, entityLifecycleStatuses=[ACTIVE], filters=SelectionFilters{omitApplicationKinds=[]}}"}],"path":"waltz-data/src/main/java/org/finos/waltz/data/entity_hierarchy/AbstractIdSelectorFactory.java","receiver":{"class":"org.finos.waltz.data.orgunit.OrganisationalUnitIdSelectorFactory","object_id":1330520746,"value":"org.finos.waltz.data.orgunit.OrganisationalUnitIdSelectorFactory@4f4e22aa"},"static":false,"thread_id":29},{"defined_class":"org.finos.waltz.model.ImmutableIdSelectionOptions","event":"call","id":96786,"lineno":120,"method_id":"entityReference","path":"org/finos/waltz/model/ImmutableIdSelectionOptions.java","receiver":{"class":"org.finos.waltz.model.ImmutableIdSelectionOptions","object_id":1186132708,"value":"IdSelectionOptions{entityReference=EntityReference{kind=ORG_UNIT, id=190, entityLifecycleStatus=ACTIVE}, scope=CHILDREN, entityLifecycleStatuses=[ACTIVE], filters=SelectionFilters{omitApplicationKinds=[]}}"},"static":false,"thread_id":29},{"elapsed":3.85E-5,"event":"return","id":96792,"parent_id":96786,"return_value":{"class":"org.finos.waltz.model.ImmutableEntityReference","object_id":1797145350,"value":"EntityReference{kind=ORG_UNIT, id=190, entityLifecycleStatus=ACTIVE}"},"thread_id":29},{"defined_class":"org.finos.waltz.model.ImmutableEntityReference","event":"call","id":96795,"lineno":71,"method_id":"kind","path":"org/finos/waltz/model/ImmutableEntityReference.java","receiver":{"class":"org.finos.waltz.model.ImmutableEntityReference","object_id":1797145350,"value":"EntityReference{kind=ORG_UNIT, id=190, entityLifecycleStatus=ACTIVE}"},"static":false,"thread_id":29},{"elapsed":3.1E-6,"event":"return","id":96796,"parent_id":96795,"return_value":{"class":"org.finos.waltz.model.EntityKind","object_id":2013270351,"value":"ORG_UNIT"},"thread_id":29},{"defined_class":"org.finos.waltz.data.entity_hierarchy.AbstractIdSelectorFactory","event":"call","id":96797,"lineno":58,"method_id":"mkForSelf","parameters":[{"class":"org.finos.waltz.model.ImmutableIdSelectionOptions","kind":"req","name":"options","object_id":1186132708,"value":"IdSelectionOptions{entityReference=EntityReference{kind=ORG_UNIT, id=190, entityLifecycleStatus=ACTIVE}, scope=CHILDREN, entityLifecycleStatuses=[ACTIVE], filters=SelectionFilters{omitApplicationKinds=[]}}"}],"path":"waltz-data/src/main/java/org/finos/waltz/data/entity_hierarchy/AbstractIdSelectorFactory.java","receiver":{"class":"org.finos.waltz.data.orgunit.OrganisationalUnitIdSelectorFactory","object_id":1330520746,"value":"org.finos.waltz.data.orgunit.OrganisationalUnitIdSelectorFactory@4f4e22aa"},"static":false,"thread_id":29},{"defined_class":"org.finos.waltz.model.ImmutableIdSelectionOptions","event":"call","id":96799,"lineno":129,"method_id":"scope","path":"org/finos/waltz/model/ImmutableIdSelectionOptions.java","receiver":{"class":"org.finos.waltz.model.ImmutableIdSelectionOptions","object_id":1186132708,"value":"IdSelectionOptions{entityReference=EntityReference{kind=ORG_UNIT, id=190, entityLifecycleStatus=ACTIVE}, scope=CHILDREN, entityLifecycleStatuses=[ACTIVE], filters=SelectionFilters{omitApplicationKinds=[]}}"},"static":false,"thread_id":29},{"elapsed":1.08E-5,"event":"return","id":96802,"parent_id":96799,"return_value":{"class":"org.finos.waltz.model.HierarchyQueryScope","object_id":1616647902,"value":"CHILDREN"},"thread_id":29},{"defined_class":"org.finos.waltz.model.ImmutableIdSelectionOptions","event":"call","id":96805,"lineno":120,"method_id":"entityReference","path":"org/finos/waltz/model/ImmutableIdSelectionOptions.java","receiver":{"class":"org.finos.waltz.model.ImmutableIdSelectionOptions","object_id":1186132708,"value":"IdSelectionOptions{entityReference=EntityReference{kind=ORG_UNIT, id=190, entityLifecycleStatus=ACTIVE}, scope=CHILDREN, entityLifecycleStatuses=[ACTIVE], filters=SelectionFilters{omitApplicationKinds=[]}}"},"static":false,"thread_id":29},{"elapsed":4.11E-5,"event":"return","id":96811,"parent_id":96805,"return_value":{"class":"org.finos.waltz.model.ImmutableEntityReference","object_id":1797145350,"value":"EntityReference{kind=ORG_UNIT, id=190, entityLifecycleStatus=ACTIVE}"},"thread_id":29},{"defined_class":"org.finos.waltz.model.ImmutableEntityReference","event":"call","id":96814,"lineno":80,"method_id":"id","path":"org/finos/waltz/model/ImmutableEntityReference.java","receiver":{"class":"org.finos.waltz.model.ImmutableEntityReference","object_id":1797145350,"value":"EntityReference{kind=ORG_UNIT, id=190, entityLifecycleStatus=ACTIVE}"},"static":false,"thread_id":29},{"elapsed":1.67E-5,"event":"return","id":96818,"parent_id":96814,"return_value":{"class":"java.lang.Long","object_id":481402685,"value":"190"},"thread_id":29},{"elapsed":1.074E-4,"event":"return","id":96820,"parent_id":96797,"return_value":{"class":"org.jooq.impl.SelectImpl","object_id":129854202,"value":"select \"entity_hierarchy\".\"id\"\nfrom \"entity_hierarchy\"\nwhere (\n  \"entity_hierarchy\".\"ancestor_id\" = 190\n  and \"entity_hierarchy\".\"kind\" = 'ORG_UNIT'\n)"},"thread_id":29},{"elapsed":1.794E-4,"event":"return","id":96821,"parent_id":96785,"return_value":{"class":"org.jooq.impl.SelectImpl","object_id":129854202,"value":"select \"entity_hierarchy\".\"id\"\nfrom \"entity_hierarchy\"\nwhere (\n  \"entity_hierarchy\".\"ancestor_id\" = 190\n  and \"entity_hierarchy\".\"kind\" = 'ORG_UNIT'\n)"},"thread_id":29},{"defined_class":"org.finos.waltz.data.SelectorUtilities","event":"call","id":96823,"lineno":61,"method_id":"mkApplicationConditions","parameters":[{"class":"org.finos.waltz.schema.tables.Application","kind":"req","name":"appTable","object_id":680749867,"value":"\"app_aisf\""},{"class":"org.finos.waltz.model.ImmutableIdSelectionOptions","kind":"req","name":"options","object_id":209974944,"value":"IdSelectionOptions{entityReference=EntityReference{kind=ORG_UNIT, id=190, entityLifecycleStatus=ACTIVE}, scope=CHILDREN, entityLifecycleStatuses=[ACTIVE], filters=SelectionFilters{omitApplicationKinds=[]}}"}],"path":"waltz-data/src/main/java/org/finos/waltz/data/SelectorUtilities.java","static":true,"thread_id":29},{"defined_class":"org.finos.waltz.model.ImmutableIdSelectionOptions","event":"call","id":96824,"lineno":147,"method_id":"entityLifecycleStatuses","path":"org/finos/waltz/model/ImmutableIdSelectionOptions.java","receiver":{"class":"org.finos.waltz.model.ImmutableIdSelectionOptions","object_id":209974944,"value":"IdSelectionOptions{entityReference=EntityReference{kind=ORG_UNIT, id=190, entityLifecycleStatus=ACTIVE}, scope=CHILDREN, entityLifecycleStatuses=[ACTIVE], filters=SelectionFilters{omitApplicationKinds=[]}}"},"static":false,"thread_id":29},{"elapsed":8.6E-6,"event":"return","id":96825,"parent_id":96824,"return_value":{"class":"java.util.Collections$SingletonSet","object_id":1712075841,"value":"[ACTIVE]"},"thread_id":29},{"defined_class":"org.finos.waltz.model.ImmutableIdSelectionOptions","event":"call","id":96826,"lineno":159,"method_id":"filters","path":"org/finos/waltz/model/ImmutableIdSelectionOptions.java","receiver":{"class":"org.finos.waltz.model.ImmutableIdSelectionOptions","object_id":209974944,"value":"IdSelectionOptions{entityReference=EntityReference{kind=ORG_UNIT, id=190, entityLifecycleStatus=ACTIVE}, scope=CHILDREN, entityLifecycleStatuses=[ACTIVE], filters=SelectionFilters{omitApplicationKinds=[]}}"},"static":false,"thread_id":29},{"elapsed":2.4E-6,"event":"return","id":96827,"parent_id":96826,"return_value":{"class":"org.finos.waltz.model.ImmutableSelectionFilters","object_id":491406959,"value":"SelectionFilters{omitApplicationKinds=[]}"},"thread_id":29},{"defined_class":"org.finos.waltz.model.ImmutableSelectionFilters","event":"call","id":96828,"lineno":40,"method_id":"omitApplicationKinds","path":"org/finos/waltz/model/ImmutableSelectionFilters.java","receiver":{"class":"org.finos.waltz.model.ImmutableSelectionFilters","object_id":491406959,"value":"SelectionFilters{omitApplicationKinds=[]}"},"static":false,"thread_id":29},{"elapsed":7.3E-6,"event":"return","id":96829,"parent_id":96828,"return_value":{"class":"java.util.Collections$UnmodifiableSet","object_id":1811376157,"value":"[]"},"thread_id":29},{"elapsed":7.31E-5,"event":"return","id":96834,"parent_id":96823,"return_value":{"class":"org.jooq.impl.InCondition","object_id":256056160,"value":"\"app_aisf\".\"entity_lifecycle_status\" in ('ACTIVE')"},"thread_id":29},{"elapsed":9.966E-4,"event":"return","id":96852,"parent_id":96691,"return_value":{"class":"org.jooq.impl.SelectImpl","object_id":1908467485,"value":"select distinct \"app_aisf\".\"id\"\nfrom \"application\" \"app_aisf\"\nwhere (\n  \"app_aisf\".\"organisational_unit_id\" in (\n    select \"entity_hierarchy\".\"id\"\n    from \"entity_hierarchy\"\n    where (\n      \"entity_hierarchy\".\"ancestor_id\" = 190\n      and \"entity_hierarchy\".\"kind\" = 'ORG_UNIT'\n    )\n  )\n  and \"app_aisf\".\"entity_lifecycle_status\" in ('ACTIVE')\n)"},"thread_id":29},{"elapsed":0.0046496,"event":"return","id":97082,"parent_id":96669,"return_value":{"class":"org.jooq.impl.SelectImpl","object_id":1908467485,"value":"select distinct \"app_aisf\".\"id\"\nfrom \"application\" \"app_aisf\"\nwhere (\n  \"app_aisf\".\"organisational_unit_id\" in (\n    select \"entity_hierarchy\".\"id\"\n    from \"entity_hierarchy\"\n    where (\n      \"entity_hierarchy\".\"ancestor_id\" = 190\n      and \"entity_hierarchy\".\"kind\" = 'ORG_UNIT'\n    )\n  )\n  and \"app_aisf\".\"entity_lifecycle_status\" in ('ACTIVE')\n)"},"thread_id":29},{"defined_class":"org.finos.waltz.data.application.ApplicationDao","event":"call","id":97133,"lineno":138,"method_id":"countByApplicationKind","parameters":[{"class":"org.jooq.impl.SelectImpl","kind":"req","name":"selector","object_id":1908467485,"value":"select distinct \"app_aisf\".\"id\"\nfrom \"application\" \"app_aisf\"\nwhere (\n  \"app_aisf\".\"organisational_unit_id\" in (\n    select \"entity_hierarchy\".\"id\"\n    from \"entity_hierarchy\"\n    where (\n      \"entity_hierarchy\".\"ancestor_id\" = 190\n      and \"entity_hierarchy\".\"kind\" = 'ORG_UNIT'\n    )\n  )\n  and \"app_aisf\".\"entity_lifecycle_status\" in ('ACTIVE')\n)"}],"path":"waltz-data/src/main/java/org/finos/waltz/data/application/ApplicationDao.java","receiver":{"class":"org.finos.waltz.data.application.ApplicationDao","object_id":1172814480,"value":"org.finos.waltz.data.application.ApplicationDao@45e7ba90"},"static":false,"thread_id":29},{"defined_class":"org.finos.waltz.data.JooqUtilities","event":"call","id":97173,"lineno":186,"method_id":"calculateStringTallies","parameters":[{"class":"org.jooq.impl.DefaultDSLContext","kind":"req","name":"dsl","object_id":1638679238,"value":"DefaultConfiguration [\n\tconnected=true,\n\ttransactional=false,\n\tdialect=POSTGRES,\n\tdata={DATA_CACHE_RECORD_MAPPERS={[\n  \"ou\".\"id\", \n  \"ou\".\"name\", \n  \"ou\".\"description\", \n  \"ou\".\"parent_id\", \n  \"ou\".\"created_at\", \n  \"ou\".\"last_updated_at\", \n  \"ou\".\"external_id\", \n  \"ou\".\"created_by\", \n  \"ou\".\"last_updated_by\", \n  \"ou\".\"provenance\"\n, class org.finos.waltz.schema.tables.records.OrganisationalUnitRecord]=org.jooq.impl.DefaultRecordMapper@4aec07b6, [\n  \"person\".\"id\", \n  \"person\".\"employee_id\", \n  \"person\".\"display_name\", \n  \"person\".\"email\", \n  \"person\".\"user_principal_name\", \n  \"person\".\"department_name\", \n  \"person\".\"kind\", \n  \"person\".\"manager_employee_id\", \n  \"person\".\"title\", \n  \"person\".\"office_phone\", \n  \"person\".\"mobile_phone\", \n  \"person\".\"organisational_unit_id\", \n  \"person\".\"is_removed\"\n, class org.finos.waltz.schema.tables.records.PersonRecord]=org.jooq.impl.DefaultRecordMapper@3d7c0d52, [\n  \"inv_kind\".\"id\", \n  \"inv_kind\".\"description\", \n  \"inv_kind\".\"last_updated_at\", \n  \"inv_kind\".\"last_updated_by..."},{"class":"org.finos.waltz.schema.tables.Application","kind":"req","name":"table","object_id":1341876106,"value":"\"application\""},{"class":"org.jooq.impl.TableFieldImpl","kind":"req","name":"fieldToTally","object_id":1629013615,"value":"\"application\".\"kind\""},{"class":"org.jooq.impl.CompareCondition","kind":"req","name":"recordsInScopeCondition","object_id":220109324,"value":"\"application\".\"id\" in (\n  select distinct \"app_aisf\".\"id\"\n  from \"application\" \"app_aisf\"\n  where (\n    \"app_aisf\".\"organisational_unit_id\" in (\n      select \"entity_hierarchy\".\"id\"\n      from \"entity_hierarchy\"\n      where (\n        \"entity_hierarchy\".\"ancestor_id\" = 190\n        and \"entity_hierarchy\".\"kind\" = 'ORG_UNIT'\n      )\n    )\n    and \"app_aisf\".\"entity_lifecycle_status\" in ('ACTIVE')\n  )\n)"}],"path":"waltz-data/src/main/java/org/finos/waltz/data/JooqUtilities.java","static":true,"thread_id":29},{"defined_class":"org.finos.waltz.data.JooqUtilities","event":"call","id":97212,"lineno":300,"method_id":"makeTallyQuery","parameters":[{"class":"org.jooq.impl.DefaultDSLContext","kind":"req","name":"dsl","object_id":1638679238,"value":"DefaultConfiguration [\n\tconnected=true,\n\ttransactional=false,\n\tdialect=POSTGRES,\n\tdata={DATA_CACHE_RECORD_MAPPERS={[\n  \"ou\".\"id\", \n  \"ou\".\"name\", \n  \"ou\".\"description\", \n  \"ou\".\"parent_id\", \n  \"ou\".\"created_at\", \n  \"ou\".\"last_updated_at\", \n  \"ou\".\"external_id\", \n  \"ou\".\"created_by\", \n  \"ou\".\"last_updated_by\", \n  \"ou\".\"provenance\"\n, class org.finos.waltz.schema.tables.records.OrganisationalUnitRecord]=org.jooq.impl.DefaultRecordMapper@4aec07b6, [\n  \"person\".\"id\", \n  \"person\".\"employee_id\", \n  \"person\".\"display_name\", \n  \"person\".\"email\", \n  \"person\".\"user_principal_name\", \n  \"person\".\"department_name\", \n  \"person\".\"kind\", \n  \"person\".\"manager_employee_id\", \n  \"person\".\"title\", \n  \"person\".\"office_phone\", \n  \"person\".\"mobile_phone\", \n  \"person\".\"organisational_unit_id\", \n  \"person\".\"is_removed\"\n, class org.finos.waltz.schema.tables.records.PersonRecord]=org.jooq.impl.DefaultRecordMapper@3d7c0d52, [\n  \"inv_kind\".\"id\", \n  \"inv_kind\".\"description\", \n  \"inv_kind\".\"last_updated_at\", \n  \"inv_kind\".\"last_updated_by..."},{"class":"org.finos.waltz.schema.tables.Application","kind":"req","name":"table","object_id":1341876106,"value":"\"application\""},{"class":"org.jooq.impl.TableFieldImpl","kind":"req","name":"fieldToTally","object_id":1629013615,"value":"\"application\".\"kind\""},{"class":"org.jooq.impl.CompareCondition","kind":"req","name":"recordsInScopeCondition","object_id":220109324,"value":"\"application\".\"id\" in (\n  select distinct \"app_aisf\".\"id\"\n  from \"application\" \"app_aisf\"\n  where (\n    \"app_aisf\".\"organisational_unit_id\" in (\n      select \"entity_hierarchy\".\"id\"\n      from \"entity_hierarchy\"\n      where (\n        \"entity_hierarchy\".\"ancestor_id\" = 190\n        and \"entity_hierarchy\".\"kind\" = 'ORG_UNIT'\n      )\n    )\n    and \"app_aisf\".\"entity_lifecycle_status\" in ('ACTIVE')\n  )\n)"}],"path":"waltz-data/src/main/java/org/finos/waltz/data/JooqUtilities.java","static":true,"thread_id":29},{"elapsed":1.583E-4,"event":"return","id":97357,"parent_id":97212,"return_value":{"class":"org.jooq.impl.SelectImpl","object_id":445712596,"value":"select \n  \"application\".\"kind\", \n  count(\"application\".\"kind\") as \"count\"\nfrom \"application\"\nwhere (\"application\".\"id\" in (select distinct \"app_aisf\".\"id\" from \"application\" as \"app_aisf\" where (\"app_aisf\".\"organisational_unit_id\" in (select \"entity_hierarchy\".\"id\" from \"entity_hierarchy\" where (\"entity_hierarchy\".\"ancestor_id\" = 190 and \"entity_hierarchy\".\"kind\" = 'ORG_UNIT')) and \"app_aisf\".\"entity_lifecycle_status\" in ('ACTIVE'))))\ngroup by \"application\".\"kind\""},"thread_id":29},{"event":"call","id":97486,"sql_query":{"database_type":"PostgreSQL","sql":"select \"application\".\"kind\", count(\"application\".\"kind\") as \"count\" from \"application\" where (\"application\".\"id\" in (select distinct \"app_aisf\".\"id\" from \"application\" as \"app_aisf\" where (\"app_aisf\".\"organisational_unit_id\" in (select \"entity_hierarchy\".\"id\" from \"entity_hierarchy\" where (\"entity_hierarchy\".\"ancestor_id\" = 190 and \"entity_hierarchy\".\"kind\" = 'ORG_UNIT')) and \"app_aisf\".\"entity_lifecycle_status\" in ('ACTIVE')))) group by \"application\".\"kind\""},"thread_id":29},{"elapsed":6.974E-4,"event":"return","id":97516,"parent_id":97486,"thread_id":29},{"defined_class":"org.finos.waltz.service.SlowQueryListener","event":"call","id":97526,"lineno":59,"method_id":"executeStart","parameters":[{"class":"org.jooq.impl.DefaultExecuteContext","kind":"req","name":"ctx","object_id":1822420116,"value":"org.jooq.impl.DefaultExecuteContext@6c9fec94"}],"path":"waltz-service/src/main/java/org/finos/waltz/service/SlowQueryListener.java","receiver":{"class":"org.finos.waltz.service.SlowQueryListener","object_id":1388633466,"value":"org.finos.waltz.service.SlowQueryListener@52c4dd7a"},"static":false,"thread_id":29},{"elapsed":1.385E-4,"event":"return","id":97532,"parent_id":97526,"thread_id":29},{"defined_class":"org.finos.waltz.service.SlowQueryListener","event":"call","id":97579,"lineno":66,"method_id":"executeEnd","parameters":[{"class":"org.jooq.impl.DefaultExecuteContext","kind":"req","name":"ctx","object_id":1822420116,"value":"org.jooq.impl.DefaultExecuteContext@6c9fec94"}],"path":"waltz-service/src/main/java/org/finos/waltz/service/SlowQueryListener.java","receiver":{"class":"org.finos.waltz.service.SlowQueryListener","object_id":1388633466,"value":"org.finos.waltz.service.SlowQueryListener@52c4dd7a"},"static":false,"thread_id":29},{"elapsed":4.5E-6,"event":"return","id":97581,"parent_id":97579,"thread_id":29},{"defined_class":"org.finos.waltz.model.tally.ImmutableTally","event":"call","id":97582,"lineno":186,"method_id":"builder","path":"org/finos/waltz/model/tally/ImmutableTally.java","static":true,"thread_id":29},{"elapsed":5.4E-6,"event":"return","id":97585,"parent_id":97582,"return_value":{"class":"org.finos.waltz.model.tally.ImmutableTally$Builder","object_id":1259566294,"value":"org.finos.waltz.model.tally.ImmutableTally$Builder@4b1374d6"},"thread_id":29},{"defined_class":"org.finos.waltz.model.tally.ImmutableTally$Builder","event":"call","id":97586,"lineno":241,"method_id":"count","parameters":[{"class":"java.lang.Double","kind":"req","name":"count","object_id":849631554,"value":"1.0"}],"path":"org/finos/waltz/model/tally/ImmutableTally.java","receiver":{"class":"org.finos.waltz.model.tally.ImmutableTally$Builder","object_id":1259566294,"value":"org.finos.waltz.model.tally.ImmutableTally$Builder@4b1374d6"},"static":false,"thread_id":29},{"elapsed":1.72E-5,"event":"return","id":97588,"parent_id":97586,"return_value":{"class":"org.finos.waltz.model.tally.ImmutableTally$Builder","object_id":1259566294,"value":"org.finos.waltz.model.tally.ImmutableTally$Builder@4b1374d6"},"thread_id":29},{"defined_class":"org.finos.waltz.model.tally.ImmutableTally$Builder","event":"call","id":97589,"lineno":229,"method_id":"id","parameters":[{"class":"java.lang.String","kind":"req","name":"id","object_id":543240298,"value":"CUSTOMISED"}],"path":"org/finos/waltz/model/tally/ImmutableTally.java","receiver":{"class":"org.finos.waltz.model.tally.ImmutableTally$Builder","object_id":1259566294,"value":"org.finos.waltz.model.tally.ImmutableTally$Builder@4b1374d6"},"static":false,"thread_id":29},{"elapsed":2.6E-6,"event":"return","id":97590,"parent_id":97589,"return_value":{"class":"org.finos.waltz.model.tally.ImmutableTally$Builder","object_id":1259566294,"value":"org.finos.waltz.model.tally.ImmutableTally$Builder@4b1374d6"},"thread_id":29},{"defined_class":"org.finos.waltz.model.tally.ImmutableTally$Builder","event":"call","id":97591,"lineno":252,"method_id":"build","path":"org/finos/waltz/model/tally/ImmutableTally.java","receiver":{"class":"org.finos.waltz.model.tally.ImmutableTally$Builder","object_id":1259566294,"value":"org.finos.waltz.model.tally.ImmutableTally$Builder@4b1374d6"},"static":false,"thread_id":29},{"elapsed":1.9E-5,"event":"return","id":97594,"parent_id":97591,"return_value":{"class":"org.finos.waltz.model.tally.ImmutableTally","object_id":856265662,"value":"Tally{id=CUSTOMISED, count=1.0}"},"thread_id":29},{"defined_class":"org.finos.waltz.model.tally.ImmutableTally","event":"call","id":97595,"lineno":186,"method_id":"builder","path":"org/finos/waltz/model/tally/ImmutableTally.java","static":true,"thread_id":29},{"elapsed":1.45E-5,"event":"return","id":97598,"parent_id":97595,"return_value":{"class":"org.finos.waltz.model.tally.ImmutableTally$Builder","object_id":1676469453,"value":"org.finos.waltz.model.tally.ImmutableTally$Builder@63ece4cd"},"thread_id":29},{"defined_class":"org.finos.waltz.model.tally.ImmutableTally$Builder","event":"call","id":97600,"lineno":241,"method_id":"count","parameters":[{"class":"java.lang.Double","kind":"req","name":"count","object_id":1930612667,"value":"2.0"}],"path":"org/finos/waltz/model/tally/ImmutableTally.java","receiver":{"class":"org.finos.waltz.model.tally.ImmutableTally$Builder","object_id":1676469453,"value":"org.finos.waltz.model.tally.ImmutableTally$Builder@63ece4cd"},"static":false,"thread_id":29},{"elapsed":4.5E-6,"event":"return","id":97601,"parent_id":97600,"return_value":{"class":"org.finos.waltz.model.tally.ImmutableTally$Builder","object_id":1676469453,"value":"org.finos.waltz.model.tally.ImmutableTally$Builder@63ece4cd"},"thread_id":29},{"defined_class":"org.finos.waltz.model.tally.ImmutableTally$Builder","event":"call","id":97602,"lineno":229,"method_id":"id","parameters":[{"class":"java.lang.String","kind":"req","name":"id","object_id":1515803603,"value":"EXTERNAL"}],"path":"org/finos/waltz/model/tally/ImmutableTally.java","receiver":{"class":"org.finos.waltz.model.tally.ImmutableTally$Builder","object_id":1676469453,"value":"org.finos.waltz.model.tally.ImmutableTally$Builder@63ece4cd"},"static":false,"thread_id":29},{"elapsed":2.1E-6,"event":"return","id":97603,"parent_id":97602,"return_value":{"class":"org.finos.waltz.model.tally.ImmutableTally$Builder","object_id":1676469453,"value":"org.finos.waltz.model.tally.ImmutableTally$Builder@63ece4cd"},"thread_id":29},{"defined_class":"org.finos.waltz.model.tally.ImmutableTally$Builder","event":"call","id":97604,"lineno":252,"method_id":"build","path":"org/finos/waltz/model/tally/ImmutableTally.java","receiver":{"class":"org.finos.waltz.model.tally.ImmutableTally$Builder","object_id":1676469453,"value":"org.finos.waltz.model.tally.ImmutableTally$Builder@63ece4cd"},"static":false,"thread_id":29},{"elapsed":2.0E-6,"event":"return","id":97605,"parent_id":97604,"return_value":{"class":"org.finos.waltz.model.tally.ImmutableTally","object_id":632467269,"value":"Tally{id=EXTERNAL, count=2.0}"},"thread_id":29},{"defined_class":"org.finos.waltz.model.tally.ImmutableTally","event":"call","id":97606,"lineno":186,"method_id":"builder","path":"org/finos/waltz/model/tally/ImmutableTally.java","static":true,"thread_id":29},{"elapsed":3.2E-6,"event":"return","id":97607,"parent_id":97606,"return_value":{"class":"org.finos.waltz.model.tally.ImmutableTally$Builder","object_id":561835442,"value":"org.finos.waltz.model.tally.ImmutableTally$Builder@217cedb2"},"thread_id":29},{"defined_class":"org.finos.waltz.model.tally.ImmutableTally$Builder","event":"call","id":97608,"lineno":241,"method_id":"count","parameters":[{"class":"java.lang.Double","kind":"req","name":"count","object_id":1148621105,"value":"1.0"}],"path":"org/finos/waltz/model/tally/ImmutableTally.java","receiver":{"class":"org.finos.waltz.model.tally.ImmutableTally$Builder","object_id":561835442,"value":"org.finos.waltz.model.tally.ImmutableTally$Builder@217cedb2"},"static":false,"thread_id":29},{"elapsed":1.32E-5,"event":"return","id":97611,"parent_id":97608,"return_value":{"class":"org.finos.waltz.model.tally.ImmutableTally$Builder","object_id":561835442,"value":"org.finos.waltz.model.tally.ImmutableTally$Builder@217cedb2"},"thread_id":29},{"defined_class":"org.finos.waltz.model.tally.ImmutableTally$Builder","event":"call","id":97613,"lineno":229,"method_id":"id","parameters":[{"class":"java.lang.String","kind":"req","name":"id","object_id":1411487143,"value":"THIRD_PARTY"}],"path":"org/finos/waltz/model/tally/ImmutableTally.java","receiver":{"class":"org.finos.waltz.model.tally.ImmutableTally$Builder","object_id":561835442,"value":"org.finos.waltz.model.tally.ImmutableTally$Builder@217cedb2"},"static":false,"thread_id":29},{"elapsed":7.654E-4,"event":"return","id":97615,"parent_id":97613,"return_value":{"class":"org.finos.waltz.model.tally.ImmutableTally$Builder","object_id":561835442,"value":"org.finos.waltz.model.tally.ImmutableTally$Builder@217cedb2"},"thread_id":29},{"defined_class":"org.finos.waltz.model.tally.ImmutableTally$Builder","event":"call","id":97616,"lineno":252,"method_id":"build","path":"org/finos/waltz/model/tally/ImmutableTally.java","receiver":{"class":"org.finos.waltz.model.tally.ImmutableTally$Builder","object_id":561835442,"value":"org.finos.waltz.model.tally.ImmutableTally$Builder@217cedb2"},"static":false,"thread_id":29},{"elapsed":1.57E-5,"event":"return","id":97617,"parent_id":97616,"return_value":{"class":"org.finos.waltz.model.tally.ImmutableTally","object_id":1683603681,"value":"Tally{id=THIRD_PARTY, count=1.0}"},"thread_id":29},{"elapsed":0.0028675,"event":"return","id":97620,"parent_id":97173,"return_value":{"class":"java.util.ArrayList","object_id":579772581,"value":"[Tally{id=CUSTOMISED, count=1.0}, Tally{id=EXTERNAL, count=2.0}, Tally{id=THIRD_PARTY, count=1.0}]"},"thread_id":29},{"elapsed":0.0029495,"event":"return","id":97621,"parent_id":97133,"return_value":{"class":"java.util.ArrayList","object_id":579772581,"value":"[Tally{id=CUSTOMISED, count=1.0}, Tally{id=EXTERNAL, count=2.0}, Tally{id=THIRD_PARTY, count=1.0}]"},"thread_id":29},{"elapsed":0.0082982,"event":"return","id":97622,"parent_id":96558,"return_value":{"class":"java.util.ArrayList","object_id":579772581,"value":"[Tally{id=CUSTOMISED, count=1.0}, Tally{id=EXTERNAL, count=2.0}, Tally{id=THIRD_PARTY, count=1.0}]"},"thread_id":29},{"defined_class":"org.finos.waltz.model.tally.ImmutableTally","event":"call","id":97624,"lineno":36,"method_id":"id","path":"org/finos/waltz/model/tally/ImmutableTally.java","receiver":{"class":"org.finos.waltz.model.tally.ImmutableTally","object_id":856265662,"value":"Tally{id=CUSTOMISED, count=1.0}"},"static":false,"thread_id":29},{"elapsed":1.45E-5,"event":"return","id":97625,"parent_id":97624,"return_value":{"class":"java.lang.String","object_id":543240298,"value":"CUSTOMISED"},"thread_id":29},{"defined_class":"org.finos.waltz.model.tally.ImmutableTally","event":"call","id":97626,"lineno":45,"method_id":"count","path":"org/finos/waltz/model/tally/ImmutableTally.java","receiver":{"class":"org.finos.waltz.model.tally.ImmutableTally","object_id":856265662,"value":"Tally{id=CUSTOMISED, count=1.0}"},"static":false,"thread_id":29},{"elapsed":6.8E-6,"event":"return","id":97627,"parent_id":97626,"return_value":{"class":"java.lang.Double","object_id":1384207068,"value":"1.0"},"thread_id":29},{"defined_class":"org.finos.waltz.model.tally.ImmutableTally","event":"call","id":97628,"lineno":36,"method_id":"id","path":"org/finos/waltz/model/tally/ImmutableTally.java","receiver":{"class":"org.finos.waltz.model.tally.ImmutableTally","object_id":632467269,"value":"Tally{id=EXTERNAL, count=2.0}"},"static":false,"thread_id":29},{"elapsed":1.33E-5,"event":"return","id":97629,"parent_id":97628,"return_value":{"class":"java.lang.String","object_id":1515803603,"value":"EXTERNAL"},"thread_id":29},{"defined_class":"org.finos.waltz.model.tally.ImmutableTally","event":"call","id":97630,"lineno":45,"method_id":"count","path":"org/finos/waltz/model/tally/ImmutableTally.java","receiver":{"class":"org.finos.waltz.model.tally.ImmutableTally","object_id":632467269,"value":"Tally{id=EXTERNAL, count=2.0}"},"static":false,"thread_id":29},{"elapsed":5.0E-6,"event":"return","id":97631,"parent_id":97630,"return_value":{"class":"java.lang.Double","object_id":181762438,"value":"2.0"},"thread_id":29},{"defined_class":"org.finos.waltz.model.tally.ImmutableTally","event":"call","id":97632,"lineno":36,"method_id":"id","path":"org/finos/waltz/model/tally/ImmutableTally.java","receiver":{"class":"org.finos.waltz.model.tally.ImmutableTally","object_id":1683603681,"value":"Tally{id=THIRD_PARTY, count=1.0}"},"static":false,"thread_id":29},{"elapsed":9.4E-6,"event":"return","id":97634,"parent_id":97632,"return_value":{"class":"java.lang.String","object_id":1411487143,"value":"THIRD_PARTY"},"thread_id":29},{"defined_class":"org.finos.waltz.model.tally.ImmutableTally","event":"call","id":97635,"lineno":45,"method_id":"count","path":"org/finos/waltz/model/tally/ImmutableTally.java","receiver":{"class":"org.finos.waltz.model.tally.ImmutableTally","object_id":1683603681,"value":"Tally{id=THIRD_PARTY, count=1.0}"},"static":false,"thread_id":29},{"elapsed":4.0E-6,"event":"return","id":97636,"parent_id":97635,"return_value":{"class":"java.lang.Double","object_id":539098869,"value":"1.0"},"thread_id":29},{"elapsed":0.0817686,"event":"return","http_server_response":{"headers":{"Access-Control-Expose-Headers":"*","Access-Control-Allow-Origin":"*","Date":"Tue, 23 Jul 2024 16:43:23 GMT","Content-Type":"application/json"},"status":200},"id":97639,"parent_id":95016,"thread_id":29}],"classMap":[{"children":[{"children":[{"children":[{"children":[{"children":[{"labels":[],"location":"org/finos/waltz/model/ImmutableEntityReference.java:363","name":"builder","static":true,"type":"function"},{"labels":[],"location":"org/finos/waltz/model/ImmutableEntityReference.java:310","name":"fromJson","static":true,"type":"function"},{"labels":[],"location":"org/finos/waltz/model/ImmutableEntityReference.java:71","name":"kind","static":false,"type":"function"},{"labels":[],"location":"org/finos/waltz/model/ImmutableEntityReference.java:80","name":"id","static":false,"type":"function"}],"location":"org/finos/waltz/model/ImmutableEntityReference.java","name":"ImmutableEntityReference","static":false,"type":"class"},{"children":[{"labels":[],"location":"org/finos/waltz/model/ImmutableSelectionFilters.java:267","name":"createUnmodifiableEnumSet","static":true,"type":"function"},{"labels":[],"location":"org/finos/waltz/model/ImmutableSelectionFilters.java:128","name":"fromJson","static":true,"type":"function"},{"labels":[],"location":"org/finos/waltz/model/ImmutableSelectionFilters.java:161","name":"builder","static":true,"type":"function"},{"labels":[],"location":"org/finos/waltz/model/ImmutableSelectionFilters.java:40","name":"omitApplicationKinds","static":false,"type":"function"}],"location":"org/finos/waltz/model/ImmutableSelectionFilters.java","name":"ImmutableSelectionFilters","static":false,"type":"class"},{"children":[{"labels":[],"location":"org/finos/waltz/model/ImmutableIdSelectionOptions.java:368","name":"fromJson","static":true,"type":"function"},{"labels":[],"location":"org/finos/waltz/model/ImmutableIdSelectionOptions.java:147","name":"entityLifecycleStatuses","static":false,"type":"function"},{"labels":[],"location":"org/finos/waltz/model/ImmutableIdSelectionOptions.java:129","name":"scope","static":false,"type":"function"},{"labels":[],"location":"org/finos/waltz/model/ImmutableIdSelectionOptions.java:614","name":"createUnmodifiableEnumSet","static":true,"type":"function"},{"labels":[],"location":"org/finos/waltz/model/ImmutableIdSelectionOptions.java:417","name":"builder","static":true,"type":"function"},{"labels":[],"location":"org/finos/waltz/model/ImmutableIdSelectionOptions.java:159","name":"filters","static":false,"type":"function"},{"labels":[],"location":"org/finos/waltz/model/ImmutableIdSelectionOptions.java:120","name":"entityReference","static":false,"type":"function"},{"labels":[],"location":"org/finos/waltz/model/ImmutableIdSelectionOptions.java:597","name":"createSafeList","static":true,"type":"function"}],"location":"org/finos/waltz/model/ImmutableIdSelectionOptions.java","name":"ImmutableIdSelectionOptions","static":false,"type":"class"},{"children":[{"labels":[],"location":"org/finos/waltz/model/ImmutableIdSelectionOptions.java:92","name":"filters","static":false,"type":"function"},{"labels":[],"location":"org/finos/waltz/model/ImmutableIdSelectionOptions.java:102","name":"filters","static":false,"type":"function"},{"labels":[],"location":"org/finos/waltz/model/ImmutableIdSelectionOptions.java:74","name":"entityLifecycleStatuses","static":false,"type":"function"},{"labels":[],"location":"org/finos/waltz/model/ImmutableIdSelectionOptions.java:84","name":"entityLifecycleStatuses","static":false,"type":"function"}],"location":"org/finos/waltz/model/ImmutableIdSelectionOptions.java","name":"ImmutableIdSelectionOptions$InitShim","static":false,"type":"class"},{"children":[{"labels":[],"location":"org/finos/waltz/model/ImmutableEntityReference.java:509","name":"kind","static":false,"type":"function"},{"labels":[],"location":"org/finos/waltz/model/ImmutableEntityReference.java:564","name":"externalId","static":false,"type":"function"},{"labels":[],"location":"org/finos/waltz/model/ImmutableEntityReference.java:586","name":"build","static":false,"type":"function"},{"labels":[],"location":"org/finos/waltz/model/ImmutableEntityReference.java:521","name":"id","static":false,"type":"function"},{"labels":[],"location":"org/finos/waltz/model/ImmutableEntityReference.java:543","name":"name","static":false,"type":"function"}],"location":"org/finos/waltz/model/ImmutableEntityReference.java","name":"ImmutableEntityReference$Builder","static":true,"type":"class"},{"children":[{"labels":[],"location":"org/finos/waltz/model/ImmutableIdSelectionOptions.java:506","name":"joiningEntityKind","static":false,"type":"function"},{"labels":[],"location":"org/finos/waltz/model/ImmutableIdSelectionOptions.java:552","name":"addAllEntityLifecycleStatuses","static":false,"type":"function"},{"labels":[],"location":"org/finos/waltz/model/ImmutableIdSelectionOptions.java:472","name":"entityReference","static":false,"type":"function"},{"labels":[],"location":"org/finos/waltz/model/ImmutableIdSelectionOptions.java:584","name":"entityLifecycleStatusesIsSet","static":false,"type":"function"},{"labels":[],"location":"org/finos/waltz/model/ImmutableIdSelectionOptions.java:577","name":"build","static":false,"type":"function"},{"labels":[],"location":"org/finos/waltz/model/ImmutableIdSelectionOptions.java:567","name":"filters","static":false,"type":"function"},{"labels":[],"location":"org/finos/waltz/model/ImmutableIdSelectionOptions.java:484","name":"scope","static":false,"type":"function"}],"location":"org/finos/waltz/model/ImmutableIdSelectionOptions.java","name":"ImmutableIdSelectionOptions$Builder","static":true,"type":"class"},{"children":[{"children":[{"labels":[],"location":"org/finos/waltz/model/tally/ImmutableTally.java:45","name":"count","static":false,"type":"function"},{"labels":[],"location":"org/finos/waltz/model/tally/ImmutableTally.java:186","name":"builder","static":true,"type":"function"},{"labels":[],"location":"org/finos/waltz/model/tally/ImmutableTally.java:36","name":"id","static":false,"type":"function"}],"location":"org/finos/waltz/model/tally/ImmutableTally.java","name":"ImmutableTally","static":false,"type":"class"},{"children":[{"labels":[],"location":"org/finos/waltz/model/tally/ImmutableTally.java:241","name":"count","static":false,"type":"function"},{"labels":[],"location":"org/finos/waltz/model/tally/ImmutableTally.java:229","name":"id","static":false,"type":"function"},{"labels":[],"location":"org/finos/waltz/model/tally/ImmutableTally.java:252","name":"build","static":false,"type":"function"}],"location":"org/finos/waltz/model/tally/ImmutableTally.java","name":"ImmutableTally$Builder","static":true,"type":"class"}],"name":"tally","type":"package"},{"children":[{"labels":[],"location":"waltz-model/src/main/java/org/finos/waltz/model/IdSelectionOptions.java:45","name":"entityLifecycleStatuses","static":false,"type":"function"},{"labels":[],"location":"waltz-model/src/main/java/org/finos/waltz/model/IdSelectionOptions.java:50","name":"filters","static":false,"type":"function"},{"labels":[],"location":"waltz-model/src/main/java/org/finos/waltz/model/IdSelectionOptions.java:55","name":"mkOpts","static":true,"type":"function"}],"location":"waltz-model/src/main/java/org/finos/waltz/model/IdSelectionOptions.java","name":"IdSelectionOptions","static":false,"type":"class"},{"children":[{"labels":[],"location":"org/finos/waltz/model/ImmutableSelectionFilters.java:232","name":"addAllOmitApplicationKinds","static":false,"type":"function"},{"labels":[],"location":"org/finos/waltz/model/ImmutableSelectionFilters.java:244","name":"build","static":false,"type":"function"}],"location":"org/finos/waltz/model/ImmutableSelectionFilters.java","name":"ImmutableSelectionFilters$Builder","static":true,"type":"class"},{"children":[{"labels":[],"location":"waltz-model/src/main/java/org/finos/waltz/model/EntityReference.java:54","name":"entityLifecycleStatus","static":false,"type":"function"}],"location":"waltz-model/src/main/java/org/finos/waltz/model/EntityReference.java","name":"EntityReference","static":false,"type":"class"}],"name":"model","type":"package"},{"children":[{"children":[{"children":[{"labels":[],"location":"waltz-data/src/main/java/org/finos/waltz/data/entity_hierarchy/AbstractIdSelectorFactory.java:44","name":"apply","static":false,"type":"function"},{"labels":[],"location":"waltz-data/src/main/java/org/finos/waltz/data/entity_hierarchy/AbstractIdSelectorFactory.java:58","name":"mkForSelf","static":false,"type":"function"}],"location":"waltz-data/src/main/java/org/finos/waltz/data/entity_hierarchy/AbstractIdSelectorFactory.java","name":"AbstractIdSelectorFactory","static":false,"type":"class"}],"name":"entity_hierarchy","type":"package"},{"children":[{"labels":[],"location":"waltz-data/src/main/java/org/finos/waltz/data/JooqUtilities.java:186","name":"calculateStringTallies","static":true,"type":"function"},{"labels":[],"location":"waltz-data/src/main/java/org/finos/waltz/data/JooqUtilities.java:300","name":"makeTallyQuery","static":true,"type":"function"}],"location":"waltz-data/src/main/java/org/finos/waltz/data/JooqUtilities.java","name":"JooqUtilities","static":false,"type":"class"},{"children":[{"children":[{"labels":[],"location":"waltz-data/src/main/java/org/finos/waltz/data/application/ApplicationDao.java:138","name":"countByApplicationKind","static":false,"type":"function"}],"location":"waltz-data/src/main/java/org/finos/waltz/data/application/ApplicationDao.java","name":"ApplicationDao","static":false,"type":"class"},{"children":[{"labels":[],"location":"waltz-data/src/main/java/org/finos/waltz/data/application/ApplicationIdSelectorFactory.java:85","name":"apply","static":false,"type":"function"},{"labels":[],"location":"waltz-data/src/main/java/org/finos/waltz/data/application/ApplicationIdSelectorFactory.java:472","name":"mkForOrgUnit","static":false,"type":"function"}],"location":"waltz-data/src/main/java/org/finos/waltz/data/application/ApplicationIdSelectorFactory.java","name":"ApplicationIdSelectorFactory","static":false,"type":"class"}],"name":"application","type":"package"},{"children":[{"labels":[],"location":"waltz-data/src/main/java/org/finos/waltz/data/SelectorUtilities.java:61","name":"mkApplicationConditions","static":true,"type":"function"}],"location":"waltz-data/src/main/java/org/finos/waltz/data/SelectorUtilities.java","name":"SelectorUtilities","static":false,"type":"class"}],"name":"data","type":"package"},{"children":[{"children":[{"labels":[],"location":"waltz-web/src/main/java/org/finos/waltz/web/WebUtilities.java:262","name":"readIdSelectionOptionsFromBody","static":true,"type":"function"},{"labels":[],"location":"waltz-web/src/main/java/org/finos/waltz/web/WebUtilities.java:234","name":"readBody","static":true,"type":"function"}],"location":"waltz-web/src/main/java/org/finos/waltz/web/WebUtilities.java","name":"WebUtilities","static":false,"type":"class"},{"children":[{"children":[{"children":[{"labels":[],"location":"waltz-web/src/main/java/org/finos/waltz/web/endpoints/auth/JWTAuthenticationFilter.java:62","name":"handle","static":false,"type":"function"}],"location":"waltz-web/src/main/java/org/finos/waltz/web/endpoints/auth/JWTAuthenticationFilter.java","name":"JWTAuthenticationFilter","static":false,"type":"class"}],"name":"auth","type":"package"}],"name":"endpoints","type":"package"}],"name":"web","type":"package"},{"children":[{"children":[{"labels":[],"location":"waltz-common/src/main/java/org/finos/waltz/common/SetUtilities.java:40","name":"fromArray","static":true,"type":"function"}],"location":"waltz-common/src/main/java/org/finos/waltz/common/SetUtilities.java","name":"SetUtilities","static":false,"type":"class"},{"children":[{"labels":[],"location":"waltz-common/src/main/java/org/finos/waltz/common/Checks.java:37","name":"checkNotNull","static":true,"type":"function"},{"labels":[],"location":"waltz-common/src/main/java/org/finos/waltz/common/Checks.java:85","name":"checkTrue","static":true,"type":"function"}],"location":"waltz-common/src/main/java/org/finos/waltz/common/Checks.java","name":"Checks","static":false,"type":"class"}],"name":"common","type":"package"},{"children":[{"children":[{"children":[{"labels":[],"location":"waltz-service/src/main/java/org/finos/waltz/service/facet/FacetService.java:54","name":"getApplicationKindTallies","static":false,"type":"function"}],"location":"waltz-service/src/main/java/org/finos/waltz/service/facet/FacetService.java","name":"FacetService","static":false,"type":"class"}],"name":"facet","type":"package"},{"children":[{"labels":[],"location":"waltz-service/src/main/java/org/finos/waltz/service/SlowQueryListener.java:59","name":"executeStart","static":false,"type":"function"},{"labels":[],"location":"waltz-service/src/main/java/org/finos/waltz/service/SlowQueryListener.java:66","name":"executeEnd","static":false,"type":"function"}],"location":"waltz-service/src/main/java/org/finos/waltz/service/SlowQueryListener.java","name":"SlowQueryListener","static":false,"type":"class"}],"name":"service","type":"package"}],"name":"waltz","type":"package"}],"name":"finos","type":"package"}],"name":"org","type":"package"}],"version":"1.2","metadata":{"name":"POST /api/facet/count-by/application/kind (200) - 16:43:23.068","app":"waltz","language":{"name":"java","version":"17.0.8+9-LTS-211","engine":"Java HotSpot(TM) 64-Bit Server VM"},"client":{"name":"appmap-java","url":"https://github.com/appland/appmap-java"},"recorder":{"name":"request_recording","type":"requests"},"recording":{},"git":{"repository":"git@github.com:land-of-apps/waltz.git","branch":"master","commit":"dde8a3935468f53fce15c81945a61208a9a291f3"}},"eventUpdates":{}}