{"events":[{"event":"call","http_server_request":{"headers":{"Cookie":"appland_session=bFU5p0cvqrcXlz2oQfgEZG3%2BQjfds2AwmlOA%2Fx5fhQLjPvVHIKrHyvnbeq5nw8c5sME56znPsnpSSzB3nr%2BHfdk9sEC9MgOgNKjgjD8qlzGqDVuwRPr30ch96LWGIDwuITrAUwQGqlUw7%2Fdsq0tjrfHFPTlemq71kQtCAIi9JTRWo5tLPJlG%2F9JtfTuiWIfWg8X67ZkAOuaapIHdaA5w5QtwMr7h34LfseImCERQpzoz9xTqJYqSi2SJ9RE1eVw2jyYFG9IGPA4d1USUIXvAmeaMOQ9Z%2BDmKhiIRXve6%2BzO47%2F2RW1kaH2PND2r0EKz%2BaWMbrXswEaj2kjwx09pTJANR5arO0I9c2RelyrURJyvI%2FZ8OwnG99VyxbE2scovqFvxwhmhXr1KDOxpRle3VOJSpxXtFaDjv2TSSbtqGkIj4T51u58xasM4KbZUpapu5OQ5ENf%2FSMADW4DHmCrSQJ14SgVbNtrazlgwdph5p0AKax1l0Bw7j0jz2SGT9C5HMnzVyZdV59G6paFrgLqvtGuXdWr4VeJt2tPVftjki2S0LpmpTAacYMTeiz0JRvAUI2MTy5coFmozGwP2tYolztMsGb%2Bss8Pp0ZRYy8EsEs78L1J1nDMR5VCJ5yVhSq8JXZA7Misee05vblyt4OMHf9CA4AMzWpe2NbExRxiHuW%2Bkx%2F83vj%2Btrqn1QRG33cQUOn3jl8nfSuSLj5p0K5PYVYnXJu8E7RhAyqpC6J23a%2F8B4qsDAOrIrUYPQAWaYOsjd0i3Q5y49d77RlVc7zyyLJxFNVWLlYCD5BrfOMpyF2f9InowPEQei23xjT4UE0W3dXZP1xhk5wDvQ--zbb2b%2Flld908TQxF--8LcY2kn8%2BBw8bSaDiyP6LQ%3D%3D","Accept":"*/*","Connection":"keep-alive","User-Agent":"Mozilla/5.0 (Macintosh; Intel Mac OS X 10_15_7) AppleWebKit/537.36 (KHTML, like Gecko) Chrome/126.0.0.0 Safari/537.36","Referer":"http://localhost:8080/","Sec-Fetch-Site":"same-origin","Sec-Fetch-Dest":"script","Host":"localhost:8080","Accept-Encoding":"gzip, deflate, br, zstd","Sec-Fetch-Mode":"no-cors","sec-ch-ua":"\"Not/A)Brand\";v=\"8\", \"Chromium\";v=\"126\", \"Google Chrome\";v=\"126\"","sec-ch-ua-mobile":"?0","sec-ch-ua-platform":"\"macOS\"","Accept-Language":"en-US,en;q=0.9"},"path_info":"/api/oauthdetails","protocol":"HTTP/1.1","request_method":"GET"},"id":67319,"thread_id":31},{"defined_class":"org.finos.waltz.web.endpoints.auth.JWTAuthenticationFilter","event":"call","id":67320,"lineno":62,"method_id":"handle","parameters":[{"class":"spark.http.matching.RequestWrapper","kind":"req","name":"request","object_id":2138417229,"value":"spark.Request@1109afb7"},{"class":"spark.http.matching.ResponseWrapper","kind":"req","name":"response","object_id":895486550,"value":"spark.Response@7c026b32"}],"path":"waltz-web/src/main/java/org/finos/waltz/web/endpoints/auth/JWTAuthenticationFilter.java","receiver":{"class":"org.finos.waltz.web.endpoints.auth.JWTAuthenticationFilter","object_id":1016985344,"value":"org.finos.waltz.web.endpoints.auth.JWTAuthenticationFilter@3c9df700"},"static":false,"thread_id":31},{"elapsed":7.708E-4,"event":"return","id":67321,"parent_id":67320,"thread_id":31},{"defined_class":"org.finos.waltz.service.settings.SettingsService","event":"call","id":67322,"lineno":83,"method_id":"getValue","parameters":[{"class":"java.lang.String","kind":"req","name":"name","object_id":867151043,"value":"oauth.provider.details"}],"path":"waltz-service/src/main/java/org/finos/waltz/service/settings/SettingsService.java","receiver":{"class":"org.finos.waltz.service.settings.SettingsService","object_id":1029788282,"value":"org.finos.waltz.service.settings.SettingsService@3d61527a"},"static":false,"thread_id":31},{"defined_class":"org.finos.waltz.service.settings.SettingsService","event":"call","id":67323,"lineno":71,"method_id":"getByName","parameters":[{"class":"java.lang.String","kind":"req","name":"name","object_id":867151043,"value":"oauth.provider.details"}],"path":"waltz-service/src/main/java/org/finos/waltz/service/settings/SettingsService.java","receiver":{"class":"org.finos.waltz.service.settings.SettingsService","object_id":1029788282,"value":"org.finos.waltz.service.settings.SettingsService@3d61527a"},"static":false,"thread_id":31},{"defined_class":"org.finos.waltz.data.settings.SettingsDao","event":"call","id":67324,"lineno":70,"method_id":"getByName","parameters":[{"class":"java.lang.String","kind":"req","name":"name","object_id":867151043,"value":"oauth.provider.details"}],"path":"waltz-data/src/main/java/org/finos/waltz/data/settings/SettingsDao.java","receiver":{"class":"org.finos.waltz.data.settings.SettingsDao","object_id":1890084056,"value":"org.finos.waltz.data.settings.SettingsDao@70a864d8"},"static":false,"thread_id":31},{"defined_class":"org.finos.waltz.schema.tables.Settings","event":"call","id":67325,"lineno":148,"method_id":"fieldsRow","path":"org/finos/waltz/schema/tables/Settings.java","receiver":{"class":"org.finos.waltz.schema.tables.Settings","object_id":1502228925,"value":"\"settings\""},"static":false,"thread_id":31},{"elapsed":8.31E-5,"event":"return","id":67326,"parent_id":67325,"return_value":{"class":"org.jooq.impl.RowImpl","object_id":672919887,"value":"(\"settings\".\"name\", \"settings\".\"value\", \"settings\".\"restricted\", \"settings\".\"description\")"},"thread_id":31},{"event":"call","id":67347,"sql_query":{"database_type":"PostgreSQL","sql":"select \"settings\".\"name\", \"settings\".\"value\", \"settings\".\"restricted\", \"settings\".\"description\" from \"settings\" where \"settings\".\"name\" = ?"},"thread_id":31},{"elapsed":1.478E-4,"event":"return","id":67348,"parent_id":67347,"thread_id":31},{"defined_class":"org.finos.waltz.service.SlowQueryListener","event":"call","id":67350,"lineno":59,"method_id":"executeStart","parameters":[{"class":"org.jooq.impl.DefaultExecuteContext","kind":"req","name":"ctx","object_id":585520578,"value":"org.jooq.impl.DefaultExecuteContext@22e655c2"}],"path":"waltz-service/src/main/java/org/finos/waltz/service/SlowQueryListener.java","receiver":{"class":"org.finos.waltz.service.SlowQueryListener","object_id":1388633466,"value":"org.finos.waltz.service.SlowQueryListener@52c4dd7a"},"static":false,"thread_id":31},{"elapsed":1.8E-5,"event":"return","id":67351,"parent_id":67350,"thread_id":31},{"defined_class":"org.finos.waltz.service.SlowQueryListener","event":"call","id":67353,"lineno":66,"method_id":"executeEnd","parameters":[{"class":"org.jooq.impl.DefaultExecuteContext","kind":"req","name":"ctx","object_id":585520578,"value":"org.jooq.impl.DefaultExecuteContext@22e655c2"}],"path":"waltz-service/src/main/java/org/finos/waltz/service/SlowQueryListener.java","receiver":{"class":"org.finos.waltz.service.SlowQueryListener","object_id":1388633466,"value":"org.finos.waltz.service.SlowQueryListener@52c4dd7a"},"static":false,"thread_id":31},{"elapsed":2.57E-5,"event":"return","id":67354,"parent_id":67353,"thread_id":31},{"elapsed":0.0052127,"event":"return","id":67355,"parent_id":67324,"thread_id":31},{"elapsed":0.0052641,"event":"return","id":67356,"parent_id":67323,"thread_id":31},{"elapsed":0.0052969,"event":"return","id":67357,"parent_id":67322,"return_value":{"class":"java.util.Optional","object_id":1970448387,"value":"Optional.empty"},"thread_id":31},{"elapsed":0.0072063,"event":"return","http_server_response":{"headers":{"Access-Control-Expose-Headers":"*","Access-Control-Allow-Origin":"*","Date":"Tue, 23 Jul 2024 16:28:04 GMT","Content-Type":"application/javascript"},"status":200},"id":67358,"parent_id":67319,"thread_id":31}],"classMap":[{"children":[{"children":[{"children":[{"children":[{"children":[{"children":[{"labels":[],"location":"waltz-service/src/main/java/org/finos/waltz/service/settings/SettingsService.java:71","name":"getByName","static":false,"type":"function"},{"labels":[],"location":"waltz-service/src/main/java/org/finos/waltz/service/settings/SettingsService.java:83","name":"getValue","static":false,"type":"function"}],"location":"waltz-service/src/main/java/org/finos/waltz/service/settings/SettingsService.java","name":"SettingsService","static":false,"type":"class"}],"name":"settings","type":"package"},{"children":[{"labels":[],"location":"waltz-service/src/main/java/org/finos/waltz/service/SlowQueryListener.java:66","name":"executeEnd","static":false,"type":"function"},{"labels":[],"location":"waltz-service/src/main/java/org/finos/waltz/service/SlowQueryListener.java:59","name":"executeStart","static":false,"type":"function"}],"location":"waltz-service/src/main/java/org/finos/waltz/service/SlowQueryListener.java","name":"SlowQueryListener","static":false,"type":"class"}],"name":"service","type":"package"},{"children":[{"children":[{"children":[{"labels":[],"location":"org/finos/waltz/schema/tables/Settings.java:148","name":"fieldsRow","static":false,"type":"function"}],"location":"org/finos/waltz/schema/tables/Settings.java","name":"Settings","static":false,"type":"class"}],"name":"tables","type":"package"}],"name":"schema","type":"package"},{"children":[{"children":[{"children":[{"labels":[],"location":"waltz-data/src/main/java/org/finos/waltz/data/settings/SettingsDao.java:70","name":"getByName","static":false,"type":"function"}],"location":"waltz-data/src/main/java/org/finos/waltz/data/settings/SettingsDao.java","name":"SettingsDao","static":false,"type":"class"}],"name":"settings","type":"package"}],"name":"data","type":"package"},{"children":[{"children":[{"children":[{"children":[{"labels":[],"location":"waltz-web/src/main/java/org/finos/waltz/web/endpoints/auth/JWTAuthenticationFilter.java:62","name":"handle","static":false,"type":"function"}],"location":"waltz-web/src/main/java/org/finos/waltz/web/endpoints/auth/JWTAuthenticationFilter.java","name":"JWTAuthenticationFilter","static":false,"type":"class"}],"name":"auth","type":"package"}],"name":"endpoints","type":"package"}],"name":"web","type":"package"}],"name":"waltz","type":"package"}],"name":"finos","type":"package"}],"name":"org","type":"package"}],"version":"1.2","metadata":{"name":"GET /api/oauthdetails (200) - 16:28:04.891","app":"waltz","language":{"name":"java","version":"17.0.8+9-LTS-211","engine":"Java HotSpot(TM) 64-Bit Server VM"},"client":{"name":"appmap-java","url":"https://github.com/appland/appmap-java"},"recorder":{"name":"request_recording","type":"requests"},"recording":{},"git":{"repository":"git@github.com:land-of-apps/waltz.git","branch":"master","commit":"dde8a3935468f53fce15c81945a61208a9a291f3"}},"eventUpdates":{}}