{"events":[{"event":"call","http_server_request":{"headers":{"Cookie":"appland_session=bFU5p0cvqrcXlz2oQfgEZG3%2BQjfds2AwmlOA%2Fx5fhQLjPvVHIKrHyvnbeq5nw8c5sME56znPsnpSSzB3nr%2BHfdk9sEC9MgOgNKjgjD8qlzGqDVuwRPr30ch96LWGIDwuITrAUwQGqlUw7%2Fdsq0tjrfHFPTlemq71kQtCAIi9JTRWo5tLPJlG%2F9JtfTuiWIfWg8X67ZkAOuaapIHdaA5w5QtwMr7h34LfseImCERQpzoz9xTqJYqSi2SJ9RE1eVw2jyYFG9IGPA4d1USUIXvAmeaMOQ9Z%2BDmKhiIRXve6%2BzO47%2F2RW1kaH2PND2r0EKz%2BaWMbrXswEaj2kjwx09pTJANR5arO0I9c2RelyrURJyvI%2FZ8OwnG99VyxbE2scovqFvxwhmhXr1KDOxpRle3VOJSpxXtFaDjv2TSSbtqGkIj4T51u58xasM4KbZUpapu5OQ5ENf%2FSMADW4DHmCrSQJ14SgVbNtrazlgwdph5p0AKax1l0Bw7j0jz2SGT9C5HMnzVyZdV59G6paFrgLqvtGuXdWr4VeJt2tPVftjki2S0LpmpTAacYMTeiz0JRvAUI2MTy5coFmozGwP2tYolztMsGb%2Bss8Pp0ZRYy8EsEs78L1J1nDMR5VCJ5yVhSq8JXZA7Misee05vblyt4OMHf9CA4AMzWpe2NbExRxiHuW%2Bkx%2F83vj%2Btrqn1QRG33cQUOn3jl8nfSuSLj5p0K5PYVYnXJu8E7RhAyqpC6J23a%2F8B4qsDAOrIrUYPQAWaYOsjd0i3Q5y49d77RlVc7zyyLJxFNVWLlYCD5BrfOMpyF2f9InowPEQei23xjT4UE0W3dXZP1xhk5wDvQ--zbb2b%2Flld908TQxF--8LcY2kn8%2BBw8bSaDiyP6LQ%3D%3D","Accept":"application/json, text/plain, */*","Connection":"keep-alive","User-Agent":"Mozilla/5.0 (Macintosh; Intel Mac OS X 10_15_7) AppleWebKit/537.36 (KHTML, like Gecko) Chrome/126.0.0.0 Safari/537.36","Referer":"http://localhost:8080/org-units","Sec-Fetch-Site":"same-origin","Sec-Fetch-Dest":"empty","Host":"localhost:8080","Accept-Encoding":"gzip, deflate, br, zstd","Sec-Fetch-Mode":"cors","sec-ch-ua":"\"Not/A)Brand\";v=\"8\", \"Chromium\";v=\"126\", \"Google Chrome\";v=\"126\"","sec-ch-ua-mobile":"?0","Cache-Control":"max-age=0","sec-ch-ua-platform":"\"macOS\"","If-Modified-Since":"0","Accept-Language":"en-US,en;q=0.9"},"path_info":"/api/notification","protocol":"HTTP/1.1","request_method":"GET"},"id":94214,"thread_id":43},{"defined_class":"org.finos.waltz.web.endpoints.auth.JWTAuthenticationFilter","event":"call","id":94215,"lineno":62,"method_id":"handle","parameters":[{"class":"spark.http.matching.RequestWrapper","kind":"req","name":"request","object_id":174820177,"value":"spark.Request@57e8f2f9"},{"class":"spark.http.matching.ResponseWrapper","kind":"req","name":"response","object_id":1772303519,"value":"spark.Response@4eaf7b7"}],"path":"waltz-web/src/main/java/org/finos/waltz/web/endpoints/auth/JWTAuthenticationFilter.java","receiver":{"class":"org.finos.waltz.web.endpoints.auth.JWTAuthenticationFilter","object_id":1016985344,"value":"org.finos.waltz.web.endpoints.auth.JWTAuthenticationFilter@3c9df700"},"static":false,"thread_id":43},{"elapsed":4.09E-5,"event":"return","id":94216,"parent_id":94215,"thread_id":43},{"defined_class":"org.finos.waltz.web.WebUtilities","event":"call","id":94217,"lineno":171,"method_id":"getUsername","parameters":[{"class":"spark.http.matching.RequestWrapper","kind":"req","name":"request","object_id":174820177,"value":"spark.Request@520dc578"}],"path":"waltz-web/src/main/java/org/finos/waltz/web/WebUtilities.java","static":true,"thread_id":43},{"defined_class":"org.finos.waltz.web.endpoints.auth.AuthenticationUtilities","event":"call","id":94218,"lineno":37,"method_id":"getUsername","parameters":[{"class":"spark.http.matching.RequestWrapper","kind":"req","name":"request","object_id":174820177,"value":"spark.Request@520dc578"}],"path":"waltz-web/src/main/java/org/finos/waltz/web/endpoints/auth/AuthenticationUtilities.java","static":true,"thread_id":43},{"elapsed":6.9E-6,"event":"return","id":94219,"parent_id":94218,"return_value":{"class":"java.lang.String","object_id":2095922165,"value":"anonymous"},"thread_id":43},{"elapsed":1.94E-5,"event":"return","id":94220,"parent_id":94217,"return_value":{"class":"java.lang.String","object_id":2095922165,"value":"anonymous"},"thread_id":43},{"defined_class":"org.finos.waltz.service.notification.NotificationService","event":"call","id":94221,"lineno":53,"method_id":"getNotificationsByUserId","parameters":[{"class":"java.lang.String","kind":"req","name":"userId","object_id":2095922165,"value":"anonymous"}],"path":"waltz-service/src/main/java/org/finos/waltz/service/notification/NotificationService.java","receiver":{"class":"org.finos.waltz.service.notification.NotificationService","object_id":49243463,"value":"org.finos.waltz.service.notification.NotificationService@2ef6547"},"static":false,"thread_id":43},{"defined_class":"org.finos.waltz.data.notification.NotificationDao","event":"call","id":94222,"lineno":69,"method_id":"findNotificationsByUserId","parameters":[{"class":"java.lang.String","kind":"req","name":"userId","object_id":2095922165,"value":"anonymous"}],"path":"waltz-data/src/main/java/org/finos/waltz/data/notification/NotificationDao.java","receiver":{"class":"org.finos.waltz.data.notification.NotificationDao","object_id":2105063410,"value":"org.finos.waltz.data.notification.NotificationDao@7d78b7f2"},"static":false,"thread_id":43},{"defined_class":"org.finos.waltz.common.ListUtilities","event":"call","id":94223,"lineno":59,"method_id":"asList","parameters":[{"class":"[Ljava.lang.String;","kind":"req","name":"ts","object_id":578425962,"value":"[Ljava.lang.String;@227a146a"}],"path":"waltz-common/src/main/java/org/finos/waltz/common/ListUtilities.java","static":true,"thread_id":43},{"defined_class":"org.finos.waltz.common.ListUtilities","event":"call","id":94224,"lineno":44,"method_id":"newArrayList","parameters":[{"class":"[Ljava.lang.String;","kind":"req","name":"ts","object_id":578425962,"value":"[Ljava.lang.String;@227a146a"}],"path":"waltz-common/src/main/java/org/finos/waltz/common/ListUtilities.java","static":true,"thread_id":43},{"elapsed":4.2E-6,"event":"return","id":94225,"parent_id":94224,"return_value":{"class":"java.util.ArrayList","object_id":840254950,"value":"[NOT_STARTED, IN_PROGRESS]"},"thread_id":43},{"elapsed":8.8E-6,"event":"return","id":94226,"parent_id":94223,"return_value":{"class":"java.util.ArrayList","object_id":840254950,"value":"[NOT_STARTED, IN_PROGRESS]"},"thread_id":43},{"event":"call","id":94227,"sql_query":{"database_type":"PostgreSQL","sql":"select 'ATTESTATION' as \"kind\", count(*) as \"count\" from \"attestation_instance\" join \"attestation_instance_recipient\" on \"attestation_instance_recipient\".\"attestation_instance_id\" = \"attestation_instance\".\"id\" where (\"attestation_instance_recipient\".\"user_id\" = 'anonymous' and \"attestation_instance\".\"attested_at\" is null) union all select 'SURVEY_INSTANCE' as \"kind\", count(*) as \"count\" from \"survey_instance\" join \"survey_instance_recipient\" on \"survey_instance_recipient\".\"survey_instance_id\" = \"survey_instance\".\"id\" join \"person\" on \"person\".\"id\" = \"survey_instance_recipient\".\"person_id\" join \"survey_run\" on \"survey_instance\".\"survey_run_id\" = \"survey_run\".\"id\" join \"survey_template\" on \"survey_run\".\"survey_template_id\" = \"survey_template\".\"id\" where (\"person\".\"email\" = 'anonymous' and \"survey_instance\".\"original_instance_id\" is null and \"survey_instance\".\"status\" in ('NOT_STARTED', 'IN_PROGRESS') and \"survey_template\".\"status\" = 'ACTIVE')"},"thread_id":43},{"elapsed":1.61E-5,"event":"return","id":94228,"parent_id":94227,"thread_id":43},{"defined_class":"org.finos.waltz.service.SlowQueryListener","event":"call","id":94229,"lineno":59,"method_id":"executeStart","parameters":[{"class":"org.jooq.impl.DefaultExecuteContext","kind":"req","name":"ctx","object_id":1628523356,"value":"org.jooq.impl.DefaultExecuteContext@61114b5c"}],"path":"waltz-service/src/main/java/org/finos/waltz/service/SlowQueryListener.java","receiver":{"class":"org.finos.waltz.service.SlowQueryListener","object_id":1388633466,"value":"org.finos.waltz.service.SlowQueryListener@52c4dd7a"},"static":false,"thread_id":43},{"elapsed":1.9E-6,"event":"return","id":94230,"parent_id":94229,"thread_id":43},{"defined_class":"org.finos.waltz.service.SlowQueryListener","event":"call","id":94231,"lineno":66,"method_id":"executeEnd","parameters":[{"class":"org.jooq.impl.DefaultExecuteContext","kind":"req","name":"ctx","object_id":1628523356,"value":"org.jooq.impl.DefaultExecuteContext@61114b5c"}],"path":"waltz-service/src/main/java/org/finos/waltz/service/SlowQueryListener.java","receiver":{"class":"org.finos.waltz.service.SlowQueryListener","object_id":1388633466,"value":"org.finos.waltz.service.SlowQueryListener@52c4dd7a"},"static":false,"thread_id":43},{"elapsed":5.5E-6,"event":"return","id":94232,"parent_id":94231,"thread_id":43},{"defined_class":"org.finos.waltz.model.notification.ImmutableNotificationSummary","event":"call","id":94233,"lineno":183,"method_id":"builder","path":"org/finos/waltz/model/notification/ImmutableNotificationSummary.java","static":true,"thread_id":43},{"elapsed":6.4E-6,"event":"return","id":94234,"parent_id":94233,"return_value":{"class":"org.finos.waltz.model.notification.ImmutableNotificationSummary$Builder","object_id":1569420291,"value":"org.finos.waltz.model.notification.ImmutableNotificationSummary$Builder@5d8b7403"},"thread_id":43},{"defined_class":"org.finos.waltz.model.EntityKind","event":"call","id":94235,"lineno":21,"method_id":"valueOf","parameters":[{"class":"java.lang.String","kind":"req","name":"name","object_id":790684316,"value":"ATTESTATION"}],"path":"waltz-model/src/main/java/org/finos/waltz/model/EntityKind.java","static":true,"thread_id":43},{"elapsed":5.6E-6,"event":"return","id":94236,"parent_id":94235,"return_value":{"class":"org.finos.waltz.model.EntityKind","object_id":296804442,"value":"ATTESTATION"},"thread_id":43},{"defined_class":"org.finos.waltz.model.notification.ImmutableNotificationSummary$Builder","event":"call","id":94237,"lineno":226,"method_id":"kind","parameters":[{"class":"org.finos.waltz.model.EntityKind","kind":"req","name":"kind","object_id":296804442,"value":"ATTESTATION"}],"path":"org/finos/waltz/model/notification/ImmutableNotificationSummary.java","receiver":{"class":"org.finos.waltz.model.notification.ImmutableNotificationSummary$Builder","object_id":1569420291,"value":"org.finos.waltz.model.notification.ImmutableNotificationSummary$Builder@5d8b7403"},"static":false,"thread_id":43},{"elapsed":1.4E-6,"event":"return","id":94238,"parent_id":94237,"return_value":{"class":"org.finos.waltz.model.notification.ImmutableNotificationSummary$Builder","object_id":1569420291,"value":"org.finos.waltz.model.notification.ImmutableNotificationSummary$Builder@5d8b7403"},"thread_id":43},{"defined_class":"org.finos.waltz.model.notification.ImmutableNotificationSummary$Builder","event":"call","id":94239,"lineno":238,"method_id":"count","parameters":[{"class":"java.lang.Integer","kind":"req","name":"count","object_id":359580915,"value":"0"}],"path":"org/finos/waltz/model/notification/ImmutableNotificationSummary.java","receiver":{"class":"org.finos.waltz.model.notification.ImmutableNotificationSummary$Builder","object_id":1569420291,"value":"org.finos.waltz.model.notification.ImmutableNotificationSummary$Builder@5d8b7403"},"static":false,"thread_id":43},{"elapsed":2.0E-6,"event":"return","id":94240,"parent_id":94239,"return_value":{"class":"org.finos.waltz.model.notification.ImmutableNotificationSummary$Builder","object_id":1569420291,"value":"org.finos.waltz.model.notification.ImmutableNotificationSummary$Builder@5d8b7403"},"thread_id":43},{"defined_class":"org.finos.waltz.model.notification.ImmutableNotificationSummary$Builder","event":"call","id":94241,"lineno":249,"method_id":"build","path":"org/finos/waltz/model/notification/ImmutableNotificationSummary.java","receiver":{"class":"org.finos.waltz.model.notification.ImmutableNotificationSummary$Builder","object_id":1569420291,"value":"org.finos.waltz.model.notification.ImmutableNotificationSummary$Builder@5d8b7403"},"static":false,"thread_id":43},{"elapsed":1.4E-6,"event":"return","id":94242,"parent_id":94241,"return_value":{"class":"org.finos.waltz.model.notification.ImmutableNotificationSummary","object_id":922921195,"value":"NotificationSummary{kind=ATTESTATION, count=0}"},"thread_id":43},{"defined_class":"org.finos.waltz.model.notification.ImmutableNotificationSummary","event":"call","id":94243,"lineno":183,"method_id":"builder","path":"org/finos/waltz/model/notification/ImmutableNotificationSummary.java","static":true,"thread_id":43},{"elapsed":3.5E-6,"event":"return","id":94244,"parent_id":94243,"return_value":{"class":"org.finos.waltz.model.notification.ImmutableNotificationSummary$Builder","object_id":1545752316,"value":"org.finos.waltz.model.notification.ImmutableNotificationSummary$Builder@5c224efc"},"thread_id":43},{"defined_class":"org.finos.waltz.model.EntityKind","event":"call","id":94245,"lineno":21,"method_id":"valueOf","parameters":[{"class":"java.lang.String","kind":"req","name":"name","object_id":1510933015,"value":"SURVEY_INSTANCE"}],"path":"waltz-model/src/main/java/org/finos/waltz/model/EntityKind.java","static":true,"thread_id":43},{"elapsed":5.0E-6,"event":"return","id":94246,"parent_id":94245,"return_value":{"class":"org.finos.waltz.model.EntityKind","object_id":2071526485,"value":"SURVEY_INSTANCE"},"thread_id":43},{"defined_class":"org.finos.waltz.model.notification.ImmutableNotificationSummary$Builder","event":"call","id":94247,"lineno":226,"method_id":"kind","parameters":[{"class":"org.finos.waltz.model.EntityKind","kind":"req","name":"kind","object_id":2071526485,"value":"SURVEY_INSTANCE"}],"path":"org/finos/waltz/model/notification/ImmutableNotificationSummary.java","receiver":{"class":"org.finos.waltz.model.notification.ImmutableNotificationSummary$Builder","object_id":1545752316,"value":"org.finos.waltz.model.notification.ImmutableNotificationSummary$Builder@5c224efc"},"static":false,"thread_id":43},{"elapsed":1.1E-6,"event":"return","id":94248,"parent_id":94247,"return_value":{"class":"org.finos.waltz.model.notification.ImmutableNotificationSummary$Builder","object_id":1545752316,"value":"org.finos.waltz.model.notification.ImmutableNotificationSummary$Builder@5c224efc"},"thread_id":43},{"defined_class":"org.finos.waltz.model.notification.ImmutableNotificationSummary$Builder","event":"call","id":94249,"lineno":238,"method_id":"count","parameters":[{"class":"java.lang.Integer","kind":"req","name":"count","object_id":359580915,"value":"0"}],"path":"org/finos/waltz/model/notification/ImmutableNotificationSummary.java","receiver":{"class":"org.finos.waltz.model.notification.ImmutableNotificationSummary$Builder","object_id":1545752316,"value":"org.finos.waltz.model.notification.ImmutableNotificationSummary$Builder@5c224efc"},"static":false,"thread_id":43},{"elapsed":1.9E-6,"event":"return","id":94250,"parent_id":94249,"return_value":{"class":"org.finos.waltz.model.notification.ImmutableNotificationSummary$Builder","object_id":1545752316,"value":"org.finos.waltz.model.notification.ImmutableNotificationSummary$Builder@5c224efc"},"thread_id":43},{"defined_class":"org.finos.waltz.model.notification.ImmutableNotificationSummary$Builder","event":"call","id":94251,"lineno":249,"method_id":"build","path":"org/finos/waltz/model/notification/ImmutableNotificationSummary.java","receiver":{"class":"org.finos.waltz.model.notification.ImmutableNotificationSummary$Builder","object_id":1545752316,"value":"org.finos.waltz.model.notification.ImmutableNotificationSummary$Builder@5c224efc"},"static":false,"thread_id":43},{"elapsed":2.1E-6,"event":"return","id":94252,"parent_id":94251,"return_value":{"class":"org.finos.waltz.model.notification.ImmutableNotificationSummary","object_id":1913864136,"value":"NotificationSummary{kind=SURVEY_INSTANCE, count=0}"},"thread_id":43},{"elapsed":7.444E-4,"event":"return","id":94253,"parent_id":94222,"return_value":{"class":"java.util.ArrayList","object_id":1349813393,"value":"[NotificationSummary{kind=ATTESTATION, count=0}, NotificationSummary{kind=SURVEY_INSTANCE, count=0}]"},"thread_id":43},{"defined_class":"org.finos.waltz.service.settings.SettingsService","event":"call","id":94254,"lineno":83,"method_id":"getValue","parameters":[{"class":"java.lang.String","kind":"req","name":"name","object_id":883419630,"value":"ui.banner.notification.text"}],"path":"waltz-service/src/main/java/org/finos/waltz/service/settings/SettingsService.java","receiver":{"class":"org.finos.waltz.service.settings.SettingsService","object_id":1029788282,"value":"org.finos.waltz.service.settings.SettingsService@3d61527a"},"static":false,"thread_id":43},{"defined_class":"org.finos.waltz.service.settings.SettingsService","event":"call","id":94255,"lineno":71,"method_id":"getByName","parameters":[{"class":"java.lang.String","kind":"req","name":"name","object_id":883419630,"value":"ui.banner.notification.text"}],"path":"waltz-service/src/main/java/org/finos/waltz/service/settings/SettingsService.java","receiver":{"class":"org.finos.waltz.service.settings.SettingsService","object_id":1029788282,"value":"org.finos.waltz.service.settings.SettingsService@3d61527a"},"static":false,"thread_id":43},{"defined_class":"org.finos.waltz.data.settings.SettingsDao","event":"call","id":94256,"lineno":70,"method_id":"getByName","parameters":[{"class":"java.lang.String","kind":"req","name":"name","object_id":883419630,"value":"ui.banner.notification.text"}],"path":"waltz-data/src/main/java/org/finos/waltz/data/settings/SettingsDao.java","receiver":{"class":"org.finos.waltz.data.settings.SettingsDao","object_id":1890084056,"value":"org.finos.waltz.data.settings.SettingsDao@70a864d8"},"static":false,"thread_id":43},{"defined_class":"org.finos.waltz.schema.tables.Settings","event":"call","id":94257,"lineno":148,"method_id":"fieldsRow","path":"org/finos/waltz/schema/tables/Settings.java","receiver":{"class":"org.finos.waltz.schema.tables.Settings","object_id":1502228925,"value":"\"settings\""},"static":false,"thread_id":43},{"elapsed":4.9E-6,"event":"return","id":94258,"parent_id":94257,"return_value":{"class":"org.jooq.impl.RowImpl","object_id":510621133,"value":"(\"settings\".\"name\", \"settings\".\"value\", \"settings\".\"restricted\", \"settings\".\"description\")"},"thread_id":43},{"event":"call","id":94259,"sql_query":{"database_type":"PostgreSQL","sql":"select \"settings\".\"name\", \"settings\".\"value\", \"settings\".\"restricted\", \"settings\".\"description\" from \"settings\" where \"settings\".\"name\" = ?"},"thread_id":43},{"elapsed":1.42E-5,"event":"return","id":94260,"parent_id":94259,"thread_id":43},{"defined_class":"org.finos.waltz.service.SlowQueryListener","event":"call","id":94261,"lineno":59,"method_id":"executeStart","parameters":[{"class":"org.jooq.impl.DefaultExecuteContext","kind":"req","name":"ctx","object_id":1012061101,"value":"org.jooq.impl.DefaultExecuteContext@3c52d3ad"}],"path":"waltz-service/src/main/java/org/finos/waltz/service/SlowQueryListener.java","receiver":{"class":"org.finos.waltz.service.SlowQueryListener","object_id":1388633466,"value":"org.finos.waltz.service.SlowQueryListener@52c4dd7a"},"static":false,"thread_id":43},{"elapsed":1.5E-6,"event":"return","id":94262,"parent_id":94261,"thread_id":43},{"defined_class":"org.finos.waltz.service.SlowQueryListener","event":"call","id":94263,"lineno":66,"method_id":"executeEnd","parameters":[{"class":"org.jooq.impl.DefaultExecuteContext","kind":"req","name":"ctx","object_id":1012061101,"value":"org.jooq.impl.DefaultExecuteContext@3c52d3ad"}],"path":"waltz-service/src/main/java/org/finos/waltz/service/SlowQueryListener.java","receiver":{"class":"org.finos.waltz.service.SlowQueryListener","object_id":1388633466,"value":"org.finos.waltz.service.SlowQueryListener@52c4dd7a"},"static":false,"thread_id":43},{"elapsed":5.2E-6,"event":"return","id":94264,"parent_id":94263,"thread_id":43},{"elapsed":2.071E-4,"event":"return","id":94265,"parent_id":94256,"thread_id":43},{"elapsed":2.164E-4,"event":"return","id":94266,"parent_id":94255,"thread_id":43},{"elapsed":2.251E-4,"event":"return","id":94267,"parent_id":94254,"return_value":{"class":"java.util.Optional","object_id":1970448387,"value":"Optional.empty"},"thread_id":43},{"defined_class":"org.finos.waltz.model.notification.ImmutableNotificationResponse","event":"call","id":94268,"lineno":213,"method_id":"builder","path":"org/finos/waltz/model/notification/ImmutableNotificationResponse.java","static":true,"thread_id":43},{"elapsed":7.6E-6,"event":"return","id":94269,"parent_id":94268,"return_value":{"class":"org.finos.waltz.model.notification.ImmutableNotificationResponse$Builder","object_id":1465140880,"value":"org.finos.waltz.model.notification.ImmutableNotificationResponse$Builder@57544690"},"thread_id":43},{"defined_class":"org.finos.waltz.model.notification.ImmutableNotificationResponse$Builder","event":"call","id":94270,"lineno":279,"method_id":"summary","parameters":[{"class":"java.util.ArrayList","kind":"req","name":"elements","object_id":1349813393,"value":"[NotificationSummary{kind=ATTESTATION, count=0}, NotificationSummary{kind=SURVEY_INSTANCE, count=0}]"}],"path":"org/finos/waltz/model/notification/ImmutableNotificationResponse.java","receiver":{"class":"org.finos.waltz.model.notification.ImmutableNotificationResponse$Builder","object_id":1465140880,"value":"org.finos.waltz.model.notification.ImmutableNotificationResponse$Builder@57544690"},"static":false,"thread_id":43},{"defined_class":"org.finos.waltz.model.notification.ImmutableNotificationResponse$Builder","event":"call","id":94271,"lineno":289,"method_id":"addAllSummary","parameters":[{"class":"java.util.ArrayList","kind":"req","name":"elements","object_id":1349813393,"value":"[NotificationSummary{kind=ATTESTATION, count=0}, NotificationSummary{kind=SURVEY_INSTANCE, count=0}]"}],"path":"org/finos/waltz/model/notification/ImmutableNotificationResponse.java","receiver":{"class":"org.finos.waltz.model.notification.ImmutableNotificationResponse$Builder","object_id":1465140880,"value":"org.finos.waltz.model.notification.ImmutableNotificationResponse$Builder@57544690"},"static":false,"thread_id":43},{"elapsed":5.8E-6,"event":"return","id":94272,"parent_id":94271,"return_value":{"class":"org.finos.waltz.model.notification.ImmutableNotificationResponse$Builder","object_id":1465140880,"value":"org.finos.waltz.model.notification.ImmutableNotificationResponse$Builder@57544690"},"thread_id":43},{"elapsed":1.11E-5,"event":"return","id":94273,"parent_id":94270,"return_value":{"class":"org.finos.waltz.model.notification.ImmutableNotificationResponse$Builder","object_id":1465140880,"value":"org.finos.waltz.model.notification.ImmutableNotificationResponse$Builder@57544690"},"thread_id":43},{"defined_class":"org.finos.waltz.model.notification.ImmutableNotificationResponse$Builder","event":"call","id":94274,"lineno":312,"method_id":"message","parameters":[{"class":"java.util.Optional","kind":"req","name":"message","object_id":1970448387,"value":"Optional.empty"}],"path":"org/finos/waltz/model/notification/ImmutableNotificationResponse.java","receiver":{"class":"org.finos.waltz.model.notification.ImmutableNotificationResponse$Builder","object_id":1465140880,"value":"org.finos.waltz.model.notification.ImmutableNotificationResponse$Builder@57544690"},"static":false,"thread_id":43},{"elapsed":1.9E-6,"event":"return","id":94275,"parent_id":94274,"return_value":{"class":"org.finos.waltz.model.notification.ImmutableNotificationResponse$Builder","object_id":1465140880,"value":"org.finos.waltz.model.notification.ImmutableNotificationResponse$Builder@57544690"},"thread_id":43},{"defined_class":"org.finos.waltz.model.notification.ImmutableNotificationResponse$Builder","event":"call","id":94276,"lineno":322,"method_id":"build","path":"org/finos/waltz/model/notification/ImmutableNotificationResponse.java","receiver":{"class":"org.finos.waltz.model.notification.ImmutableNotificationResponse$Builder","object_id":1465140880,"value":"org.finos.waltz.model.notification.ImmutableNotificationResponse$Builder@57544690"},"static":false,"thread_id":43},{"defined_class":"org.finos.waltz.model.notification.ImmutableNotificationResponse","event":"call","id":94277,"lineno":344,"method_id":"createUnmodifiableList","parameters":[{"class":"java.lang.Boolean","kind":"req","name":"clone","object_id":1741409773,"value":"true"},{"class":"java.util.ArrayList","kind":"req","name":"list","object_id":602931431,"value":"[NotificationSummary{kind=ATTESTATION, count=0}, NotificationSummary{kind=SURVEY_INSTANCE, count=0}]"}],"path":"org/finos/waltz/model/notification/ImmutableNotificationResponse.java","static":true,"thread_id":43},{"elapsed":1.8E-6,"event":"return","id":94278,"parent_id":94277,"return_value":{"class":"java.util.Collections$UnmodifiableRandomAccessList","object_id":1179965513,"value":"[NotificationSummary{kind=ATTESTATION, count=0}, NotificationSummary{kind=SURVEY_INSTANCE, count=0}]"},"thread_id":43},{"elapsed":6.9E-6,"event":"return","id":94279,"parent_id":94276,"return_value":{"class":"org.finos.waltz.model.notification.ImmutableNotificationResponse","object_id":1815192725,"value":"NotificationResponse{summary=[NotificationSummary{kind=ATTESTATION, count=0}, NotificationSummary{kind=SURVEY_INSTANCE, count=0}]}"},"thread_id":43},{"elapsed":0.0010178,"event":"return","id":94280,"parent_id":94221,"return_value":{"class":"org.finos.waltz.model.notification.ImmutableNotificationResponse","object_id":1815192725,"value":"NotificationResponse{summary=[NotificationSummary{kind=ATTESTATION, count=0}, NotificationSummary{kind=SURVEY_INSTANCE, count=0}]}"},"thread_id":43},{"defined_class":"org.finos.waltz.model.notification.ImmutableNotificationResponse","event":"call","id":94281,"lineno":43,"method_id":"summary","path":"org/finos/waltz/model/notification/ImmutableNotificationResponse.java","receiver":{"class":"org.finos.waltz.model.notification.ImmutableNotificationResponse","object_id":1815192725,"value":"NotificationResponse{summary=[NotificationSummary{kind=ATTESTATION, count=0}, NotificationSummary{kind=SURVEY_INSTANCE, count=0}]}"},"static":false,"thread_id":43},{"elapsed":4.0E-6,"event":"return","id":94282,"parent_id":94281,"return_value":{"class":"java.util.Collections$UnmodifiableRandomAccessList","object_id":1179965513,"value":"[NotificationSummary{kind=ATTESTATION, count=0}, NotificationSummary{kind=SURVEY_INSTANCE, count=0}]"},"thread_id":43},{"defined_class":"org.finos.waltz.model.notification.ImmutableNotificationSummary","event":"call","id":94283,"lineno":37,"method_id":"kind","path":"org/finos/waltz/model/notification/ImmutableNotificationSummary.java","receiver":{"class":"org.finos.waltz.model.notification.ImmutableNotificationSummary","object_id":922921195,"value":"NotificationSummary{kind=ATTESTATION, count=0}"},"static":false,"thread_id":43},{"elapsed":2.6E-6,"event":"return","id":94284,"parent_id":94283,"return_value":{"class":"org.finos.waltz.model.EntityKind","object_id":296804442,"value":"ATTESTATION"},"thread_id":43},{"defined_class":"org.finos.waltz.model.notification.ImmutableNotificationSummary","event":"call","id":94285,"lineno":46,"method_id":"count","path":"org/finos/waltz/model/notification/ImmutableNotificationSummary.java","receiver":{"class":"org.finos.waltz.model.notification.ImmutableNotificationSummary","object_id":922921195,"value":"NotificationSummary{kind=ATTESTATION, count=0}"},"static":false,"thread_id":43},{"elapsed":1.1E-6,"event":"return","id":94286,"parent_id":94285,"return_value":{"class":"java.lang.Integer","object_id":359580915,"value":"0"},"thread_id":43},{"defined_class":"org.finos.waltz.model.notification.ImmutableNotificationSummary","event":"call","id":94287,"lineno":37,"method_id":"kind","path":"org/finos/waltz/model/notification/ImmutableNotificationSummary.java","receiver":{"class":"org.finos.waltz.model.notification.ImmutableNotificationSummary","object_id":1913864136,"value":"NotificationSummary{kind=SURVEY_INSTANCE, count=0}"},"static":false,"thread_id":43},{"elapsed":2.1E-6,"event":"return","id":94288,"parent_id":94287,"return_value":{"class":"org.finos.waltz.model.EntityKind","object_id":2071526485,"value":"SURVEY_INSTANCE"},"thread_id":43},{"defined_class":"org.finos.waltz.model.notification.ImmutableNotificationSummary","event":"call","id":94289,"lineno":46,"method_id":"count","path":"org/finos/waltz/model/notification/ImmutableNotificationSummary.java","receiver":{"class":"org.finos.waltz.model.notification.ImmutableNotificationSummary","object_id":1913864136,"value":"NotificationSummary{kind=SURVEY_INSTANCE, count=0}"},"static":false,"thread_id":43},{"elapsed":1.0E-6,"event":"return","id":94290,"parent_id":94289,"return_value":{"class":"java.lang.Integer","object_id":359580915,"value":"0"},"thread_id":43},{"defined_class":"org.finos.waltz.model.notification.ImmutableNotificationResponse","event":"call","id":94291,"lineno":52,"method_id":"message","path":"org/finos/waltz/model/notification/ImmutableNotificationResponse.java","receiver":{"class":"org.finos.waltz.model.notification.ImmutableNotificationResponse","object_id":1815192725,"value":"NotificationResponse{summary=[NotificationSummary{kind=ATTESTATION, count=0}, NotificationSummary{kind=SURVEY_INSTANCE, count=0}]}"},"static":false,"thread_id":43},{"elapsed":4.6E-6,"event":"return","id":94292,"parent_id":94291,"return_value":{"class":"java.util.Optional","object_id":1970448387,"value":"Optional.empty"},"thread_id":43},{"elapsed":0.0014638,"event":"return","http_server_response":{"headers":{"Access-Control-Expose-Headers":"*","Access-Control-Allow-Origin":"*","Date":"Tue, 23 Jul 2024 16:38:19 GMT","Content-Type":"application/json"},"status":200},"id":94293,"parent_id":94214,"thread_id":43}],"classMap":[{"children":[{"children":[{"children":[{"children":[{"children":[{"children":[{"labels":[],"location":"waltz-data/src/main/java/org/finos/waltz/data/notification/NotificationDao.java:69","name":"findNotificationsByUserId","static":false,"type":"function"}],"location":"waltz-data/src/main/java/org/finos/waltz/data/notification/NotificationDao.java","name":"NotificationDao","static":false,"type":"class"}],"name":"notification","type":"package"},{"children":[{"children":[{"labels":[],"location":"waltz-data/src/main/java/org/finos/waltz/data/settings/SettingsDao.java:70","name":"getByName","static":false,"type":"function"}],"location":"waltz-data/src/main/java/org/finos/waltz/data/settings/SettingsDao.java","name":"SettingsDao","static":false,"type":"class"}],"name":"settings","type":"package"}],"name":"data","type":"package"},{"children":[{"children":[{"labels":[],"location":"waltz-common/src/main/java/org/finos/waltz/common/ListUtilities.java:44","name":"newArrayList","static":true,"type":"function"},{"labels":[],"location":"waltz-common/src/main/java/org/finos/waltz/common/ListUtilities.java:59","name":"asList","static":true,"type":"function"}],"location":"waltz-common/src/main/java/org/finos/waltz/common/ListUtilities.java","name":"ListUtilities","static":false,"type":"class"}],"name":"common","type":"package"},{"children":[{"children":[{"children":[{"labels":[],"location":"org/finos/waltz/model/notification/ImmutableNotificationResponse.java:213","name":"builder","static":true,"type":"function"},{"labels":[],"location":"org/finos/waltz/model/notification/ImmutableNotificationResponse.java:344","name":"createUnmodifiableList","static":true,"type":"function"},{"labels":[],"location":"org/finos/waltz/model/notification/ImmutableNotificationResponse.java:52","name":"message","static":false,"type":"function"},{"labels":[],"location":"org/finos/waltz/model/notification/ImmutableNotificationResponse.java:43","name":"summary","static":false,"type":"function"}],"location":"org/finos/waltz/model/notification/ImmutableNotificationResponse.java","name":"ImmutableNotificationResponse","static":false,"type":"class"},{"children":[{"labels":[],"location":"org/finos/waltz/model/notification/ImmutableNotificationResponse.java:289","name":"addAllSummary","static":false,"type":"function"},{"labels":[],"location":"org/finos/waltz/model/notification/ImmutableNotificationResponse.java:312","name":"message","static":false,"type":"function"},{"labels":[],"location":"org/finos/waltz/model/notification/ImmutableNotificationResponse.java:322","name":"build","static":false,"type":"function"},{"labels":[],"location":"org/finos/waltz/model/notification/ImmutableNotificationResponse.java:279","name":"summary","static":false,"type":"function"}],"location":"org/finos/waltz/model/notification/ImmutableNotificationResponse.java","name":"ImmutableNotificationResponse$Builder","static":true,"type":"class"},{"children":[{"labels":[],"location":"org/finos/waltz/model/notification/ImmutableNotificationSummary.java:183","name":"builder","static":true,"type":"function"},{"labels":[],"location":"org/finos/waltz/model/notification/ImmutableNotificationSummary.java:46","name":"count","static":false,"type":"function"},{"labels":[],"location":"org/finos/waltz/model/notification/ImmutableNotificationSummary.java:37","name":"kind","static":false,"type":"function"}],"location":"org/finos/waltz/model/notification/ImmutableNotificationSummary.java","name":"ImmutableNotificationSummary","static":false,"type":"class"},{"children":[{"labels":[],"location":"org/finos/waltz/model/notification/ImmutableNotificationSummary.java:226","name":"kind","static":false,"type":"function"},{"labels":[],"location":"org/finos/waltz/model/notification/ImmutableNotificationSummary.java:238","name":"count","static":false,"type":"function"},{"labels":[],"location":"org/finos/waltz/model/notification/ImmutableNotificationSummary.java:249","name":"build","static":false,"type":"function"}],"location":"org/finos/waltz/model/notification/ImmutableNotificationSummary.java","name":"ImmutableNotificationSummary$Builder","static":true,"type":"class"}],"name":"notification","type":"package"},{"children":[{"labels":[],"location":"waltz-model/src/main/java/org/finos/waltz/model/EntityKind.java:21","name":"valueOf","static":true,"type":"function"}],"location":"waltz-model/src/main/java/org/finos/waltz/model/EntityKind.java","name":"EntityKind","static":false,"type":"class"}],"name":"model","type":"package"},{"children":[{"children":[{"children":[{"labels":[],"location":"waltz-service/src/main/java/org/finos/waltz/service/notification/NotificationService.java:53","name":"getNotificationsByUserId","static":false,"type":"function"}],"location":"waltz-service/src/main/java/org/finos/waltz/service/notification/NotificationService.java","name":"NotificationService","static":false,"type":"class"}],"name":"notification","type":"package"},{"children":[{"children":[{"labels":[],"location":"waltz-service/src/main/java/org/finos/waltz/service/settings/SettingsService.java:71","name":"getByName","static":false,"type":"function"},{"labels":[],"location":"waltz-service/src/main/java/org/finos/waltz/service/settings/SettingsService.java:83","name":"getValue","static":false,"type":"function"}],"location":"waltz-service/src/main/java/org/finos/waltz/service/settings/SettingsService.java","name":"SettingsService","static":false,"type":"class"}],"name":"settings","type":"package"},{"children":[{"labels":[],"location":"waltz-service/src/main/java/org/finos/waltz/service/SlowQueryListener.java:59","name":"executeStart","static":false,"type":"function"},{"labels":[],"location":"waltz-service/src/main/java/org/finos/waltz/service/SlowQueryListener.java:66","name":"executeEnd","static":false,"type":"function"}],"location":"waltz-service/src/main/java/org/finos/waltz/service/SlowQueryListener.java","name":"SlowQueryListener","static":false,"type":"class"}],"name":"service","type":"package"},{"children":[{"children":[{"children":[{"children":[{"labels":[],"location":"waltz-web/src/main/java/org/finos/waltz/web/endpoints/auth/JWTAuthenticationFilter.java:62","name":"handle","static":false,"type":"function"}],"location":"waltz-web/src/main/java/org/finos/waltz/web/endpoints/auth/JWTAuthenticationFilter.java","name":"JWTAuthenticationFilter","static":false,"type":"class"},{"children":[{"labels":[],"location":"waltz-web/src/main/java/org/finos/waltz/web/endpoints/auth/AuthenticationUtilities.java:37","name":"getUsername","static":true,"type":"function"}],"location":"waltz-web/src/main/java/org/finos/waltz/web/endpoints/auth/AuthenticationUtilities.java","name":"AuthenticationUtilities","static":false,"type":"class"}],"name":"auth","type":"package"}],"name":"endpoints","type":"package"},{"children":[{"labels":[],"location":"waltz-web/src/main/java/org/finos/waltz/web/WebUtilities.java:171","name":"getUsername","static":true,"type":"function"}],"location":"waltz-web/src/main/java/org/finos/waltz/web/WebUtilities.java","name":"WebUtilities","static":false,"type":"class"}],"name":"web","type":"package"},{"children":[{"children":[{"children":[{"labels":[],"location":"org/finos/waltz/schema/tables/Settings.java:148","name":"fieldsRow","static":false,"type":"function"}],"location":"org/finos/waltz/schema/tables/Settings.java","name":"Settings","static":false,"type":"class"}],"name":"tables","type":"package"}],"name":"schema","type":"package"}],"name":"waltz","type":"package"}],"name":"finos","type":"package"}],"name":"org","type":"package"}],"version":"1.2","metadata":{"name":"GET /api/notification (200) - 16:38:19.787","app":"waltz","language":{"name":"java","version":"17.0.8+9-LTS-211","engine":"Java HotSpot(TM) 64-Bit Server VM"},"client":{"name":"appmap-java","url":"https://github.com/appland/appmap-java"},"recorder":{"name":"request_recording","type":"requests"},"recording":{},"git":{"repository":"git@github.com:land-of-apps/waltz.git","branch":"master","commit":"dde8a3935468f53fce15c81945a61208a9a291f3"}},"eventUpdates":{}}