{"events":[{"event":"call","http_server_request":{"headers":{"Cookie":"appland_session=bFU5p0cvqrcXlz2oQfgEZG3%2BQjfds2AwmlOA%2Fx5fhQLjPvVHIKrHyvnbeq5nw8c5sME56znPsnpSSzB3nr%2BHfdk9sEC9MgOgNKjgjD8qlzGqDVuwRPr30ch96LWGIDwuITrAUwQGqlUw7%2Fdsq0tjrfHFPTlemq71kQtCAIi9JTRWo5tLPJlG%2F9JtfTuiWIfWg8X67ZkAOuaapIHdaA5w5QtwMr7h34LfseImCERQpzoz9xTqJYqSi2SJ9RE1eVw2jyYFG9IGPA4d1USUIXvAmeaMOQ9Z%2BDmKhiIRXve6%2BzO47%2F2RW1kaH2PND2r0EKz%2BaWMbrXswEaj2kjwx09pTJANR5arO0I9c2RelyrURJyvI%2FZ8OwnG99VyxbE2scovqFvxwhmhXr1KDOxpRle3VOJSpxXtFaDjv2TSSbtqGkIj4T51u58xasM4KbZUpapu5OQ5ENf%2FSMADW4DHmCrSQJ14SgVbNtrazlgwdph5p0AKax1l0Bw7j0jz2SGT9C5HMnzVyZdV59G6paFrgLqvtGuXdWr4VeJt2tPVftjki2S0LpmpTAacYMTeiz0JRvAUI2MTy5coFmozGwP2tYolztMsGb%2Bss8Pp0ZRYy8EsEs78L1J1nDMR5VCJ5yVhSq8JXZA7Misee05vblyt4OMHf9CA4AMzWpe2NbExRxiHuW%2Bkx%2F83vj%2Btrqn1QRG33cQUOn3jl8nfSuSLj5p0K5PYVYnXJu8E7RhAyqpC6J23a%2F8B4qsDAOrIrUYPQAWaYOsjd0i3Q5y49d77RlVc7zyyLJxFNVWLlYCD5BrfOMpyF2f9InowPEQei23xjT4UE0W3dXZP1xhk5wDvQ--zbb2b%2Flld908TQxF--8LcY2kn8%2BBw8bSaDiyP6LQ%3D%3D","Accept":"application/json, text/plain, */*","Connection":"keep-alive","User-Agent":"Mozilla/5.0 (Macintosh; Intel Mac OS X 10_15_7) AppleWebKit/537.36 (KHTML, like Gecko) Chrome/126.0.0.0 Safari/537.36","Referer":"http://localhost:8080/person/id/11","Sec-Fetch-Site":"same-origin","Sec-Fetch-Dest":"empty","Host":"localhost:8080","Accept-Encoding":"gzip, deflate, br, zstd","Sec-Fetch-Mode":"cors","sec-ch-ua":"\"Not/A)Brand\";v=\"8\", \"Chromium\";v=\"126\", \"Google Chrome\";v=\"126\"","sec-ch-ua-mobile":"?0","Cache-Control":"max-age=0","sec-ch-ua-platform":"\"macOS\"","If-Modified-Since":"0","Accept-Language":"en-US,en;q=0.9"},"path_info":"/api/person/employee-id/12U5uddwg/directs","protocol":"HTTP/1.1","request_method":"GET"},"id":667151,"thread_id":31},{"defined_class":"org.finos.waltz.web.endpoints.auth.JWTAuthenticationFilter","event":"call","id":667152,"lineno":62,"method_id":"handle","parameters":[{"class":"spark.http.matching.RequestWrapper","kind":"req","name":"request","object_id":1397398566,"value":"spark.Request@47265251"},{"class":"spark.http.matching.ResponseWrapper","kind":"req","name":"response","object_id":1627659869,"value":"spark.Response@10575d37"}],"path":"waltz-web/src/main/java/org/finos/waltz/web/endpoints/auth/JWTAuthenticationFilter.java","receiver":{"class":"org.finos.waltz.web.endpoints.auth.JWTAuthenticationFilter","object_id":1016985344,"value":"org.finos.waltz.web.endpoints.auth.JWTAuthenticationFilter@3c9df700"},"static":false,"thread_id":31},{"elapsed":1.01E-5,"event":"return","id":667153,"parent_id":667152,"thread_id":31},{"defined_class":"org.finos.waltz.service.person.PersonService","event":"call","id":667158,"lineno":71,"method_id":"findDirectsByEmployeeId","parameters":[{"class":"java.lang.String","kind":"req","name":"employeeId","object_id":402348215,"value":"12U5uddwg"}],"path":"waltz-service/src/main/java/org/finos/waltz/service/person/PersonService.java","receiver":{"class":"org.finos.waltz.service.person.PersonService","object_id":842642744,"value":"org.finos.waltz.service.person.PersonService@3239b538"},"static":false,"thread_id":31},{"defined_class":"org.finos.waltz.common.Checks","event":"call","id":667160,"lineno":115,"method_id":"checkNotEmpty","parameters":[{"class":"java.lang.String","kind":"req","name":"str","object_id":402348215,"value":"12U5uddwg"},{"class":"java.lang.String","kind":"req","name":"message","object_id":1447844579,"value":"Cannot find directs without an employeeId"}],"path":"waltz-common/src/main/java/org/finos/waltz/common/Checks.java","static":true,"thread_id":31},{"defined_class":"org.finos.waltz.common.Checks","event":"call","id":667162,"lineno":37,"method_id":"checkNotNull","parameters":[{"class":"java.lang.String","kind":"req","name":"t","object_id":402348215,"value":"12U5uddwg"},{"class":"java.lang.String","kind":"req","name":"message","object_id":1447844579,"value":"Cannot find directs without an employeeId"},{"class":"[Ljava.lang.Object;","kind":"req","name":"args","object_id":596459169,"value":"[Ljava.lang.Object;@238d3ea1"}],"path":"waltz-common/src/main/java/org/finos/waltz/common/Checks.java","static":true,"thread_id":31},{"defined_class":"org.finos.waltz.common.Checks","event":"call","id":667163,"lineno":85,"method_id":"checkTrue","parameters":[{"class":"java.lang.Boolean","kind":"req","name":"b","object_id":1741409773,"value":"true"},{"class":"java.lang.String","kind":"req","name":"msg","object_id":1447844579,"value":"Cannot find directs without an employeeId"},{"class":"[Ljava.lang.Object;","kind":"req","name":"args","object_id":596459169,"value":"[Ljava.lang.Object;@238d3ea1"}],"path":"waltz-common/src/main/java/org/finos/waltz/common/Checks.java","static":true,"thread_id":31},{"elapsed":4.0E-6,"event":"return","id":667164,"parent_id":667163,"thread_id":31},{"elapsed":8.1E-6,"event":"return","id":667165,"parent_id":667162,"return_value":{"class":"java.lang.String","object_id":402348215,"value":"12U5uddwg"},"thread_id":31},{"defined_class":"org.finos.waltz.common.Checks","event":"call","id":667167,"lineno":92,"method_id":"checkFalse","parameters":[{"class":"java.lang.Boolean","kind":"req","name":"b","object_id":1341801146,"value":"false"},{"class":"java.lang.String","kind":"req","name":"message","object_id":1447844579,"value":"Cannot find directs without an employeeId"}],"path":"waltz-common/src/main/java/org/finos/waltz/common/Checks.java","static":true,"thread_id":31},{"defined_class":"org.finos.waltz.common.Checks","event":"call","id":667168,"lineno":85,"method_id":"checkTrue","parameters":[{"class":"java.lang.Boolean","kind":"req","name":"b","object_id":1741409773,"value":"true"},{"class":"java.lang.String","kind":"req","name":"msg","object_id":1447844579,"value":"Cannot find directs without an employeeId"},{"class":"[Ljava.lang.Object;","kind":"req","name":"args","object_id":161046786,"value":"[Ljava.lang.Object;@9996102"}],"path":"waltz-common/src/main/java/org/finos/waltz/common/Checks.java","static":true,"thread_id":31},{"elapsed":1.7E-6,"event":"return","id":667169,"parent_id":667168,"thread_id":31},{"elapsed":5.7E-6,"event":"return","id":667170,"parent_id":667167,"thread_id":31},{"elapsed":3.29E-5,"event":"return","id":667171,"parent_id":667160,"return_value":{"class":"java.lang.String","object_id":402348215,"value":"12U5uddwg"},"thread_id":31},{"defined_class":"org.finos.waltz.data.person.PersonDao","event":"call","id":667172,"lineno":139,"method_id":"findDirectsByEmployeeId","parameters":[{"class":"java.lang.String","kind":"req","name":"employeeId","object_id":402348215,"value":"12U5uddwg"}],"path":"waltz-data/src/main/java/org/finos/waltz/data/person/PersonDao.java","receiver":{"class":"org.finos.waltz.data.person.PersonDao","object_id":1001974170,"value":"org.finos.waltz.data.person.PersonDao@3bb8e99a"},"static":false,"thread_id":31},{"defined_class":"org.finos.waltz.common.Checks","event":"call","id":667174,"lineno":115,"method_id":"checkNotEmpty","parameters":[{"class":"java.lang.String","kind":"req","name":"str","object_id":402348215,"value":"12U5uddwg"},{"class":"java.lang.String","kind":"req","name":"message","object_id":1447844579,"value":"Cannot find directs without an employeeId"}],"path":"waltz-common/src/main/java/org/finos/waltz/common/Checks.java","static":true,"thread_id":31},{"defined_class":"org.finos.waltz.common.Checks","event":"call","id":667176,"lineno":37,"method_id":"checkNotNull","parameters":[{"class":"java.lang.String","kind":"req","name":"t","object_id":402348215,"value":"12U5uddwg"},{"class":"java.lang.String","kind":"req","name":"message","object_id":1447844579,"value":"Cannot find directs without an employeeId"},{"class":"[Ljava.lang.Object;","kind":"req","name":"args","object_id":1147842150,"value":"[Ljava.lang.Object;@446aae66"}],"path":"waltz-common/src/main/java/org/finos/waltz/common/Checks.java","static":true,"thread_id":31},{"defined_class":"org.finos.waltz.common.Checks","event":"call","id":667177,"lineno":85,"method_id":"checkTrue","parameters":[{"class":"java.lang.Boolean","kind":"req","name":"b","object_id":1741409773,"value":"true"},{"class":"java.lang.String","kind":"req","name":"msg","object_id":1447844579,"value":"Cannot find directs without an employeeId"},{"class":"[Ljava.lang.Object;","kind":"req","name":"args","object_id":1147842150,"value":"[Ljava.lang.Object;@446aae66"}],"path":"waltz-common/src/main/java/org/finos/waltz/common/Checks.java","static":true,"thread_id":31},{"elapsed":1.3E-6,"event":"return","id":667178,"parent_id":667177,"thread_id":31},{"elapsed":5.2E-6,"event":"return","id":667180,"parent_id":667176,"return_value":{"class":"java.lang.String","object_id":402348215,"value":"12U5uddwg"},"thread_id":31},{"defined_class":"org.finos.waltz.common.Checks","event":"call","id":667181,"lineno":92,"method_id":"checkFalse","parameters":[{"class":"java.lang.Boolean","kind":"req","name":"b","object_id":1341801146,"value":"false"},{"class":"java.lang.String","kind":"req","name":"message","object_id":1447844579,"value":"Cannot find directs without an employeeId"}],"path":"waltz-common/src/main/java/org/finos/waltz/common/Checks.java","static":true,"thread_id":31},{"defined_class":"org.finos.waltz.common.Checks","event":"call","id":667201,"lineno":85,"method_id":"checkTrue","parameters":[{"class":"java.lang.Boolean","kind":"req","name":"b","object_id":1741409773,"value":"true"},{"class":"java.lang.String","kind":"req","name":"msg","object_id":1447844579,"value":"Cannot find directs without an employeeId"},{"class":"[Ljava.lang.Object;","kind":"req","name":"args","object_id":1891991370,"value":"[Ljava.lang.Object;@70c57f4a"}],"path":"waltz-common/src/main/java/org/finos/waltz/common/Checks.java","static":true,"thread_id":31},{"elapsed":2.2E-6,"event":"return","id":667202,"parent_id":667201,"thread_id":31},{"elapsed":4.39E-5,"event":"return","id":667204,"parent_id":667181,"thread_id":31},{"elapsed":6.51E-5,"event":"return","id":667206,"parent_id":667174,"return_value":{"class":"java.lang.String","object_id":402348215,"value":"12U5uddwg"},"thread_id":31},{"defined_class":"org.finos.waltz.schema.tables.Person","event":"call","id":667208,"lineno":206,"method_id":"fieldsRow","path":"org/finos/waltz/schema/tables/Person.java","receiver":{"class":"org.finos.waltz.schema.tables.Person","object_id":92900199,"value":"\"person\""},"static":false,"thread_id":31},{"elapsed":2.7E-6,"event":"return","id":667209,"parent_id":667208,"return_value":{"class":"org.jooq.impl.RowImpl","object_id":989282245,"value":"(\"person\".\"id\", \"person\".\"employee_id\", \"person\".\"display_name\", \"person\".\"email\", \"person\".\"user_principal_name\", \"person\".\"department_name\", \"person\".\"kind\", \"person\".\"manager_employee_id\", \"person\".\"title\", \"person\".\"office_phone\", \"person\".\"mobile_phone\", \"person\".\"organisational_unit_id\", \"person\".\"is_removed\")"},"thread_id":31},{"defined_class":"org.finos.waltz.schema.tables.Person","event":"call","id":667210,"lineno":206,"method_id":"fieldsRow","path":"org/finos/waltz/schema/tables/Person.java","receiver":{"class":"org.finos.waltz.schema.tables.Person","object_id":92900199,"value":"\"person\""},"static":false,"thread_id":31},{"elapsed":3.7E-6,"event":"return","id":667211,"parent_id":667210,"return_value":{"class":"org.jooq.impl.RowImpl","object_id":2015680744,"value":"(\"person\".\"id\", \"person\".\"employee_id\", \"person\".\"display_name\", \"person\".\"email\", \"person\".\"user_principal_name\", \"person\".\"department_name\", \"person\".\"kind\", \"person\".\"manager_employee_id\", \"person\".\"title\", \"person\".\"office_phone\", \"person\".\"mobile_phone\", \"person\".\"organisational_unit_id\", \"person\".\"is_removed\")"},"thread_id":31},{"event":"call","id":667213,"sql_query":{"database_type":"PostgreSQL","sql":"select \"person\".\"id\", \"person\".\"employee_id\", \"person\".\"display_name\", \"person\".\"email\", \"person\".\"user_principal_name\", \"person\".\"department_name\", \"person\".\"kind\", \"person\".\"manager_employee_id\", \"person\".\"title\", \"person\".\"office_phone\", \"person\".\"mobile_phone\", \"person\".\"organisational_unit_id\", \"person\".\"is_removed\" from \"person\" where ((\"person\".\"manager_employee_id\" = '12U5uddwg') and not(\"person\".\"is_removed\")) order by \"person\".\"display_name\""},"thread_id":31},{"elapsed":1.93E-5,"event":"return","id":667214,"parent_id":667213,"thread_id":31},{"defined_class":"org.finos.waltz.service.SlowQueryListener","event":"call","id":667216,"lineno":59,"method_id":"executeStart","parameters":[{"class":"org.jooq.impl.DefaultExecuteContext","kind":"req","name":"ctx","object_id":1764511764,"value":"org.jooq.impl.DefaultExecuteContext@692c5014"}],"path":"waltz-service/src/main/java/org/finos/waltz/service/SlowQueryListener.java","receiver":{"class":"org.finos.waltz.service.SlowQueryListener","object_id":1388633466,"value":"org.finos.waltz.service.SlowQueryListener@52c4dd7a"},"static":false,"thread_id":31},{"elapsed":7.0E-6,"event":"return","id":667218,"parent_id":667216,"thread_id":31},{"defined_class":"org.finos.waltz.service.SlowQueryListener","event":"call","id":667224,"lineno":66,"method_id":"executeEnd","parameters":[{"class":"org.jooq.impl.DefaultExecuteContext","kind":"req","name":"ctx","object_id":1764511764,"value":"org.jooq.impl.DefaultExecuteContext@692c5014"}],"path":"waltz-service/src/main/java/org/finos/waltz/service/SlowQueryListener.java","receiver":{"class":"org.finos.waltz.service.SlowQueryListener","object_id":1388633466,"value":"org.finos.waltz.service.SlowQueryListener@52c4dd7a"},"static":false,"thread_id":31},{"elapsed":5.3E-6,"event":"return","id":667225,"parent_id":667224,"thread_id":31},{"defined_class":"org.finos.waltz.schema.tables.Person","event":"call","id":667226,"lineno":206,"method_id":"fieldsRow","path":"org/finos/waltz/schema/tables/Person.java","receiver":{"class":"org.finos.waltz.schema.tables.Person","object_id":92900199,"value":"\"person\""},"static":false,"thread_id":31},{"elapsed":2.4E-6,"event":"return","id":667227,"parent_id":667226,"return_value":{"class":"org.jooq.impl.RowImpl","object_id":843599188,"value":"(\"person\".\"id\", \"person\".\"employee_id\", \"person\".\"display_name\", \"person\".\"email\", \"person\".\"user_principal_name\", \"person\".\"department_name\", \"person\".\"kind\", \"person\".\"manager_employee_id\", \"person\".\"title\", \"person\".\"office_phone\", \"person\".\"mobile_phone\", \"person\".\"organisational_unit_id\", \"person\".\"is_removed\")"},"thread_id":31},{"defined_class":"org.finos.waltz.schema.tables.Person","event":"call","id":667228,"lineno":206,"method_id":"fieldsRow","path":"org/finos/waltz/schema/tables/Person.java","receiver":{"class":"org.finos.waltz.schema.tables.Person","object_id":92900199,"value":"\"person\""},"static":false,"thread_id":31},{"elapsed":4.1E-6,"event":"return","id":667229,"parent_id":667228,"return_value":{"class":"org.jooq.impl.RowImpl","object_id":834819535,"value":"(\"person\".\"id\", \"person\".\"employee_id\", \"person\".\"display_name\", \"person\".\"email\", \"person\".\"user_principal_name\", \"person\".\"department_name\", \"person\".\"kind\", \"person\".\"manager_employee_id\", \"person\".\"title\", \"person\".\"office_phone\", \"person\".\"mobile_phone\", \"person\".\"organisational_unit_id\", \"person\".\"is_removed\")"},"thread_id":31},{"elapsed":4.645E-4,"event":"return","id":667230,"parent_id":667172,"return_value":{"class":"java.util.ArrayList","object_id":1870608519,"value":"[]"},"thread_id":31},{"elapsed":5.075E-4,"event":"return","id":667231,"parent_id":667158,"return_value":{"class":"java.util.ArrayList","object_id":1870608519,"value":"[]"},"thread_id":31},{"elapsed":6.122E-4,"event":"return","http_server_response":{"headers":{"Access-Control-Expose-Headers":"*","Access-Control-Allow-Origin":"*","Date":"Tue, 23 Jul 2024 16:48:48 GMT","Content-Type":"application/json"},"status":200},"id":667236,"parent_id":667151,"thread_id":31}],"classMap":[{"children":[{"children":[{"children":[{"children":[{"children":[{"labels":[],"location":"waltz-service/src/main/java/org/finos/waltz/service/SlowQueryListener.java:66","name":"executeEnd","static":false,"type":"function"},{"labels":[],"location":"waltz-service/src/main/java/org/finos/waltz/service/SlowQueryListener.java:59","name":"executeStart","static":false,"type":"function"}],"location":"waltz-service/src/main/java/org/finos/waltz/service/SlowQueryListener.java","name":"SlowQueryListener","static":false,"type":"class"},{"children":[{"children":[{"labels":[],"location":"waltz-service/src/main/java/org/finos/waltz/service/person/PersonService.java:71","name":"findDirectsByEmployeeId","static":false,"type":"function"}],"location":"waltz-service/src/main/java/org/finos/waltz/service/person/PersonService.java","name":"PersonService","static":false,"type":"class"}],"name":"person","type":"package"}],"name":"service","type":"package"},{"children":[{"children":[{"labels":[],"location":"waltz-common/src/main/java/org/finos/waltz/common/Checks.java:85","name":"checkTrue","static":true,"type":"function"},{"labels":[],"location":"waltz-common/src/main/java/org/finos/waltz/common/Checks.java:37","name":"checkNotNull","static":true,"type":"function"},{"labels":[],"location":"waltz-common/src/main/java/org/finos/waltz/common/Checks.java:115","name":"checkNotEmpty","static":true,"type":"function"},{"labels":[],"location":"waltz-common/src/main/java/org/finos/waltz/common/Checks.java:92","name":"checkFalse","static":true,"type":"function"}],"location":"waltz-common/src/main/java/org/finos/waltz/common/Checks.java","name":"Checks","static":false,"type":"class"}],"name":"common","type":"package"},{"children":[{"children":[{"children":[{"labels":[],"location":"waltz-data/src/main/java/org/finos/waltz/data/person/PersonDao.java:139","name":"findDirectsByEmployeeId","static":false,"type":"function"}],"location":"waltz-data/src/main/java/org/finos/waltz/data/person/PersonDao.java","name":"PersonDao","static":false,"type":"class"}],"name":"person","type":"package"}],"name":"data","type":"package"},{"children":[{"children":[{"children":[{"labels":[],"location":"org/finos/waltz/schema/tables/Person.java:206","name":"fieldsRow","static":false,"type":"function"}],"location":"org/finos/waltz/schema/tables/Person.java","name":"Person","static":false,"type":"class"}],"name":"tables","type":"package"}],"name":"schema","type":"package"},{"children":[{"children":[{"children":[{"children":[{"labels":[],"location":"waltz-web/src/main/java/org/finos/waltz/web/endpoints/auth/JWTAuthenticationFilter.java:62","name":"handle","static":false,"type":"function"}],"location":"waltz-web/src/main/java/org/finos/waltz/web/endpoints/auth/JWTAuthenticationFilter.java","name":"JWTAuthenticationFilter","static":false,"type":"class"}],"name":"auth","type":"package"}],"name":"endpoints","type":"package"}],"name":"web","type":"package"}],"name":"waltz","type":"package"}],"name":"finos","type":"package"}],"name":"org","type":"package"}],"version":"1.2","metadata":{"name":"GET /api/person/employee-id/12U5uddwg/directs (200) - 16:48:48.809","app":"waltz","language":{"name":"java","version":"17.0.8+9-LTS-211","engine":"Java HotSpot(TM) 64-Bit Server VM"},"client":{"name":"appmap-java","url":"https://github.com/appland/appmap-java"},"recorder":{"name":"request_recording","type":"requests"},"recording":{},"git":{"repository":"git@github.com:land-of-apps/waltz.git","branch":"master","commit":"dde8a3935468f53fce15c81945a61208a9a291f3"}},"eventUpdates":{}}