{"events":[{"event":"call","http_server_request":{"headers":{"Cookie":"appland_session=bFU5p0cvqrcXlz2oQfgEZG3%2BQjfds2AwmlOA%2Fx5fhQLjPvVHIKrHyvnbeq5nw8c5sME56znPsnpSSzB3nr%2BHfdk9sEC9MgOgNKjgjD8qlzGqDVuwRPr30ch96LWGIDwuITrAUwQGqlUw7%2Fdsq0tjrfHFPTlemq71kQtCAIi9JTRWo5tLPJlG%2F9JtfTuiWIfWg8X67ZkAOuaapIHdaA5w5QtwMr7h34LfseImCERQpzoz9xTqJYqSi2SJ9RE1eVw2jyYFG9IGPA4d1USUIXvAmeaMOQ9Z%2BDmKhiIRXve6%2BzO47%2F2RW1kaH2PND2r0EKz%2BaWMbrXswEaj2kjwx09pTJANR5arO0I9c2RelyrURJyvI%2FZ8OwnG99VyxbE2scovqFvxwhmhXr1KDOxpRle3VOJSpxXtFaDjv2TSSbtqGkIj4T51u58xasM4KbZUpapu5OQ5ENf%2FSMADW4DHmCrSQJ14SgVbNtrazlgwdph5p0AKax1l0Bw7j0jz2SGT9C5HMnzVyZdV59G6paFrgLqvtGuXdWr4VeJt2tPVftjki2S0LpmpTAacYMTeiz0JRvAUI2MTy5coFmozGwP2tYolztMsGb%2Bss8Pp0ZRYy8EsEs78L1J1nDMR5VCJ5yVhSq8JXZA7Misee05vblyt4OMHf9CA4AMzWpe2NbExRxiHuW%2Bkx%2F83vj%2Btrqn1QRG33cQUOn3jl8nfSuSLj5p0K5PYVYnXJu8E7RhAyqpC6J23a%2F8B4qsDAOrIrUYPQAWaYOsjd0i3Q5y49d77RlVc7zyyLJxFNVWLlYCD5BrfOMpyF2f9InowPEQei23xjT4UE0W3dXZP1xhk5wDvQ--zbb2b%2Flld908TQxF--8LcY2kn8%2BBw8bSaDiyP6LQ%3D%3D","Accept":"*/*","Connection":"keep-alive","User-Agent":"Mozilla/5.0 (Macintosh; Intel Mac OS X 10_15_7) AppleWebKit/537.36 (KHTML, like Gecko) Chrome/126.0.0.0 Safari/537.36","Referer":"http://localhost:8080/","Sec-Fetch-Site":"same-origin","Sec-Fetch-Dest":"script","Host":"localhost:8080","Accept-Encoding":"gzip, deflate, br, zstd","Sec-Fetch-Mode":"no-cors","sec-ch-ua":"\"Not/A)Brand\";v=\"8\", \"Chromium\";v=\"126\", \"Google Chrome\";v=\"126\"","sec-ch-ua-mobile":"?0","sec-ch-ua-platform":"\"macOS\"","Accept-Language":"en-US,en;q=0.9"},"path_info":"/app-7d003d59.00ace8836504bb427719.js","protocol":"HTTP/1.1","request_method":"GET"},"id":68761,"thread_id":41},{"defined_class":"org.finos.waltz.web.endpoints.api.StaticResourcesEndpoint","event":"call","id":68766,"lineno":170,"method_id":"resolvePath","parameters":[{"class":"spark.http.matching.RequestWrapper","kind":"req","name":"request","object_id":1319021034,"value":"spark.Request@19a405df"}],"path":"waltz-web/src/main/java/org/finos/waltz/web/endpoints/api/StaticResourcesEndpoint.java","receiver":{"class":"org.finos.waltz.web.endpoints.api.StaticResourcesEndpoint","object_id":551183701,"value":"org.finos.waltz.web.endpoints.api.StaticResourcesEndpoint@20da6555"},"static":false,"thread_id":41},{"elapsed":5.17E-5,"event":"return","id":68768,"parent_id":68766,"return_value":{"class":"java.lang.String","object_id":1416827357,"value":"static/app-7d003d59.00ace8836504bb427719.js"},"thread_id":41},{"defined_class":"org.finos.waltz.web.WebUtilities","event":"call","id":68779,"lineno":337,"method_id":"getMimeType","parameters":[{"class":"java.lang.String","kind":"req","name":"path","object_id":1416827357,"value":"static/app-7d003d59.00ace8836504bb427719.js"}],"path":"waltz-web/src/main/java/org/finos/waltz/web/WebUtilities.java","static":true,"thread_id":41},{"defined_class":"org.finos.waltz.common.ObjectUtilities","event":"call","id":68781,"lineno":34,"method_id":"firstNotNull","parameters":[{"class":"[Ljava.lang.String;","kind":"req","name":"ts","object_id":689693984,"value":"[Ljava.lang.String;@291be520"}],"path":"waltz-common/src/main/java/org/finos/waltz/common/ObjectUtilities.java","static":true,"thread_id":41},{"elapsed":8.7E-6,"event":"return","id":68782,"parent_id":68781,"return_value":{"class":"java.lang.String","object_id":1117401480,"value":"text/javascript"},"thread_id":41},{"elapsed":3.32E-5,"event":"return","id":68783,"parent_id":68779,"return_value":{"class":"java.lang.String","object_id":1117401480,"value":"text/javascript"},"thread_id":41},{"defined_class":"org.finos.waltz.web.endpoints.api.StaticResourcesEndpoint","event":"call","id":68784,"lineno":107,"method_id":"addCacheHeadersIfNeeded","parameters":[{"class":"spark.http.matching.ResponseWrapper","kind":"req","name":"response","object_id":317835280,"value":"spark.Response@5ec0ce6a"},{"class":"java.lang.String","kind":"req","name":"resolvedPath","object_id":1416827357,"value":"static/app-7d003d59.00ace8836504bb427719.js"}],"path":"waltz-web/src/main/java/org/finos/waltz/web/endpoints/api/StaticResourcesEndpoint.java","receiver":{"class":"org.finos.waltz.web.endpoints.api.StaticResourcesEndpoint","object_id":551183701,"value":"org.finos.waltz.web.endpoints.api.StaticResourcesEndpoint@20da6555"},"static":false,"thread_id":41},{"elapsed":7.5E-6,"event":"return","id":68785,"parent_id":68784,"thread_id":41},{"defined_class":"org.finos.waltz.web.endpoints.api.StaticResourcesEndpoint","event":"call","id":68786,"lineno":126,"method_id":"modifyIndexBaseTagIfNeeded","parameters":[{"class":"spark.http.matching.RequestWrapper","kind":"req","name":"request","object_id":1319021034,"value":"spark.Request@19a405df"},{"class":"java.lang.String","kind":"req","name":"resolvedPath","object_id":1416827357,"value":"static/app-7d003d59.00ace8836504bb427719.js"},{"class":"java.io.BufferedInputStream","kind":"req","name":"resourceStream","object_id":1735631504,"value":"java.io.BufferedInputStream@6773a290"}],"path":"waltz-web/src/main/java/org/finos/waltz/web/endpoints/api/StaticResourcesEndpoint.java","receiver":{"class":"org.finos.waltz.web.endpoints.api.StaticResourcesEndpoint","object_id":551183701,"value":"org.finos.waltz.web.endpoints.api.StaticResourcesEndpoint@20da6555"},"static":false,"thread_id":41},{"elapsed":1.042E-4,"event":"return","id":68787,"parent_id":68786,"return_value":{"class":"java.io.BufferedInputStream","object_id":1735631504,"value":"java.io.BufferedInputStream@6773a290"},"thread_id":41},{"defined_class":"org.finos.waltz.common.IOUtilities","event":"call","id":68788,"lineno":54,"method_id":"copyStream","parameters":[{"class":"java.io.BufferedInputStream","kind":"req","name":"input","object_id":1735631504,"value":"java.io.BufferedInputStream@6773a290"},{"class":"org.eclipse.jetty.server.HttpOutput","kind":"req","name":"output","object_id":352361056,"value":"HttpOutput@15009a60{s=OPEN,api=BLOCKING,sc=false,e=null}"}],"path":"waltz-common/src/main/java/org/finos/waltz/common/IOUtilities.java","static":true,"thread_id":41},{"defined_class":"org.finos.waltz.common.Checks","event":"call","id":68789,"lineno":37,"method_id":"checkNotNull","parameters":[{"class":"java.io.BufferedInputStream","kind":"req","name":"t","object_id":1735631504,"value":"java.io.BufferedInputStream@6773a290"},{"class":"java.lang.String","kind":"req","name":"message","object_id":384607547,"value":"Input stream cannot be null"},{"class":"[Ljava.lang.Object;","kind":"req","name":"args","object_id":297232827,"value":"[Ljava.lang.Object;@11b769bb"}],"path":"waltz-common/src/main/java/org/finos/waltz/common/Checks.java","static":true,"thread_id":41},{"defined_class":"org.finos.waltz.common.Checks","event":"call","id":68790,"lineno":85,"method_id":"checkTrue","parameters":[{"class":"java.lang.Boolean","kind":"req","name":"b","object_id":1741409773,"value":"true"},{"class":"java.lang.String","kind":"req","name":"msg","object_id":384607547,"value":"Input stream cannot be null"},{"class":"[Ljava.lang.Object;","kind":"req","name":"args","object_id":297232827,"value":"[Ljava.lang.Object;@11b769bb"}],"path":"waltz-common/src/main/java/org/finos/waltz/common/Checks.java","static":true,"thread_id":41},{"elapsed":6.7E-6,"event":"return","id":68791,"parent_id":68790,"thread_id":41},{"elapsed":2.43E-5,"event":"return","id":68792,"parent_id":68789,"return_value":{"class":"java.io.BufferedInputStream","object_id":1735631504,"value":"java.io.BufferedInputStream@6773a290"},"thread_id":41},{"defined_class":"org.finos.waltz.common.Checks","event":"call","id":68793,"lineno":37,"method_id":"checkNotNull","parameters":[{"class":"org.eclipse.jetty.server.HttpOutput","kind":"req","name":"t","object_id":352361056,"value":"HttpOutput@15009a60{s=OPEN,api=BLOCKING,sc=false,e=null}"},{"class":"java.lang.String","kind":"req","name":"message","object_id":558176083,"value":"Output stream cannot be null"},{"class":"[Ljava.lang.Object;","kind":"req","name":"args","object_id":228233941,"value":"[Ljava.lang.Object;@d9a92d5"}],"path":"waltz-common/src/main/java/org/finos/waltz/common/Checks.java","static":true,"thread_id":41},{"defined_class":"org.finos.waltz.common.Checks","event":"call","id":68794,"lineno":85,"method_id":"checkTrue","parameters":[{"class":"java.lang.Boolean","kind":"req","name":"b","object_id":1741409773,"value":"true"},{"class":"java.lang.String","kind":"req","name":"msg","object_id":558176083,"value":"Output stream cannot be null"},{"class":"[Ljava.lang.Object;","kind":"req","name":"args","object_id":228233941,"value":"[Ljava.lang.Object;@d9a92d5"}],"path":"waltz-common/src/main/java/org/finos/waltz/common/Checks.java","static":true,"thread_id":41},{"elapsed":9.2E-6,"event":"return","id":68795,"parent_id":68794,"thread_id":41},{"elapsed":2.16E-5,"event":"return","id":68796,"parent_id":68793,"return_value":{"class":"org.eclipse.jetty.server.HttpOutput","object_id":352361056,"value":"HttpOutput@15009a60{s=OPEN,api=BLOCKING,sc=false,e=null}"},"thread_id":41},{"elapsed":1.958E-4,"event":"return","id":68797,"parent_id":68788,"thread_id":41},{"elapsed":0.0011222,"event":"return","http_server_response":{"headers":{"Access-Control-Expose-Headers":"*","Cache-Control":"max-age=2592000","Access-Control-Allow-Origin":"*","Date":"Tue, 23 Jul 2024 16:28:05 GMT","Content-Type":"text/javascript"},"status":200},"id":68799,"parent_id":68761,"thread_id":41}],"classMap":[{"children":[{"children":[{"children":[{"children":[{"children":[{"labels":[],"location":"waltz-common/src/main/java/org/finos/waltz/common/IOUtilities.java:54","name":"copyStream","static":true,"type":"function"}],"location":"waltz-common/src/main/java/org/finos/waltz/common/IOUtilities.java","name":"IOUtilities","static":false,"type":"class"},{"children":[{"labels":[],"location":"waltz-common/src/main/java/org/finos/waltz/common/Checks.java:85","name":"checkTrue","static":true,"type":"function"},{"labels":[],"location":"waltz-common/src/main/java/org/finos/waltz/common/Checks.java:37","name":"checkNotNull","static":true,"type":"function"}],"location":"waltz-common/src/main/java/org/finos/waltz/common/Checks.java","name":"Checks","static":false,"type":"class"},{"children":[{"labels":[],"location":"waltz-common/src/main/java/org/finos/waltz/common/ObjectUtilities.java:34","name":"firstNotNull","static":true,"type":"function"}],"location":"waltz-common/src/main/java/org/finos/waltz/common/ObjectUtilities.java","name":"ObjectUtilities","static":false,"type":"class"}],"name":"common","type":"package"},{"children":[{"children":[{"children":[{"children":[{"labels":[],"location":"waltz-web/src/main/java/org/finos/waltz/web/endpoints/api/StaticResourcesEndpoint.java:170","name":"resolvePath","static":false,"type":"function"},{"labels":[],"location":"waltz-web/src/main/java/org/finos/waltz/web/endpoints/api/StaticResourcesEndpoint.java:107","name":"addCacheHeadersIfNeeded","static":false,"type":"function"},{"labels":[],"location":"waltz-web/src/main/java/org/finos/waltz/web/endpoints/api/StaticResourcesEndpoint.java:126","name":"modifyIndexBaseTagIfNeeded","static":false,"type":"function"}],"location":"waltz-web/src/main/java/org/finos/waltz/web/endpoints/api/StaticResourcesEndpoint.java","name":"StaticResourcesEndpoint","static":false,"type":"class"}],"name":"api","type":"package"}],"name":"endpoints","type":"package"},{"children":[{"labels":[],"location":"waltz-web/src/main/java/org/finos/waltz/web/WebUtilities.java:337","name":"getMimeType","static":true,"type":"function"}],"location":"waltz-web/src/main/java/org/finos/waltz/web/WebUtilities.java","name":"WebUtilities","static":false,"type":"class"}],"name":"web","type":"package"}],"name":"waltz","type":"package"}],"name":"finos","type":"package"}],"name":"org","type":"package"}],"version":"1.2","metadata":{"name":"GET /app-7d003d59.00ace8836504bb427719.js (200) - 16:28:05.979","app":"waltz","language":{"name":"java","version":"17.0.8+9-LTS-211","engine":"Java HotSpot(TM) 64-Bit Server VM"},"client":{"name":"appmap-java","url":"https://github.com/appland/appmap-java"},"recorder":{"name":"request_recording","type":"requests"},"recording":{},"git":{"repository":"git@github.com:land-of-apps/waltz.git","branch":"master","commit":"dde8a3935468f53fce15c81945a61208a9a291f3"}},"eventUpdates":{}}