{"events":[{"event":"call","http_server_request":{"headers":{"Cookie":"appland_session=bFU5p0cvqrcXlz2oQfgEZG3%2BQjfds2AwmlOA%2Fx5fhQLjPvVHIKrHyvnbeq5nw8c5sME56znPsnpSSzB3nr%2BHfdk9sEC9MgOgNKjgjD8qlzGqDVuwRPr30ch96LWGIDwuITrAUwQGqlUw7%2Fdsq0tjrfHFPTlemq71kQtCAIi9JTRWo5tLPJlG%2F9JtfTuiWIfWg8X67ZkAOuaapIHdaA5w5QtwMr7h34LfseImCERQpzoz9xTqJYqSi2SJ9RE1eVw2jyYFG9IGPA4d1USUIXvAmeaMOQ9Z%2BDmKhiIRXve6%2BzO47%2F2RW1kaH2PND2r0EKz%2BaWMbrXswEaj2kjwx09pTJANR5arO0I9c2RelyrURJyvI%2FZ8OwnG99VyxbE2scovqFvxwhmhXr1KDOxpRle3VOJSpxXtFaDjv2TSSbtqGkIj4T51u58xasM4KbZUpapu5OQ5ENf%2FSMADW4DHmCrSQJ14SgVbNtrazlgwdph5p0AKax1l0Bw7j0jz2SGT9C5HMnzVyZdV59G6paFrgLqvtGuXdWr4VeJt2tPVftjki2S0LpmpTAacYMTeiz0JRvAUI2MTy5coFmozGwP2tYolztMsGb%2Bss8Pp0ZRYy8EsEs78L1J1nDMR5VCJ5yVhSq8JXZA7Misee05vblyt4OMHf9CA4AMzWpe2NbExRxiHuW%2Bkx%2F83vj%2Btrqn1QRG33cQUOn3jl8nfSuSLj5p0K5PYVYnXJu8E7RhAyqpC6J23a%2F8B4qsDAOrIrUYPQAWaYOsjd0i3Q5y49d77RlVc7zyyLJxFNVWLlYCD5BrfOMpyF2f9InowPEQei23xjT4UE0W3dXZP1xhk5wDvQ--zbb2b%2Flld908TQxF--8LcY2kn8%2BBw8bSaDiyP6LQ%3D%3D","Accept":"application/json, text/plain, */*","Connection":"keep-alive","User-Agent":"Mozilla/5.0 (Macintosh; Intel Mac OS X 10_15_7) AppleWebKit/537.36 (KHTML, like Gecko) Chrome/126.0.0.0 Safari/537.36","Referer":"http://localhost:8080/person/user-id/admin","Sec-Fetch-Site":"same-origin","Sec-Fetch-Dest":"empty","Host":"localhost:8080","Accept-Encoding":"gzip, deflate, br, zstd","Sec-Fetch-Mode":"cors","sec-ch-ua":"\"Not/A)Brand\";v=\"8\", \"Chromium\";v=\"126\", \"Google Chrome\";v=\"126\"","sec-ch-ua-mobile":"?0","Cache-Control":"max-age=0","sec-ch-ua-platform":"\"macOS\"","If-Modified-Since":"0","Accept-Language":"en-US,en;q=0.9"},"path_info":"/api/person/id/11","protocol":"HTTP/1.1","request_method":"GET"},"id":481958,"thread_id":56},{"defined_class":"org.finos.waltz.web.endpoints.auth.JWTAuthenticationFilter","event":"call","id":481959,"lineno":62,"method_id":"handle","parameters":[{"class":"spark.http.matching.RequestWrapper","kind":"req","name":"request","object_id":1927981546,"value":"spark.Request@9b21da6"},{"class":"spark.http.matching.ResponseWrapper","kind":"req","name":"response","object_id":585696533,"value":"spark.Response@21dfad1c"}],"path":"waltz-web/src/main/java/org/finos/waltz/web/endpoints/auth/JWTAuthenticationFilter.java","receiver":{"class":"org.finos.waltz.web.endpoints.auth.JWTAuthenticationFilter","object_id":1016985344,"value":"org.finos.waltz.web.endpoints.auth.JWTAuthenticationFilter@3c9df700"},"static":false,"thread_id":56},{"elapsed":0.0010849,"event":"return","id":481960,"parent_id":481959,"thread_id":56},{"defined_class":"org.finos.waltz.web.WebUtilities","event":"call","id":481963,"lineno":111,"method_id":"getId","parameters":[{"class":"spark.http.matching.RequestWrapper","kind":"req","name":"request","object_id":1927981546,"value":"spark.Request@65df534"}],"path":"waltz-web/src/main/java/org/finos/waltz/web/WebUtilities.java","static":true,"thread_id":56},{"defined_class":"org.finos.waltz.web.WebUtilities","event":"call","id":481964,"lineno":94,"method_id":"getLong","parameters":[{"class":"spark.http.matching.RequestWrapper","kind":"req","name":"request","object_id":1927981546,"value":"spark.Request@65df534"},{"class":"java.lang.String","kind":"req","name":"paramName","object_id":1713025404,"value":"id"}],"path":"waltz-web/src/main/java/org/finos/waltz/web/WebUtilities.java","static":true,"thread_id":56},{"defined_class":"org.finos.waltz.common.Checks","event":"call","id":481965,"lineno":37,"method_id":"checkNotNull","parameters":[{"class":"spark.http.matching.RequestWrapper","kind":"req","name":"t","object_id":1927981546,"value":"spark.Request@65df534"},{"class":"java.lang.String","kind":"req","name":"message","object_id":659341837,"value":"request must not be null"},{"class":"[Ljava.lang.Object;","kind":"req","name":"args","object_id":1819711815,"value":"[Ljava.lang.Object;@6c769947"}],"path":"waltz-common/src/main/java/org/finos/waltz/common/Checks.java","static":true,"thread_id":56},{"defined_class":"org.finos.waltz.common.Checks","event":"call","id":481966,"lineno":85,"method_id":"checkTrue","parameters":[{"class":"java.lang.Boolean","kind":"req","name":"b","object_id":1741409773,"value":"true"},{"class":"java.lang.String","kind":"req","name":"msg","object_id":659341837,"value":"request must not be null"},{"class":"[Ljava.lang.Object;","kind":"req","name":"args","object_id":1819711815,"value":"[Ljava.lang.Object;@6c769947"}],"path":"waltz-common/src/main/java/org/finos/waltz/common/Checks.java","static":true,"thread_id":56},{"elapsed":2.7E-6,"event":"return","id":481967,"parent_id":481966,"thread_id":56},{"elapsed":1.02E-5,"event":"return","id":481969,"parent_id":481965,"return_value":{"class":"spark.http.matching.RequestWrapper","object_id":1927981546,"value":"spark.Request@65df534"},"thread_id":56},{"defined_class":"org.finos.waltz.common.Checks","event":"call","id":481972,"lineno":37,"method_id":"checkNotNull","parameters":[{"class":"java.lang.String","kind":"req","name":"t","object_id":1713025404,"value":"id"},{"class":"java.lang.String","kind":"req","name":"message","object_id":13976237,"value":"paramName must not be null"},{"class":"[Ljava.lang.Object;","kind":"req","name":"args","object_id":1974531650,"value":"[Ljava.lang.Object;@75b0f642"}],"path":"waltz-common/src/main/java/org/finos/waltz/common/Checks.java","static":true,"thread_id":56},{"defined_class":"org.finos.waltz.common.Checks","event":"call","id":481973,"lineno":85,"method_id":"checkTrue","parameters":[{"class":"java.lang.Boolean","kind":"req","name":"b","object_id":1741409773,"value":"true"},{"class":"java.lang.String","kind":"req","name":"msg","object_id":13976237,"value":"paramName must not be null"},{"class":"[Ljava.lang.Object;","kind":"req","name":"args","object_id":1974531650,"value":"[Ljava.lang.Object;@75b0f642"}],"path":"waltz-common/src/main/java/org/finos/waltz/common/Checks.java","static":true,"thread_id":56},{"elapsed":3.3E-6,"event":"return","id":481975,"parent_id":481973,"thread_id":56},{"elapsed":7.9E-6,"event":"return","id":481976,"parent_id":481972,"return_value":{"class":"java.lang.String","object_id":1713025404,"value":"id"},"thread_id":56},{"elapsed":7.19E-5,"event":"return","id":481978,"parent_id":481964,"return_value":{"class":"java.lang.Long","object_id":16550134,"value":"11"},"thread_id":56},{"elapsed":0.0030647,"event":"return","id":482141,"parent_id":481963,"return_value":{"class":"java.lang.Long","object_id":16550134,"value":"11"},"thread_id":56},{"defined_class":"org.finos.waltz.service.person.PersonService","event":"call","id":482144,"lineno":66,"method_id":"getById","parameters":[{"class":"java.lang.Long","kind":"req","name":"id","object_id":16550134,"value":"11"}],"path":"waltz-service/src/main/java/org/finos/waltz/service/person/PersonService.java","receiver":{"class":"org.finos.waltz.service.person.PersonService","object_id":842642744,"value":"org.finos.waltz.service.person.PersonService@3239b538"},"static":false,"thread_id":56},{"defined_class":"org.finos.waltz.data.person.PersonDao","event":"call","id":482145,"lineno":99,"method_id":"getById","parameters":[{"class":"java.lang.Long","kind":"req","name":"id","object_id":16550134,"value":"11"}],"path":"waltz-data/src/main/java/org/finos/waltz/data/person/PersonDao.java","receiver":{"class":"org.finos.waltz.data.person.PersonDao","object_id":1001974170,"value":"org.finos.waltz.data.person.PersonDao@3bb8e99a"},"static":false,"thread_id":56},{"defined_class":"org.finos.waltz.schema.tables.Person","event":"call","id":482146,"lineno":206,"method_id":"fieldsRow","path":"org/finos/waltz/schema/tables/Person.java","receiver":{"class":"org.finos.waltz.schema.tables.Person","object_id":92900199,"value":"\"person\""},"static":false,"thread_id":56},{"elapsed":3.8E-6,"event":"return","id":482147,"parent_id":482146,"return_value":{"class":"org.jooq.impl.RowImpl","object_id":702218917,"value":"(\"person\".\"id\", \"person\".\"employee_id\", \"person\".\"display_name\", \"person\".\"email\", \"person\".\"user_principal_name\", \"person\".\"department_name\", \"person\".\"kind\", \"person\".\"manager_employee_id\", \"person\".\"title\", \"person\".\"office_phone\", \"person\".\"mobile_phone\", \"person\".\"organisational_unit_id\", \"person\".\"is_removed\")"},"thread_id":56},{"defined_class":"org.finos.waltz.schema.tables.Person","event":"call","id":482148,"lineno":206,"method_id":"fieldsRow","path":"org/finos/waltz/schema/tables/Person.java","receiver":{"class":"org.finos.waltz.schema.tables.Person","object_id":92900199,"value":"\"person\""},"static":false,"thread_id":56},{"elapsed":9.5E-6,"event":"return","id":482149,"parent_id":482148,"return_value":{"class":"org.jooq.impl.RowImpl","object_id":1086764799,"value":"(\"person\".\"id\", \"person\".\"employee_id\", \"person\".\"display_name\", \"person\".\"email\", \"person\".\"user_principal_name\", \"person\".\"department_name\", \"person\".\"kind\", \"person\".\"manager_employee_id\", \"person\".\"title\", \"person\".\"office_phone\", \"person\".\"mobile_phone\", \"person\".\"organisational_unit_id\", \"person\".\"is_removed\")"},"thread_id":56},{"event":"call","id":482263,"sql_query":{"database_type":"PostgreSQL","sql":"select \"person\".\"id\", \"person\".\"employee_id\", \"person\".\"display_name\", \"person\".\"email\", \"person\".\"user_principal_name\", \"person\".\"department_name\", \"person\".\"kind\", \"person\".\"manager_employee_id\", \"person\".\"title\", \"person\".\"office_phone\", \"person\".\"mobile_phone\", \"person\".\"organisational_unit_id\", \"person\".\"is_removed\" from \"person\" where \"person\".\"id\" = ?"},"thread_id":56},{"elapsed":1.9E-5,"event":"return","id":482264,"parent_id":482263,"thread_id":56},{"defined_class":"org.finos.waltz.service.SlowQueryListener","event":"call","id":482265,"lineno":59,"method_id":"executeStart","parameters":[{"class":"org.jooq.impl.DefaultExecuteContext","kind":"req","name":"ctx","object_id":404923137,"value":"org.jooq.impl.DefaultExecuteContext@1822a301"}],"path":"waltz-service/src/main/java/org/finos/waltz/service/SlowQueryListener.java","receiver":{"class":"org.finos.waltz.service.SlowQueryListener","object_id":1388633466,"value":"org.finos.waltz.service.SlowQueryListener@52c4dd7a"},"static":false,"thread_id":56},{"elapsed":4.2E-6,"event":"return","id":482266,"parent_id":482265,"thread_id":56},{"defined_class":"org.finos.waltz.service.SlowQueryListener","event":"call","id":482362,"lineno":66,"method_id":"executeEnd","parameters":[{"class":"org.jooq.impl.DefaultExecuteContext","kind":"req","name":"ctx","object_id":404923137,"value":"org.jooq.impl.DefaultExecuteContext@1822a301"}],"path":"waltz-service/src/main/java/org/finos/waltz/service/SlowQueryListener.java","receiver":{"class":"org.finos.waltz.service.SlowQueryListener","object_id":1388633466,"value":"org.finos.waltz.service.SlowQueryListener@52c4dd7a"},"static":false,"thread_id":56},{"elapsed":2.5E-6,"event":"return","id":482363,"parent_id":482362,"thread_id":56},{"defined_class":"org.finos.waltz.schema.tables.Person","event":"call","id":482365,"lineno":206,"method_id":"fieldsRow","path":"org/finos/waltz/schema/tables/Person.java","receiver":{"class":"org.finos.waltz.schema.tables.Person","object_id":92900199,"value":"\"person\""},"static":false,"thread_id":56},{"elapsed":2.1E-6,"event":"return","id":482366,"parent_id":482365,"return_value":{"class":"org.jooq.impl.RowImpl","object_id":1792165025,"value":"(\"person\".\"id\", \"person\".\"employee_id\", \"person\".\"display_name\", \"person\".\"email\", \"person\".\"user_principal_name\", \"person\".\"department_name\", \"person\".\"kind\", \"person\".\"manager_employee_id\", \"person\".\"title\", \"person\".\"office_phone\", \"person\".\"mobile_phone\", \"person\".\"organisational_unit_id\", \"person\".\"is_removed\")"},"thread_id":56},{"defined_class":"org.finos.waltz.schema.tables.Person","event":"call","id":482367,"lineno":206,"method_id":"fieldsRow","path":"org/finos/waltz/schema/tables/Person.java","receiver":{"class":"org.finos.waltz.schema.tables.Person","object_id":92900199,"value":"\"person\""},"static":false,"thread_id":56},{"elapsed":1.785E-4,"event":"return","id":482372,"parent_id":482367,"return_value":{"class":"org.jooq.impl.RowImpl","object_id":460176756,"value":"(\"person\".\"id\", \"person\".\"employee_id\", \"person\".\"display_name\", \"person\".\"email\", \"person\".\"user_principal_name\", \"person\".\"department_name\", \"person\".\"kind\", \"person\".\"manager_employee_id\", \"person\".\"title\", \"person\".\"office_phone\", \"person\".\"mobile_phone\", \"person\".\"organisational_unit_id\", \"person\".\"is_removed\")"},"thread_id":56},{"defined_class":"org.finos.waltz.schema.tables.Person","event":"call","id":482373,"lineno":206,"method_id":"fieldsRow","path":"org/finos/waltz/schema/tables/Person.java","receiver":{"class":"org.finos.waltz.schema.tables.Person","object_id":92900199,"value":"\"person\""},"static":false,"thread_id":56},{"elapsed":9.3E-6,"event":"return","id":482374,"parent_id":482373,"return_value":{"class":"org.jooq.impl.RowImpl","object_id":1852412328,"value":"(\"person\".\"id\", \"person\".\"employee_id\", \"person\".\"display_name\", \"person\".\"email\", \"person\".\"user_principal_name\", \"person\".\"department_name\", \"person\".\"kind\", \"person\".\"manager_employee_id\", \"person\".\"title\", \"person\".\"office_phone\", \"person\".\"mobile_phone\", \"person\".\"organisational_unit_id\", \"person\".\"is_removed\")"},"thread_id":56},{"defined_class":"org.finos.waltz.schema.tables.Person","event":"call","id":482375,"lineno":206,"method_id":"fieldsRow","path":"org/finos/waltz/schema/tables/Person.java","receiver":{"class":"org.finos.waltz.schema.tables.Person","object_id":92900199,"value":"\"person\""},"static":false,"thread_id":56},{"elapsed":6.0E-6,"event":"return","id":482376,"parent_id":482375,"return_value":{"class":"org.jooq.impl.RowImpl","object_id":1667112399,"value":"(\"person\".\"id\", \"person\".\"employee_id\", \"person\".\"display_name\", \"person\".\"email\", \"person\".\"user_principal_name\", \"person\".\"department_name\", \"person\".\"kind\", \"person\".\"manager_employee_id\", \"person\".\"title\", \"person\".\"office_phone\", \"person\".\"mobile_phone\", \"person\".\"organisational_unit_id\", \"person\".\"is_removed\")"},"thread_id":56},{"defined_class":"org.finos.waltz.model.person.ImmutablePerson","event":"call","id":482377,"lineno":1270,"method_id":"builder","path":"org/finos/waltz/model/person/ImmutablePerson.java","static":true,"thread_id":56},{"elapsed":8.6E-6,"event":"return","id":482378,"parent_id":482377,"return_value":{"class":"org.finos.waltz.model.person.ImmutablePerson$Builder","object_id":466729545,"value":"org.finos.waltz.model.person.ImmutablePerson$Builder@1bd1ba49"},"thread_id":56},{"defined_class":"org.finos.waltz.model.person.ImmutablePerson$Builder","event":"call","id":482379,"lineno":1416,"method_id":"id","parameters":[{"class":"java.lang.Long","kind":"req","name":"id","object_id":16550134,"value":"11"}],"path":"org/finos/waltz/model/person/ImmutablePerson.java","receiver":{"class":"org.finos.waltz.model.person.ImmutablePerson$Builder","object_id":466729545,"value":"org.finos.waltz.model.person.ImmutablePerson$Builder@1bd1ba49"},"static":false,"thread_id":56},{"elapsed":5.3E-6,"event":"return","id":482380,"parent_id":482379,"return_value":{"class":"org.finos.waltz.model.person.ImmutablePerson$Builder","object_id":466729545,"value":"org.finos.waltz.model.person.ImmutablePerson$Builder@1bd1ba49"},"thread_id":56},{"defined_class":"org.finos.waltz.model.person.ImmutablePerson$Builder","event":"call","id":482381,"lineno":1438,"method_id":"employeeId","parameters":[{"class":"java.lang.String","kind":"req","name":"employeeId","object_id":1839280730,"value":"12U5uddwg"}],"path":"org/finos/waltz/model/person/ImmutablePerson.java","receiver":{"class":"org.finos.waltz.model.person.ImmutablePerson$Builder","object_id":466729545,"value":"org.finos.waltz.model.person.ImmutablePerson$Builder@1bd1ba49"},"static":false,"thread_id":56},{"elapsed":1.5E-6,"event":"return","id":482382,"parent_id":482381,"return_value":{"class":"org.finos.waltz.model.person.ImmutablePerson$Builder","object_id":466729545,"value":"org.finos.waltz.model.person.ImmutablePerson$Builder@1bd1ba49"},"thread_id":56},{"defined_class":"org.finos.waltz.model.person.ImmutablePerson$Builder","event":"call","id":482383,"lineno":1450,"method_id":"displayName","parameters":[{"class":"java.lang.String","kind":"req","name":"displayName","object_id":1340541591,"value":"Adrian Duke"}],"path":"org/finos/waltz/model/person/ImmutablePerson.java","receiver":{"class":"org.finos.waltz.model.person.ImmutablePerson$Builder","object_id":466729545,"value":"org.finos.waltz.model.person.ImmutablePerson$Builder@1bd1ba49"},"static":false,"thread_id":56},{"elapsed":1.5E-6,"event":"return","id":482384,"parent_id":482383,"return_value":{"class":"org.finos.waltz.model.person.ImmutablePerson$Builder","object_id":466729545,"value":"org.finos.waltz.model.person.ImmutablePerson$Builder@1bd1ba49"},"thread_id":56},{"defined_class":"org.finos.waltz.model.person.ImmutablePerson$Builder","event":"call","id":482385,"lineno":1462,"method_id":"email","parameters":[{"class":"java.lang.String","kind":"req","name":"email","object_id":1548011201,"value":"admin"}],"path":"org/finos/waltz/model/person/ImmutablePerson.java","receiver":{"class":"org.finos.waltz.model.person.ImmutablePerson$Builder","object_id":466729545,"value":"org.finos.waltz.model.person.ImmutablePerson$Builder@1bd1ba49"},"static":false,"thread_id":56},{"elapsed":1.4E-6,"event":"return","id":482386,"parent_id":482385,"return_value":{"class":"org.finos.waltz.model.person.ImmutablePerson$Builder","object_id":466729545,"value":"org.finos.waltz.model.person.ImmutablePerson$Builder@1bd1ba49"},"thread_id":56},{"defined_class":"org.finos.waltz.model.person.PersonKind","event":"call","id":482387,"lineno":21,"method_id":"valueOf","parameters":[{"class":"java.lang.String","kind":"req","name":"name","object_id":1246833906,"value":"EMPLOYEE"}],"path":"waltz-model/src/main/java/org/finos/waltz/model/person/PersonKind.java","static":true,"thread_id":56},{"elapsed":1.5E-6,"event":"return","id":482388,"parent_id":482387,"return_value":{"class":"org.finos.waltz.model.person.PersonKind","object_id":654339172,"value":"EMPLOYEE"},"thread_id":56},{"defined_class":"org.finos.waltz.model.person.ImmutablePerson$Builder","event":"call","id":482389,"lineno":1486,"method_id":"personKind","parameters":[{"class":"org.finos.waltz.model.person.PersonKind","kind":"req","name":"personKind","object_id":654339172,"value":"EMPLOYEE"}],"path":"org/finos/waltz/model/person/ImmutablePerson.java","receiver":{"class":"org.finos.waltz.model.person.ImmutablePerson$Builder","object_id":466729545,"value":"org.finos.waltz.model.person.ImmutablePerson$Builder@1bd1ba49"},"static":false,"thread_id":56},{"elapsed":1.3E-6,"event":"return","id":482390,"parent_id":482389,"return_value":{"class":"org.finos.waltz.model.person.ImmutablePerson$Builder","object_id":466729545,"value":"org.finos.waltz.model.person.ImmutablePerson$Builder@1bd1ba49"},"thread_id":56},{"defined_class":"org.finos.waltz.model.person.ImmutablePerson$Builder","event":"call","id":482391,"lineno":1571,"method_id":"userPrincipalName","parameters":[{"class":"java.util.Optional","kind":"req","name":"userPrincipalName","object_id":772203520,"value":"Optional[admin]"}],"path":"org/finos/waltz/model/person/ImmutablePerson.java","receiver":{"class":"org.finos.waltz.model.person.ImmutablePerson$Builder","object_id":466729545,"value":"org.finos.waltz.model.person.ImmutablePerson$Builder@1bd1ba49"},"static":false,"thread_id":56},{"elapsed":1.4E-6,"event":"return","id":482392,"parent_id":482391,"return_value":{"class":"org.finos.waltz.model.person.ImmutablePerson$Builder","object_id":466729545,"value":"org.finos.waltz.model.person.ImmutablePerson$Builder@1bd1ba49"},"thread_id":56},{"defined_class":"org.finos.waltz.model.person.ImmutablePerson$Builder","event":"call","id":482393,"lineno":1613,"method_id":"departmentName","parameters":[{"class":"java.util.Optional","kind":"req","name":"departmentName","object_id":1497559269,"value":"Optional[IT]"}],"path":"org/finos/waltz/model/person/ImmutablePerson.java","receiver":{"class":"org.finos.waltz.model.person.ImmutablePerson$Builder","object_id":466729545,"value":"org.finos.waltz.model.person.ImmutablePerson$Builder@1bd1ba49"},"static":false,"thread_id":56},{"elapsed":1.2E-6,"event":"return","id":482394,"parent_id":482393,"return_value":{"class":"org.finos.waltz.model.person.ImmutablePerson$Builder","object_id":466729545,"value":"org.finos.waltz.model.person.ImmutablePerson$Builder@1bd1ba49"},"thread_id":56},{"defined_class":"org.finos.waltz.model.person.ImmutablePerson$Builder","event":"call","id":482395,"lineno":1592,"method_id":"managerEmployeeId","parameters":[{"class":"java.util.Optional","kind":"req","name":"managerEmployeeId","object_id":600459202,"value":"Optional[tYWcOMGZF]"}],"path":"org/finos/waltz/model/person/ImmutablePerson.java","receiver":{"class":"org.finos.waltz.model.person.ImmutablePerson$Builder","object_id":466729545,"value":"org.finos.waltz.model.person.ImmutablePerson$Builder@1bd1ba49"},"static":false,"thread_id":56},{"elapsed":6.8E-6,"event":"return","id":482396,"parent_id":482395,"return_value":{"class":"org.finos.waltz.model.person.ImmutablePerson$Builder","object_id":466729545,"value":"org.finos.waltz.model.person.ImmutablePerson$Builder@1bd1ba49"},"thread_id":56},{"defined_class":"org.finos.waltz.model.person.ImmutablePerson$Builder","event":"call","id":482397,"lineno":1508,"method_id":"title","parameters":[{"class":"java.util.Optional","kind":"req","name":"title","object_id":1623185909,"value":"Optional[QA]"}],"path":"org/finos/waltz/model/person/ImmutablePerson.java","receiver":{"class":"org.finos.waltz.model.person.ImmutablePerson$Builder","object_id":466729545,"value":"org.finos.waltz.model.person.ImmutablePerson$Builder@1bd1ba49"},"static":false,"thread_id":56},{"elapsed":1.8E-6,"event":"return","id":482398,"parent_id":482397,"return_value":{"class":"org.finos.waltz.model.person.ImmutablePerson$Builder","object_id":466729545,"value":"org.finos.waltz.model.person.ImmutablePerson$Builder@1bd1ba49"},"thread_id":56},{"defined_class":"org.finos.waltz.model.person.ImmutablePerson$Builder","event":"call","id":482399,"lineno":1529,"method_id":"mobilePhone","parameters":[{"class":"java.util.Optional","kind":"req","name":"mobilePhone","object_id":2030044934,"value":"Optional[]"}],"path":"org/finos/waltz/model/person/ImmutablePerson.java","receiver":{"class":"org.finos.waltz.model.person.ImmutablePerson$Builder","object_id":466729545,"value":"org.finos.waltz.model.person.ImmutablePerson$Builder@1bd1ba49"},"static":false,"thread_id":56},{"elapsed":1.4E-6,"event":"return","id":482400,"parent_id":482399,"return_value":{"class":"org.finos.waltz.model.person.ImmutablePerson$Builder","object_id":466729545,"value":"org.finos.waltz.model.person.ImmutablePerson$Builder@1bd1ba49"},"thread_id":56},{"defined_class":"org.finos.waltz.model.person.ImmutablePerson$Builder","event":"call","id":482401,"lineno":1550,"method_id":"officePhone","parameters":[{"class":"java.util.Optional","kind":"req","name":"officePhone","object_id":931861787,"value":"Optional[]"}],"path":"org/finos/waltz/model/person/ImmutablePerson.java","receiver":{"class":"org.finos.waltz.model.person.ImmutablePerson$Builder","object_id":466729545,"value":"org.finos.waltz.model.person.ImmutablePerson$Builder@1bd1ba49"},"static":false,"thread_id":56},{"elapsed":1.4E-6,"event":"return","id":482402,"parent_id":482401,"return_value":{"class":"org.finos.waltz.model.person.ImmutablePerson$Builder","object_id":466729545,"value":"org.finos.waltz.model.person.ImmutablePerson$Builder@1bd1ba49"},"thread_id":56},{"defined_class":"org.finos.waltz.model.person.ImmutablePerson$Builder","event":"call","id":482403,"lineno":1634,"method_id":"organisationalUnitId","parameters":[{"class":"java.util.Optional","kind":"req","name":"organisationalUnitId","object_id":1183756415,"value":"Optional[60]"}],"path":"org/finos/waltz/model/person/ImmutablePerson.java","receiver":{"class":"org.finos.waltz.model.person.ImmutablePerson$Builder","object_id":466729545,"value":"org.finos.waltz.model.person.ImmutablePerson$Builder@1bd1ba49"},"static":false,"thread_id":56},{"elapsed":1.3E-6,"event":"return","id":482404,"parent_id":482403,"return_value":{"class":"org.finos.waltz.model.person.ImmutablePerson$Builder","object_id":466729545,"value":"org.finos.waltz.model.person.ImmutablePerson$Builder@1bd1ba49"},"thread_id":56},{"defined_class":"org.finos.waltz.model.person.ImmutablePerson$Builder","event":"call","id":482405,"lineno":1474,"method_id":"isRemoved","parameters":[{"class":"java.lang.Boolean","kind":"req","name":"isRemoved","object_id":1341801146,"value":"false"}],"path":"org/finos/waltz/model/person/ImmutablePerson.java","receiver":{"class":"org.finos.waltz.model.person.ImmutablePerson$Builder","object_id":466729545,"value":"org.finos.waltz.model.person.ImmutablePerson$Builder@1bd1ba49"},"static":false,"thread_id":56},{"elapsed":3.9E-6,"event":"return","id":482406,"parent_id":482405,"return_value":{"class":"org.finos.waltz.model.person.ImmutablePerson$Builder","object_id":466729545,"value":"org.finos.waltz.model.person.ImmutablePerson$Builder@1bd1ba49"},"thread_id":56},{"defined_class":"org.finos.waltz.model.person.ImmutablePerson$Builder","event":"call","id":482407,"lineno":1668,"method_id":"build","path":"org/finos/waltz/model/person/ImmutablePerson.java","receiver":{"class":"org.finos.waltz.model.person.ImmutablePerson$Builder","object_id":466729545,"value":"org.finos.waltz.model.person.ImmutablePerson$Builder@1bd1ba49"},"static":false,"thread_id":56},{"defined_class":"org.finos.waltz.model.person.ImmutablePerson$InitShim","event":"call","id":482408,"lineno":120,"method_id":"name","path":"org/finos/waltz/model/person/ImmutablePerson.java","receiver":{"class":"org.finos.waltz.model.person.ImmutablePerson$InitShim","object_id":1491118378,"value":"org.finos.waltz.model.person.ImmutablePerson$InitShim@58e0a92a"},"static":false,"thread_id":56},{"defined_class":"org.finos.waltz.model.person.Person","event":"call","id":482409,"lineno":53,"method_id":"name","path":"waltz-model/src/main/java/org/finos/waltz/model/person/Person.java","receiver":{"class":"org.finos.waltz.model.person.ImmutablePerson","object_id":564247815,"value":"Person{id=11, employeeId=12U5uddwg, displayName=Adrian Duke, email=admin, isRemoved=false, personKind=EMPLOYEE, title=QA, mobilePhone=, officePhone=, userPrincipalName=admin, managerEmployeeId=tYWcOMGZF, departmentName=IT, organisationalUnitId=60, name=null, userId=null, kind=null}"},"static":false,"thread_id":56},{"defined_class":"org.finos.waltz.model.person.ImmutablePerson","event":"call","id":482410,"lineno":198,"method_id":"displayName","path":"org/finos/waltz/model/person/ImmutablePerson.java","receiver":{"class":"org.finos.waltz.model.person.ImmutablePerson","object_id":564247815,"value":"Person{id=11, employeeId=12U5uddwg, displayName=Adrian Duke, email=admin, isRemoved=false, personKind=EMPLOYEE, title=QA, mobilePhone=, officePhone=, userPrincipalName=admin, managerEmployeeId=tYWcOMGZF, departmentName=IT, organisationalUnitId=60, name=null, userId=null, kind=null}"},"static":false,"thread_id":56},{"elapsed":3.0E-6,"event":"return","id":482411,"parent_id":482410,"return_value":{"class":"java.lang.String","object_id":1340541591,"value":"Adrian Duke"},"thread_id":56},{"elapsed":6.6E-6,"event":"return","id":482412,"parent_id":482409,"return_value":{"class":"java.lang.String","object_id":1340541591,"value":"Adrian Duke"},"thread_id":56},{"elapsed":1.01E-5,"event":"return","id":482413,"parent_id":482408,"return_value":{"class":"java.lang.String","object_id":1340541591,"value":"Adrian Duke"},"thread_id":56},{"defined_class":"org.finos.waltz.model.person.ImmutablePerson$InitShim","event":"call","id":482414,"lineno":133,"method_id":"userId","path":"org/finos/waltz/model/person/ImmutablePerson.java","receiver":{"class":"org.finos.waltz.model.person.ImmutablePerson$InitShim","object_id":1491118378,"value":"org.finos.waltz.model.person.ImmutablePerson$InitShim@58e0a92a"},"static":false,"thread_id":56},{"defined_class":"org.finos.waltz.model.person.Person","event":"call","id":482415,"lineno":58,"method_id":"userId","path":"waltz-model/src/main/java/org/finos/waltz/model/person/Person.java","receiver":{"class":"org.finos.waltz.model.person.ImmutablePerson","object_id":564247815,"value":"Person{id=11, employeeId=12U5uddwg, displayName=Adrian Duke, email=admin, isRemoved=false, personKind=EMPLOYEE, title=QA, mobilePhone=, officePhone=, userPrincipalName=admin, managerEmployeeId=tYWcOMGZF, departmentName=IT, organisationalUnitId=60, name=Adrian Duke, userId=null, kind=null}"},"static":false,"thread_id":56},{"defined_class":"org.finos.waltz.model.person.ImmutablePerson","event":"call","id":482416,"lineno":207,"method_id":"email","path":"org/finos/waltz/model/person/ImmutablePerson.java","receiver":{"class":"org.finos.waltz.model.person.ImmutablePerson","object_id":564247815,"value":"Person{id=11, employeeId=12U5uddwg, displayName=Adrian Duke, email=admin, isRemoved=false, personKind=EMPLOYEE, title=QA, mobilePhone=, officePhone=, userPrincipalName=admin, managerEmployeeId=tYWcOMGZF, departmentName=IT, organisationalUnitId=60, name=Adrian Duke, userId=null, kind=null}"},"static":false,"thread_id":56},{"elapsed":3.8E-6,"event":"return","id":482417,"parent_id":482416,"return_value":{"class":"java.lang.String","object_id":1548011201,"value":"admin"},"thread_id":56},{"elapsed":7.2E-6,"event":"return","id":482418,"parent_id":482415,"return_value":{"class":"java.lang.String","object_id":1548011201,"value":"admin"},"thread_id":56},{"elapsed":9.8E-6,"event":"return","id":482419,"parent_id":482414,"return_value":{"class":"java.lang.String","object_id":1548011201,"value":"admin"},"thread_id":56},{"defined_class":"org.finos.waltz.model.person.ImmutablePerson$InitShim","event":"call","id":482420,"lineno":151,"method_id":"kind","path":"org/finos/waltz/model/person/ImmutablePerson.java","receiver":{"class":"org.finos.waltz.model.person.ImmutablePerson$InitShim","object_id":1491118378,"value":"org.finos.waltz.model.person.ImmutablePerson$InitShim@58e0a92a"},"static":false,"thread_id":56},{"defined_class":"org.finos.waltz.model.person.Person","event":"call","id":482421,"lineno":62,"method_id":"kind","path":"waltz-model/src/main/java/org/finos/waltz/model/person/Person.java","receiver":{"class":"org.finos.waltz.model.person.ImmutablePerson","object_id":564247815,"value":"Person{id=11, employeeId=12U5uddwg, displayName=Adrian Duke, email=admin, isRemoved=false, personKind=EMPLOYEE, title=QA, mobilePhone=, officePhone=, userPrincipalName=admin, managerEmployeeId=tYWcOMGZF, departmentName=IT, organisationalUnitId=60, name=Adrian Duke, userId=admin, kind=null}"},"static":false,"thread_id":56},{"elapsed":1.5E-6,"event":"return","id":482422,"parent_id":482421,"return_value":{"class":"org.finos.waltz.model.EntityKind","object_id":796799038,"value":"PERSON"},"thread_id":56},{"elapsed":4.7E-6,"event":"return","id":482423,"parent_id":482420,"return_value":{"class":"org.finos.waltz.model.EntityKind","object_id":796799038,"value":"PERSON"},"thread_id":56},{"elapsed":3.08E-5,"event":"return","id":482424,"parent_id":482407,"return_value":{"class":"org.finos.waltz.model.person.ImmutablePerson","object_id":564247815,"value":"Person{id=11, employeeId=12U5uddwg, displayName=Adrian Duke, email=admin, isRemoved=false, personKind=EMPLOYEE, title=QA, mobilePhone=, officePhone=, userPrincipalName=admin, managerEmployeeId=tYWcOMGZF, departmentName=IT, organisationalUnitId=60, name=Adrian Duke, userId=admin, kind=PERSON}"},"thread_id":56},{"elapsed":0.0054044,"event":"return","id":482425,"parent_id":482145,"return_value":{"class":"org.finos.waltz.model.person.ImmutablePerson","object_id":564247815,"value":"Person{id=11, employeeId=12U5uddwg, displayName=Adrian Duke, email=admin, isRemoved=false, personKind=EMPLOYEE, title=QA, mobilePhone=, officePhone=, userPrincipalName=admin, managerEmployeeId=tYWcOMGZF, departmentName=IT, organisationalUnitId=60, name=Adrian Duke, userId=admin, kind=PERSON}"},"thread_id":56},{"elapsed":0.0054173,"event":"return","id":482426,"parent_id":482144,"return_value":{"class":"org.finos.waltz.model.person.ImmutablePerson","object_id":564247815,"value":"Person{id=11, employeeId=12U5uddwg, displayName=Adrian Duke, email=admin, isRemoved=false, personKind=EMPLOYEE, title=QA, mobilePhone=, officePhone=, userPrincipalName=admin, managerEmployeeId=tYWcOMGZF, departmentName=IT, organisationalUnitId=60, name=Adrian Duke, userId=admin, kind=PERSON}"},"thread_id":56},{"defined_class":"org.finos.waltz.model.person.ImmutablePerson","event":"call","id":482427,"lineno":180,"method_id":"id","path":"org/finos/waltz/model/person/ImmutablePerson.java","receiver":{"class":"org.finos.waltz.model.person.ImmutablePerson","object_id":564247815,"value":"Person{id=11, employeeId=12U5uddwg, displayName=Adrian Duke, email=admin, isRemoved=false, personKind=EMPLOYEE, title=QA, mobilePhone=, officePhone=, userPrincipalName=admin, managerEmployeeId=tYWcOMGZF, departmentName=IT, organisationalUnitId=60, name=Adrian Duke, userId=admin, kind=PERSON}"},"static":false,"thread_id":56},{"elapsed":3.7E-6,"event":"return","id":482428,"parent_id":482427,"return_value":{"class":"java.util.Optional","object_id":1324173285,"value":"Optional[11]"},"thread_id":56},{"defined_class":"org.finos.waltz.model.person.ImmutablePerson","event":"call","id":482429,"lineno":189,"method_id":"employeeId","path":"org/finos/waltz/model/person/ImmutablePerson.java","receiver":{"class":"org.finos.waltz.model.person.ImmutablePerson","object_id":564247815,"value":"Person{id=11, employeeId=12U5uddwg, displayName=Adrian Duke, email=admin, isRemoved=false, personKind=EMPLOYEE, title=QA, mobilePhone=, officePhone=, userPrincipalName=admin, managerEmployeeId=tYWcOMGZF, departmentName=IT, organisationalUnitId=60, name=Adrian Duke, userId=admin, kind=PERSON}"},"static":false,"thread_id":56},{"elapsed":1.6E-6,"event":"return","id":482430,"parent_id":482429,"return_value":{"class":"java.lang.String","object_id":1839280730,"value":"12U5uddwg"},"thread_id":56},{"defined_class":"org.finos.waltz.model.person.ImmutablePerson","event":"call","id":482431,"lineno":198,"method_id":"displayName","path":"org/finos/waltz/model/person/ImmutablePerson.java","receiver":{"class":"org.finos.waltz.model.person.ImmutablePerson","object_id":564247815,"value":"Person{id=11, employeeId=12U5uddwg, displayName=Adrian Duke, email=admin, isRemoved=false, personKind=EMPLOYEE, title=QA, mobilePhone=, officePhone=, userPrincipalName=admin, managerEmployeeId=tYWcOMGZF, departmentName=IT, organisationalUnitId=60, name=Adrian Duke, userId=admin, kind=PERSON}"},"static":false,"thread_id":56},{"elapsed":1.3E-6,"event":"return","id":482432,"parent_id":482431,"return_value":{"class":"java.lang.String","object_id":1340541591,"value":"Adrian Duke"},"thread_id":56},{"defined_class":"org.finos.waltz.model.person.ImmutablePerson","event":"call","id":482433,"lineno":207,"method_id":"email","path":"org/finos/waltz/model/person/ImmutablePerson.java","receiver":{"class":"org.finos.waltz.model.person.ImmutablePerson","object_id":564247815,"value":"Person{id=11, employeeId=12U5uddwg, displayName=Adrian Duke, email=admin, isRemoved=false, personKind=EMPLOYEE, title=QA, mobilePhone=, officePhone=, userPrincipalName=admin, managerEmployeeId=tYWcOMGZF, departmentName=IT, organisationalUnitId=60, name=Adrian Duke, userId=admin, kind=PERSON}"},"static":false,"thread_id":56},{"elapsed":1.3E-6,"event":"return","id":482434,"parent_id":482433,"return_value":{"class":"java.lang.String","object_id":1548011201,"value":"admin"},"thread_id":56},{"defined_class":"org.finos.waltz.model.person.ImmutablePerson","event":"call","id":482435,"lineno":225,"method_id":"personKind","path":"org/finos/waltz/model/person/ImmutablePerson.java","receiver":{"class":"org.finos.waltz.model.person.ImmutablePerson","object_id":564247815,"value":"Person{id=11, employeeId=12U5uddwg, displayName=Adrian Duke, email=admin, isRemoved=false, personKind=EMPLOYEE, title=QA, mobilePhone=, officePhone=, userPrincipalName=admin, managerEmployeeId=tYWcOMGZF, departmentName=IT, organisationalUnitId=60, name=Adrian Duke, userId=admin, kind=PERSON}"},"static":false,"thread_id":56},{"elapsed":1.3E-6,"event":"return","id":482436,"parent_id":482435,"return_value":{"class":"org.finos.waltz.model.person.PersonKind","object_id":654339172,"value":"EMPLOYEE"},"thread_id":56},{"defined_class":"org.finos.waltz.model.person.ImmutablePerson","event":"call","id":482437,"lineno":234,"method_id":"title","path":"org/finos/waltz/model/person/ImmutablePerson.java","receiver":{"class":"org.finos.waltz.model.person.ImmutablePerson","object_id":564247815,"value":"Person{id=11, employeeId=12U5uddwg, displayName=Adrian Duke, email=admin, isRemoved=false, personKind=EMPLOYEE, title=QA, mobilePhone=, officePhone=, userPrincipalName=admin, managerEmployeeId=tYWcOMGZF, departmentName=IT, organisationalUnitId=60, name=Adrian Duke, userId=admin, kind=PERSON}"},"static":false,"thread_id":56},{"elapsed":1.4E-6,"event":"return","id":482438,"parent_id":482437,"return_value":{"class":"java.util.Optional","object_id":2102598415,"value":"Optional[QA]"},"thread_id":56},{"defined_class":"org.finos.waltz.model.person.ImmutablePerson","event":"call","id":482439,"lineno":243,"method_id":"mobilePhone","path":"org/finos/waltz/model/person/ImmutablePerson.java","receiver":{"class":"org.finos.waltz.model.person.ImmutablePerson","object_id":564247815,"value":"Person{id=11, employeeId=12U5uddwg, displayName=Adrian Duke, email=admin, isRemoved=false, personKind=EMPLOYEE, title=QA, mobilePhone=, officePhone=, userPrincipalName=admin, managerEmployeeId=tYWcOMGZF, departmentName=IT, organisationalUnitId=60, name=Adrian Duke, userId=admin, kind=PERSON}"},"static":false,"thread_id":56},{"elapsed":1.6E-6,"event":"return","id":482440,"parent_id":482439,"return_value":{"class":"java.util.Optional","object_id":539444342,"value":"Optional[]"},"thread_id":56},{"defined_class":"org.finos.waltz.model.person.ImmutablePerson","event":"call","id":482441,"lineno":252,"method_id":"officePhone","path":"org/finos/waltz/model/person/ImmutablePerson.java","receiver":{"class":"org.finos.waltz.model.person.ImmutablePerson","object_id":564247815,"value":"Person{id=11, employeeId=12U5uddwg, displayName=Adrian Duke, email=admin, isRemoved=false, personKind=EMPLOYEE, title=QA, mobilePhone=, officePhone=, userPrincipalName=admin, managerEmployeeId=tYWcOMGZF, departmentName=IT, organisationalUnitId=60, name=Adrian Duke, userId=admin, kind=PERSON}"},"static":false,"thread_id":56},{"elapsed":1.5E-6,"event":"return","id":482442,"parent_id":482441,"return_value":{"class":"java.util.Optional","object_id":214080752,"value":"Optional[]"},"thread_id":56},{"defined_class":"org.finos.waltz.model.person.ImmutablePerson","event":"call","id":482443,"lineno":261,"method_id":"userPrincipalName","path":"org/finos/waltz/model/person/ImmutablePerson.java","receiver":{"class":"org.finos.waltz.model.person.ImmutablePerson","object_id":564247815,"value":"Person{id=11, employeeId=12U5uddwg, displayName=Adrian Duke, email=admin, isRemoved=false, personKind=EMPLOYEE, title=QA, mobilePhone=, officePhone=, userPrincipalName=admin, managerEmployeeId=tYWcOMGZF, departmentName=IT, organisationalUnitId=60, name=Adrian Duke, userId=admin, kind=PERSON}"},"static":false,"thread_id":56},{"elapsed":1.5E-6,"event":"return","id":482444,"parent_id":482443,"return_value":{"class":"java.util.Optional","object_id":682893538,"value":"Optional[admin]"},"thread_id":56},{"defined_class":"org.finos.waltz.model.person.ImmutablePerson","event":"call","id":482445,"lineno":270,"method_id":"managerEmployeeId","path":"org/finos/waltz/model/person/ImmutablePerson.java","receiver":{"class":"org.finos.waltz.model.person.ImmutablePerson","object_id":564247815,"value":"Person{id=11, employeeId=12U5uddwg, displayName=Adrian Duke, email=admin, isRemoved=false, personKind=EMPLOYEE, title=QA, mobilePhone=, officePhone=, userPrincipalName=admin, managerEmployeeId=tYWcOMGZF, departmentName=IT, organisationalUnitId=60, name=Adrian Duke, userId=admin, kind=PERSON}"},"static":false,"thread_id":56},{"elapsed":8.6E-6,"event":"return","id":482446,"parent_id":482445,"return_value":{"class":"java.util.Optional","object_id":1306189208,"value":"Optional[tYWcOMGZF]"},"thread_id":56},{"defined_class":"org.finos.waltz.model.person.ImmutablePerson","event":"call","id":482447,"lineno":279,"method_id":"departmentName","path":"org/finos/waltz/model/person/ImmutablePerson.java","receiver":{"class":"org.finos.waltz.model.person.ImmutablePerson","object_id":564247815,"value":"Person{id=11, employeeId=12U5uddwg, displayName=Adrian Duke, email=admin, isRemoved=false, personKind=EMPLOYEE, title=QA, mobilePhone=, officePhone=, userPrincipalName=admin, managerEmployeeId=tYWcOMGZF, departmentName=IT, organisationalUnitId=60, name=Adrian Duke, userId=admin, kind=PERSON}"},"static":false,"thread_id":56},{"elapsed":1.5E-6,"event":"return","id":482448,"parent_id":482447,"return_value":{"class":"java.util.Optional","object_id":1464083617,"value":"Optional[IT]"},"thread_id":56},{"defined_class":"org.finos.waltz.model.person.ImmutablePerson","event":"call","id":482449,"lineno":288,"method_id":"organisationalUnitId","path":"org/finos/waltz/model/person/ImmutablePerson.java","receiver":{"class":"org.finos.waltz.model.person.ImmutablePerson","object_id":564247815,"value":"Person{id=11, employeeId=12U5uddwg, displayName=Adrian Duke, email=admin, isRemoved=false, personKind=EMPLOYEE, title=QA, mobilePhone=, officePhone=, userPrincipalName=admin, managerEmployeeId=tYWcOMGZF, departmentName=IT, organisationalUnitId=60, name=Adrian Duke, userId=admin, kind=PERSON}"},"static":false,"thread_id":56},{"elapsed":1.31E-5,"event":"return","id":482450,"parent_id":482449,"return_value":{"class":"java.util.Optional","object_id":1333331877,"value":"Optional[60]"},"thread_id":56},{"defined_class":"org.finos.waltz.model.person.ImmutablePerson","event":"call","id":482451,"lineno":309,"method_id":"userId","path":"org/finos/waltz/model/person/ImmutablePerson.java","receiver":{"class":"org.finos.waltz.model.person.ImmutablePerson","object_id":564247815,"value":"Person{id=11, employeeId=12U5uddwg, displayName=Adrian Duke, email=admin, isRemoved=false, personKind=EMPLOYEE, title=QA, mobilePhone=, officePhone=, userPrincipalName=admin, managerEmployeeId=tYWcOMGZF, departmentName=IT, organisationalUnitId=60, name=Adrian Duke, userId=admin, kind=PERSON}"},"static":false,"thread_id":56},{"elapsed":4.5E-6,"event":"return","id":482452,"parent_id":482451,"return_value":{"class":"java.lang.String","object_id":1548011201,"value":"admin"},"thread_id":56},{"defined_class":"org.finos.waltz.model.person.ImmutablePerson","event":"call","id":482453,"lineno":321,"method_id":"kind","path":"org/finos/waltz/model/person/ImmutablePerson.java","receiver":{"class":"org.finos.waltz.model.person.ImmutablePerson","object_id":564247815,"value":"Person{id=11, employeeId=12U5uddwg, displayName=Adrian Duke, email=admin, isRemoved=false, personKind=EMPLOYEE, title=QA, mobilePhone=, officePhone=, userPrincipalName=admin, managerEmployeeId=tYWcOMGZF, departmentName=IT, organisationalUnitId=60, name=Adrian Duke, userId=admin, kind=PERSON}"},"static":false,"thread_id":56},{"elapsed":2.1E-6,"event":"return","id":482454,"parent_id":482453,"return_value":{"class":"org.finos.waltz.model.EntityKind","object_id":796799038,"value":"PERSON"},"thread_id":56},{"defined_class":"org.finos.waltz.model.person.ImmutablePerson","event":"call","id":482455,"lineno":297,"method_id":"name","path":"org/finos/waltz/model/person/ImmutablePerson.java","receiver":{"class":"org.finos.waltz.model.person.ImmutablePerson","object_id":564247815,"value":"Person{id=11, employeeId=12U5uddwg, displayName=Adrian Duke, email=admin, isRemoved=false, personKind=EMPLOYEE, title=QA, mobilePhone=, officePhone=, userPrincipalName=admin, managerEmployeeId=tYWcOMGZF, departmentName=IT, organisationalUnitId=60, name=Adrian Duke, userId=admin, kind=PERSON}"},"static":false,"thread_id":56},{"elapsed":3.602E-4,"event":"return","id":482456,"parent_id":482455,"return_value":{"class":"java.lang.String","object_id":1340541591,"value":"Adrian Duke"},"thread_id":56},{"elapsed":0.0111311,"event":"return","http_server_response":{"headers":{"Access-Control-Expose-Headers":"*","Access-Control-Allow-Origin":"*","Date":"Tue, 23 Jul 2024 16:46:51 GMT","Content-Type":"application/json"},"status":200},"id":482457,"parent_id":481958,"thread_id":56}],"classMap":[{"children":[{"children":[{"children":[{"children":[{"children":[{"children":[{"labels":[],"location":"org/finos/waltz/model/person/ImmutablePerson.java:279","name":"departmentName","static":false,"type":"function"},{"labels":[],"location":"org/finos/waltz/model/person/ImmutablePerson.java:288","name":"organisationalUnitId","static":false,"type":"function"},{"labels":[],"location":"org/finos/waltz/model/person/ImmutablePerson.java:309","name":"userId","static":false,"type":"function"},{"labels":[],"location":"org/finos/waltz/model/person/ImmutablePerson.java:234","name":"title","static":false,"type":"function"},{"labels":[],"location":"org/finos/waltz/model/person/ImmutablePerson.java:1270","name":"builder","static":true,"type":"function"},{"labels":[],"location":"org/finos/waltz/model/person/ImmutablePerson.java:261","name":"userPrincipalName","static":false,"type":"function"},{"labels":[],"location":"org/finos/waltz/model/person/ImmutablePerson.java:225","name":"personKind","static":false,"type":"function"},{"labels":[],"location":"org/finos/waltz/model/person/ImmutablePerson.java:297","name":"name","static":false,"type":"function"},{"labels":[],"location":"org/finos/waltz/model/person/ImmutablePerson.java:252","name":"officePhone","static":false,"type":"function"},{"labels":[],"location":"org/finos/waltz/model/person/ImmutablePerson.java:321","name":"kind","static":false,"type":"function"},{"labels":[],"location":"org/finos/waltz/model/person/ImmutablePerson.java:189","name":"employeeId","static":false,"type":"function"},{"labels":[],"location":"org/finos/waltz/model/person/ImmutablePerson.java:207","name":"email","static":false,"type":"function"},{"labels":[],"location":"org/finos/waltz/model/person/ImmutablePerson.java:198","name":"displayName","static":false,"type":"function"},{"labels":[],"location":"org/finos/waltz/model/person/ImmutablePerson.java:180","name":"id","static":false,"type":"function"},{"labels":[],"location":"org/finos/waltz/model/person/ImmutablePerson.java:243","name":"mobilePhone","static":false,"type":"function"},{"labels":[],"location":"org/finos/waltz/model/person/ImmutablePerson.java:270","name":"managerEmployeeId","static":false,"type":"function"}],"location":"org/finos/waltz/model/person/ImmutablePerson.java","name":"ImmutablePerson","static":false,"type":"class"},{"children":[{"labels":[],"location":"waltz-model/src/main/java/org/finos/waltz/model/person/Person.java:58","name":"userId","static":false,"type":"function"},{"labels":[],"location":"waltz-model/src/main/java/org/finos/waltz/model/person/Person.java:62","name":"kind","static":false,"type":"function"},{"labels":[],"location":"waltz-model/src/main/java/org/finos/waltz/model/person/Person.java:53","name":"name","static":false,"type":"function"}],"location":"waltz-model/src/main/java/org/finos/waltz/model/person/Person.java","name":"Person","static":false,"type":"class"},{"children":[{"labels":[],"location":"org/finos/waltz/model/person/ImmutablePerson.java:1486","name":"personKind","static":false,"type":"function"},{"labels":[],"location":"org/finos/waltz/model/person/ImmutablePerson.java:1450","name":"displayName","static":false,"type":"function"},{"labels":[],"location":"org/finos/waltz/model/person/ImmutablePerson.java:1592","name":"managerEmployeeId","static":false,"type":"function"},{"labels":[],"location":"org/finos/waltz/model/person/ImmutablePerson.java:1613","name":"departmentName","static":false,"type":"function"},{"labels":[],"location":"org/finos/waltz/model/person/ImmutablePerson.java:1474","name":"isRemoved","static":false,"type":"function"},{"labels":[],"location":"org/finos/waltz/model/person/ImmutablePerson.java:1550","name":"officePhone","static":false,"type":"function"},{"labels":[],"location":"org/finos/waltz/model/person/ImmutablePerson.java:1508","name":"title","static":false,"type":"function"},{"labels":[],"location":"org/finos/waltz/model/person/ImmutablePerson.java:1571","name":"userPrincipalName","static":false,"type":"function"},{"labels":[],"location":"org/finos/waltz/model/person/ImmutablePerson.java:1438","name":"employeeId","static":false,"type":"function"},{"labels":[],"location":"org/finos/waltz/model/person/ImmutablePerson.java:1668","name":"build","static":false,"type":"function"},{"labels":[],"location":"org/finos/waltz/model/person/ImmutablePerson.java:1416","name":"id","static":false,"type":"function"},{"labels":[],"location":"org/finos/waltz/model/person/ImmutablePerson.java:1634","name":"organisationalUnitId","static":false,"type":"function"},{"labels":[],"location":"org/finos/waltz/model/person/ImmutablePerson.java:1529","name":"mobilePhone","static":false,"type":"function"},{"labels":[],"location":"org/finos/waltz/model/person/ImmutablePerson.java:1462","name":"email","static":false,"type":"function"}],"location":"org/finos/waltz/model/person/ImmutablePerson.java","name":"ImmutablePerson$Builder","static":true,"type":"class"},{"children":[{"labels":[],"location":"org/finos/waltz/model/person/ImmutablePerson.java:151","name":"kind","static":false,"type":"function"},{"labels":[],"location":"org/finos/waltz/model/person/ImmutablePerson.java:120","name":"name","static":false,"type":"function"},{"labels":[],"location":"org/finos/waltz/model/person/ImmutablePerson.java:133","name":"userId","static":false,"type":"function"}],"location":"org/finos/waltz/model/person/ImmutablePerson.java","name":"ImmutablePerson$InitShim","static":false,"type":"class"},{"children":[{"labels":[],"location":"waltz-model/src/main/java/org/finos/waltz/model/person/PersonKind.java:21","name":"valueOf","static":true,"type":"function"}],"location":"waltz-model/src/main/java/org/finos/waltz/model/person/PersonKind.java","name":"PersonKind","static":false,"type":"class"}],"name":"person","type":"package"}],"name":"model","type":"package"},{"children":[{"children":[{"children":[{"labels":[],"location":"waltz-data/src/main/java/org/finos/waltz/data/person/PersonDao.java:99","name":"getById","static":false,"type":"function"}],"location":"waltz-data/src/main/java/org/finos/waltz/data/person/PersonDao.java","name":"PersonDao","static":false,"type":"class"}],"name":"person","type":"package"}],"name":"data","type":"package"},{"children":[{"children":[{"labels":[],"location":"waltz-web/src/main/java/org/finos/waltz/web/WebUtilities.java:94","name":"getLong","static":true,"type":"function"},{"labels":[],"location":"waltz-web/src/main/java/org/finos/waltz/web/WebUtilities.java:111","name":"getId","static":true,"type":"function"}],"location":"waltz-web/src/main/java/org/finos/waltz/web/WebUtilities.java","name":"WebUtilities","static":false,"type":"class"},{"children":[{"children":[{"children":[{"labels":[],"location":"waltz-web/src/main/java/org/finos/waltz/web/endpoints/auth/JWTAuthenticationFilter.java:62","name":"handle","static":false,"type":"function"}],"location":"waltz-web/src/main/java/org/finos/waltz/web/endpoints/auth/JWTAuthenticationFilter.java","name":"JWTAuthenticationFilter","static":false,"type":"class"}],"name":"auth","type":"package"}],"name":"endpoints","type":"package"}],"name":"web","type":"package"},{"children":[{"children":[{"labels":[],"location":"waltz-common/src/main/java/org/finos/waltz/common/Checks.java:85","name":"checkTrue","static":true,"type":"function"},{"labels":[],"location":"waltz-common/src/main/java/org/finos/waltz/common/Checks.java:37","name":"checkNotNull","static":true,"type":"function"}],"location":"waltz-common/src/main/java/org/finos/waltz/common/Checks.java","name":"Checks","static":false,"type":"class"}],"name":"common","type":"package"},{"children":[{"children":[{"labels":[],"location":"waltz-service/src/main/java/org/finos/waltz/service/SlowQueryListener.java:59","name":"executeStart","static":false,"type":"function"},{"labels":[],"location":"waltz-service/src/main/java/org/finos/waltz/service/SlowQueryListener.java:66","name":"executeEnd","static":false,"type":"function"}],"location":"waltz-service/src/main/java/org/finos/waltz/service/SlowQueryListener.java","name":"SlowQueryListener","static":false,"type":"class"},{"children":[{"children":[{"labels":[],"location":"waltz-service/src/main/java/org/finos/waltz/service/person/PersonService.java:66","name":"getById","static":false,"type":"function"}],"location":"waltz-service/src/main/java/org/finos/waltz/service/person/PersonService.java","name":"PersonService","static":false,"type":"class"}],"name":"person","type":"package"}],"name":"service","type":"package"},{"children":[{"children":[{"children":[{"labels":[],"location":"org/finos/waltz/schema/tables/Person.java:206","name":"fieldsRow","static":false,"type":"function"}],"location":"org/finos/waltz/schema/tables/Person.java","name":"Person","static":false,"type":"class"}],"name":"tables","type":"package"}],"name":"schema","type":"package"}],"name":"waltz","type":"package"}],"name":"finos","type":"package"}],"name":"org","type":"package"}],"version":"1.2","metadata":{"name":"GET /api/person/id/11 (200) - 16:46:51.788","app":"waltz","language":{"name":"java","version":"17.0.8+9-LTS-211","engine":"Java HotSpot(TM) 64-Bit Server VM"},"client":{"name":"appmap-java","url":"https://github.com/appland/appmap-java"},"recorder":{"name":"request_recording","type":"requests"},"recording":{},"git":{"repository":"git@github.com:land-of-apps/waltz.git","branch":"master","commit":"dde8a3935468f53fce15c81945a61208a9a291f3"}},"eventUpdates":{}}