{"events":[{"event":"call","http_server_request":{"headers":{"Cookie":"appland_session=bFU5p0cvqrcXlz2oQfgEZG3%2BQjfds2AwmlOA%2Fx5fhQLjPvVHIKrHyvnbeq5nw8c5sME56znPsnpSSzB3nr%2BHfdk9sEC9MgOgNKjgjD8qlzGqDVuwRPr30ch96LWGIDwuITrAUwQGqlUw7%2Fdsq0tjrfHFPTlemq71kQtCAIi9JTRWo5tLPJlG%2F9JtfTuiWIfWg8X67ZkAOuaapIHdaA5w5QtwMr7h34LfseImCERQpzoz9xTqJYqSi2SJ9RE1eVw2jyYFG9IGPA4d1USUIXvAmeaMOQ9Z%2BDmKhiIRXve6%2BzO47%2F2RW1kaH2PND2r0EKz%2BaWMbrXswEaj2kjwx09pTJANR5arO0I9c2RelyrURJyvI%2FZ8OwnG99VyxbE2scovqFvxwhmhXr1KDOxpRle3VOJSpxXtFaDjv2TSSbtqGkIj4T51u58xasM4KbZUpapu5OQ5ENf%2FSMADW4DHmCrSQJ14SgVbNtrazlgwdph5p0AKax1l0Bw7j0jz2SGT9C5HMnzVyZdV59G6paFrgLqvtGuXdWr4VeJt2tPVftjki2S0LpmpTAacYMTeiz0JRvAUI2MTy5coFmozGwP2tYolztMsGb%2Bss8Pp0ZRYy8EsEs78L1J1nDMR5VCJ5yVhSq8JXZA7Misee05vblyt4OMHf9CA4AMzWpe2NbExRxiHuW%2Bkx%2F83vj%2Btrqn1QRG33cQUOn3jl8nfSuSLj5p0K5PYVYnXJu8E7RhAyqpC6J23a%2F8B4qsDAOrIrUYPQAWaYOsjd0i3Q5y49d77RlVc7zyyLJxFNVWLlYCD5BrfOMpyF2f9InowPEQei23xjT4UE0W3dXZP1xhk5wDvQ--zbb2b%2Flld908TQxF--8LcY2kn8%2BBw8bSaDiyP6LQ%3D%3D","Accept":"application/json, text/plain, */*","Connection":"keep-alive","User-Agent":"Mozilla/5.0 (Macintosh; Intel Mac OS X 10_15_7) AppleWebKit/537.36 (KHTML, like Gecko) Chrome/126.0.0.0 Safari/537.36","Referer":"http://localhost:8080/","Sec-Fetch-Site":"same-origin","Sec-Fetch-Dest":"empty","Host":"localhost:8080","Accept-Encoding":"gzip, deflate, br, zstd","Sec-Fetch-Mode":"cors","sec-ch-ua":"\"Not/A)Brand\";v=\"8\", \"Chromium\";v=\"126\", \"Google Chrome\";v=\"126\"","sec-ch-ua-mobile":"?0","Cache-Control":"max-age=0","sec-ch-ua-platform":"\"macOS\"","If-Modified-Since":"0","Accept-Language":"en-US,en;q=0.9"},"path_info":"/api/notification","protocol":"HTTP/1.1","request_method":"GET"},"id":79862,"thread_id":42},{"defined_class":"org.finos.waltz.web.endpoints.auth.JWTAuthenticationFilter","event":"call","id":79866,"lineno":62,"method_id":"handle","parameters":[{"class":"spark.http.matching.RequestWrapper","kind":"req","name":"request","object_id":1428143695,"value":"spark.Request@414df72"},{"class":"spark.http.matching.ResponseWrapper","kind":"req","name":"response","object_id":307432385,"value":"spark.Response@12e770ea"}],"path":"waltz-web/src/main/java/org/finos/waltz/web/endpoints/auth/JWTAuthenticationFilter.java","receiver":{"class":"org.finos.waltz.web.endpoints.auth.JWTAuthenticationFilter","object_id":1016985344,"value":"org.finos.waltz.web.endpoints.auth.JWTAuthenticationFilter@3c9df700"},"static":false,"thread_id":42},{"elapsed":1.61E-5,"event":"return","id":79868,"parent_id":79866,"thread_id":42},{"defined_class":"org.finos.waltz.web.WebUtilities","event":"call","id":79869,"lineno":171,"method_id":"getUsername","parameters":[{"class":"spark.http.matching.RequestWrapper","kind":"req","name":"request","object_id":1428143695,"value":"spark.Request@3a22593f"}],"path":"waltz-web/src/main/java/org/finos/waltz/web/WebUtilities.java","static":true,"thread_id":42},{"defined_class":"org.finos.waltz.web.endpoints.auth.AuthenticationUtilities","event":"call","id":79870,"lineno":37,"method_id":"getUsername","parameters":[{"class":"spark.http.matching.RequestWrapper","kind":"req","name":"request","object_id":1428143695,"value":"spark.Request@3a22593f"}],"path":"waltz-web/src/main/java/org/finos/waltz/web/endpoints/auth/AuthenticationUtilities.java","static":true,"thread_id":42},{"elapsed":4.8E-6,"event":"return","id":79871,"parent_id":79870,"return_value":{"class":"java.lang.String","object_id":2095922165,"value":"anonymous"},"thread_id":42},{"elapsed":1.26E-5,"event":"return","id":79872,"parent_id":79869,"return_value":{"class":"java.lang.String","object_id":2095922165,"value":"anonymous"},"thread_id":42},{"defined_class":"org.finos.waltz.service.notification.NotificationService","event":"call","id":79873,"lineno":53,"method_id":"getNotificationsByUserId","parameters":[{"class":"java.lang.String","kind":"req","name":"userId","object_id":2095922165,"value":"anonymous"}],"path":"waltz-service/src/main/java/org/finos/waltz/service/notification/NotificationService.java","receiver":{"class":"org.finos.waltz.service.notification.NotificationService","object_id":49243463,"value":"org.finos.waltz.service.notification.NotificationService@2ef6547"},"static":false,"thread_id":42},{"defined_class":"org.finos.waltz.data.notification.NotificationDao","event":"call","id":79874,"lineno":69,"method_id":"findNotificationsByUserId","parameters":[{"class":"java.lang.String","kind":"req","name":"userId","object_id":2095922165,"value":"anonymous"}],"path":"waltz-data/src/main/java/org/finos/waltz/data/notification/NotificationDao.java","receiver":{"class":"org.finos.waltz.data.notification.NotificationDao","object_id":2105063410,"value":"org.finos.waltz.data.notification.NotificationDao@7d78b7f2"},"static":false,"thread_id":42},{"defined_class":"org.finos.waltz.common.ListUtilities","event":"call","id":79875,"lineno":59,"method_id":"asList","parameters":[{"class":"[Ljava.lang.String;","kind":"req","name":"ts","object_id":1793519340,"value":"[Ljava.lang.String;@6ae6eeec"}],"path":"waltz-common/src/main/java/org/finos/waltz/common/ListUtilities.java","static":true,"thread_id":42},{"defined_class":"org.finos.waltz.common.ListUtilities","event":"call","id":79876,"lineno":44,"method_id":"newArrayList","parameters":[{"class":"[Ljava.lang.String;","kind":"req","name":"ts","object_id":1793519340,"value":"[Ljava.lang.String;@6ae6eeec"}],"path":"waltz-common/src/main/java/org/finos/waltz/common/ListUtilities.java","static":true,"thread_id":42},{"elapsed":3.6E-6,"event":"return","id":79877,"parent_id":79876,"return_value":{"class":"java.util.ArrayList","object_id":1859112924,"value":"[NOT_STARTED, IN_PROGRESS]"},"thread_id":42},{"elapsed":1.52E-5,"event":"return","id":79878,"parent_id":79875,"return_value":{"class":"java.util.ArrayList","object_id":1859112924,"value":"[NOT_STARTED, IN_PROGRESS]"},"thread_id":42},{"event":"call","id":80006,"sql_query":{"database_type":"PostgreSQL","sql":"select 'ATTESTATION' as \"kind\", count(*) as \"count\" from \"attestation_instance\" join \"attestation_instance_recipient\" on \"attestation_instance_recipient\".\"attestation_instance_id\" = \"attestation_instance\".\"id\" where (\"attestation_instance_recipient\".\"user_id\" = 'anonymous' and \"attestation_instance\".\"attested_at\" is null) union all select 'SURVEY_INSTANCE' as \"kind\", count(*) as \"count\" from \"survey_instance\" join \"survey_instance_recipient\" on \"survey_instance_recipient\".\"survey_instance_id\" = \"survey_instance\".\"id\" join \"person\" on \"person\".\"id\" = \"survey_instance_recipient\".\"person_id\" join \"survey_run\" on \"survey_instance\".\"survey_run_id\" = \"survey_run\".\"id\" join \"survey_template\" on \"survey_run\".\"survey_template_id\" = \"survey_template\".\"id\" where (\"person\".\"email\" = 'anonymous' and \"survey_instance\".\"original_instance_id\" is null and \"survey_instance\".\"status\" in ('NOT_STARTED', 'IN_PROGRESS') and \"survey_template\".\"status\" = 'ACTIVE')"},"thread_id":42},{"elapsed":1.372E-4,"event":"return","id":80010,"parent_id":80006,"thread_id":42},{"defined_class":"org.finos.waltz.service.SlowQueryListener","event":"call","id":80011,"lineno":59,"method_id":"executeStart","parameters":[{"class":"org.jooq.impl.DefaultExecuteContext","kind":"req","name":"ctx","object_id":38799080,"value":"org.jooq.impl.DefaultExecuteContext@25006e8"}],"path":"waltz-service/src/main/java/org/finos/waltz/service/SlowQueryListener.java","receiver":{"class":"org.finos.waltz.service.SlowQueryListener","object_id":1388633466,"value":"org.finos.waltz.service.SlowQueryListener@52c4dd7a"},"static":false,"thread_id":42},{"elapsed":1.82E-5,"event":"return","id":80012,"parent_id":80011,"thread_id":42},{"defined_class":"org.finos.waltz.service.SlowQueryListener","event":"call","id":80066,"lineno":66,"method_id":"executeEnd","parameters":[{"class":"org.jooq.impl.DefaultExecuteContext","kind":"req","name":"ctx","object_id":38799080,"value":"org.jooq.impl.DefaultExecuteContext@25006e8"}],"path":"waltz-service/src/main/java/org/finos/waltz/service/SlowQueryListener.java","receiver":{"class":"org.finos.waltz.service.SlowQueryListener","object_id":1388633466,"value":"org.finos.waltz.service.SlowQueryListener@52c4dd7a"},"static":false,"thread_id":42},{"elapsed":7.8E-6,"event":"return","id":80067,"parent_id":80066,"thread_id":42},{"defined_class":"org.finos.waltz.model.notification.ImmutableNotificationSummary","event":"call","id":80098,"lineno":183,"method_id":"builder","path":"org/finos/waltz/model/notification/ImmutableNotificationSummary.java","static":true,"thread_id":42},{"elapsed":0.0032845,"event":"return","id":80136,"parent_id":80098,"return_value":{"class":"org.finos.waltz.model.notification.ImmutableNotificationSummary$Builder","object_id":1266359042,"value":"org.finos.waltz.model.notification.ImmutableNotificationSummary$Builder@4b7b1b02"},"thread_id":42},{"defined_class":"org.finos.waltz.model.EntityKind","event":"call","id":80137,"lineno":21,"method_id":"valueOf","parameters":[{"class":"java.lang.String","kind":"req","name":"name","object_id":375238357,"value":"ATTESTATION"}],"path":"waltz-model/src/main/java/org/finos/waltz/model/EntityKind.java","static":true,"thread_id":42},{"elapsed":1.07E-5,"event":"return","id":80139,"parent_id":80137,"return_value":{"class":"org.finos.waltz.model.EntityKind","object_id":296804442,"value":"ATTESTATION"},"thread_id":42},{"defined_class":"org.finos.waltz.model.notification.ImmutableNotificationSummary$Builder","event":"call","id":80140,"lineno":226,"method_id":"kind","parameters":[{"class":"org.finos.waltz.model.EntityKind","kind":"req","name":"kind","object_id":296804442,"value":"ATTESTATION"}],"path":"org/finos/waltz/model/notification/ImmutableNotificationSummary.java","receiver":{"class":"org.finos.waltz.model.notification.ImmutableNotificationSummary$Builder","object_id":1266359042,"value":"org.finos.waltz.model.notification.ImmutableNotificationSummary$Builder@4b7b1b02"},"static":false,"thread_id":42},{"elapsed":2.28E-5,"event":"return","id":80143,"parent_id":80140,"return_value":{"class":"org.finos.waltz.model.notification.ImmutableNotificationSummary$Builder","object_id":1266359042,"value":"org.finos.waltz.model.notification.ImmutableNotificationSummary$Builder@4b7b1b02"},"thread_id":42},{"defined_class":"org.finos.waltz.model.notification.ImmutableNotificationSummary$Builder","event":"call","id":80154,"lineno":238,"method_id":"count","parameters":[{"class":"java.lang.Integer","kind":"req","name":"count","object_id":359580915,"value":"0"}],"path":"org/finos/waltz/model/notification/ImmutableNotificationSummary.java","receiver":{"class":"org.finos.waltz.model.notification.ImmutableNotificationSummary$Builder","object_id":1266359042,"value":"org.finos.waltz.model.notification.ImmutableNotificationSummary$Builder@4b7b1b02"},"static":false,"thread_id":42},{"elapsed":1.86E-5,"event":"return","id":80156,"parent_id":80154,"return_value":{"class":"org.finos.waltz.model.notification.ImmutableNotificationSummary$Builder","object_id":1266359042,"value":"org.finos.waltz.model.notification.ImmutableNotificationSummary$Builder@4b7b1b02"},"thread_id":42},{"defined_class":"org.finos.waltz.model.notification.ImmutableNotificationSummary$Builder","event":"call","id":80157,"lineno":249,"method_id":"build","path":"org/finos/waltz/model/notification/ImmutableNotificationSummary.java","receiver":{"class":"org.finos.waltz.model.notification.ImmutableNotificationSummary$Builder","object_id":1266359042,"value":"org.finos.waltz.model.notification.ImmutableNotificationSummary$Builder@4b7b1b02"},"static":false,"thread_id":42},{"elapsed":1.262E-4,"event":"return","id":80161,"parent_id":80157,"return_value":{"class":"org.finos.waltz.model.notification.ImmutableNotificationSummary","object_id":324387778,"value":"NotificationSummary{kind=ATTESTATION, count=0}"},"thread_id":42},{"defined_class":"org.finos.waltz.model.notification.ImmutableNotificationSummary","event":"call","id":80163,"lineno":183,"method_id":"builder","path":"org/finos/waltz/model/notification/ImmutableNotificationSummary.java","static":true,"thread_id":42},{"elapsed":9.0E-6,"event":"return","id":80165,"parent_id":80163,"return_value":{"class":"org.finos.waltz.model.notification.ImmutableNotificationSummary$Builder","object_id":6650273,"value":"org.finos.waltz.model.notification.ImmutableNotificationSummary$Builder@6579a1"},"thread_id":42},{"defined_class":"org.finos.waltz.model.EntityKind","event":"call","id":80166,"lineno":21,"method_id":"valueOf","parameters":[{"class":"java.lang.String","kind":"req","name":"name","object_id":2075481214,"value":"SURVEY_INSTANCE"}],"path":"waltz-model/src/main/java/org/finos/waltz/model/EntityKind.java","static":true,"thread_id":42},{"elapsed":6.5E-6,"event":"return","id":80167,"parent_id":80166,"return_value":{"class":"org.finos.waltz.model.EntityKind","object_id":2071526485,"value":"SURVEY_INSTANCE"},"thread_id":42},{"defined_class":"org.finos.waltz.model.notification.ImmutableNotificationSummary$Builder","event":"call","id":80169,"lineno":226,"method_id":"kind","parameters":[{"class":"org.finos.waltz.model.EntityKind","kind":"req","name":"kind","object_id":2071526485,"value":"SURVEY_INSTANCE"}],"path":"org/finos/waltz/model/notification/ImmutableNotificationSummary.java","receiver":{"class":"org.finos.waltz.model.notification.ImmutableNotificationSummary$Builder","object_id":6650273,"value":"org.finos.waltz.model.notification.ImmutableNotificationSummary$Builder@6579a1"},"static":false,"thread_id":42},{"elapsed":3.4E-6,"event":"return","id":80170,"parent_id":80169,"return_value":{"class":"org.finos.waltz.model.notification.ImmutableNotificationSummary$Builder","object_id":6650273,"value":"org.finos.waltz.model.notification.ImmutableNotificationSummary$Builder@6579a1"},"thread_id":42},{"defined_class":"org.finos.waltz.model.notification.ImmutableNotificationSummary$Builder","event":"call","id":80171,"lineno":238,"method_id":"count","parameters":[{"class":"java.lang.Integer","kind":"req","name":"count","object_id":359580915,"value":"0"}],"path":"org/finos/waltz/model/notification/ImmutableNotificationSummary.java","receiver":{"class":"org.finos.waltz.model.notification.ImmutableNotificationSummary$Builder","object_id":6650273,"value":"org.finos.waltz.model.notification.ImmutableNotificationSummary$Builder@6579a1"},"static":false,"thread_id":42},{"elapsed":2.97E-5,"event":"return","id":80174,"parent_id":80171,"return_value":{"class":"org.finos.waltz.model.notification.ImmutableNotificationSummary$Builder","object_id":6650273,"value":"org.finos.waltz.model.notification.ImmutableNotificationSummary$Builder@6579a1"},"thread_id":42},{"defined_class":"org.finos.waltz.model.notification.ImmutableNotificationSummary$Builder","event":"call","id":80175,"lineno":249,"method_id":"build","path":"org/finos/waltz/model/notification/ImmutableNotificationSummary.java","receiver":{"class":"org.finos.waltz.model.notification.ImmutableNotificationSummary$Builder","object_id":6650273,"value":"org.finos.waltz.model.notification.ImmutableNotificationSummary$Builder@6579a1"},"static":false,"thread_id":42},{"elapsed":5.4E-6,"event":"return","id":80176,"parent_id":80175,"return_value":{"class":"org.finos.waltz.model.notification.ImmutableNotificationSummary","object_id":1838270818,"value":"NotificationSummary{kind=SURVEY_INSTANCE, count=0}"},"thread_id":42},{"elapsed":0.0103548,"event":"return","id":80179,"parent_id":79874,"return_value":{"class":"java.util.ArrayList","object_id":1357339841,"value":"[NotificationSummary{kind=ATTESTATION, count=0}, NotificationSummary{kind=SURVEY_INSTANCE, count=0}]"},"thread_id":42},{"defined_class":"org.finos.waltz.service.settings.SettingsService","event":"call","id":80180,"lineno":83,"method_id":"getValue","parameters":[{"class":"java.lang.String","kind":"req","name":"name","object_id":883419630,"value":"ui.banner.notification.text"}],"path":"waltz-service/src/main/java/org/finos/waltz/service/settings/SettingsService.java","receiver":{"class":"org.finos.waltz.service.settings.SettingsService","object_id":1029788282,"value":"org.finos.waltz.service.settings.SettingsService@3d61527a"},"static":false,"thread_id":42},{"defined_class":"org.finos.waltz.service.settings.SettingsService","event":"call","id":80181,"lineno":71,"method_id":"getByName","parameters":[{"class":"java.lang.String","kind":"req","name":"name","object_id":883419630,"value":"ui.banner.notification.text"}],"path":"waltz-service/src/main/java/org/finos/waltz/service/settings/SettingsService.java","receiver":{"class":"org.finos.waltz.service.settings.SettingsService","object_id":1029788282,"value":"org.finos.waltz.service.settings.SettingsService@3d61527a"},"static":false,"thread_id":42},{"defined_class":"org.finos.waltz.data.settings.SettingsDao","event":"call","id":80182,"lineno":70,"method_id":"getByName","parameters":[{"class":"java.lang.String","kind":"req","name":"name","object_id":883419630,"value":"ui.banner.notification.text"}],"path":"waltz-data/src/main/java/org/finos/waltz/data/settings/SettingsDao.java","receiver":{"class":"org.finos.waltz.data.settings.SettingsDao","object_id":1890084056,"value":"org.finos.waltz.data.settings.SettingsDao@70a864d8"},"static":false,"thread_id":42},{"defined_class":"org.finos.waltz.schema.tables.Settings","event":"call","id":80184,"lineno":148,"method_id":"fieldsRow","path":"org/finos/waltz/schema/tables/Settings.java","receiver":{"class":"org.finos.waltz.schema.tables.Settings","object_id":1502228925,"value":"\"settings\""},"static":false,"thread_id":42},{"elapsed":1.24E-5,"event":"return","id":80186,"parent_id":80184,"return_value":{"class":"org.jooq.impl.RowImpl","object_id":2070187789,"value":"(\"settings\".\"name\", \"settings\".\"value\", \"settings\".\"restricted\", \"settings\".\"description\")"},"thread_id":42},{"event":"call","id":80190,"sql_query":{"database_type":"PostgreSQL","sql":"select \"settings\".\"name\", \"settings\".\"value\", \"settings\".\"restricted\", \"settings\".\"description\" from \"settings\" where \"settings\".\"name\" = ?"},"thread_id":42},{"elapsed":2.21E-5,"event":"return","id":80194,"parent_id":80190,"thread_id":42},{"defined_class":"org.finos.waltz.service.SlowQueryListener","event":"call","id":80196,"lineno":59,"method_id":"executeStart","parameters":[{"class":"org.jooq.impl.DefaultExecuteContext","kind":"req","name":"ctx","object_id":706949819,"value":"org.jooq.impl.DefaultExecuteContext@2a2332bb"}],"path":"waltz-service/src/main/java/org/finos/waltz/service/SlowQueryListener.java","receiver":{"class":"org.finos.waltz.service.SlowQueryListener","object_id":1388633466,"value":"org.finos.waltz.service.SlowQueryListener@52c4dd7a"},"static":false,"thread_id":42},{"elapsed":1.12E-5,"event":"return","id":80197,"parent_id":80196,"thread_id":42},{"defined_class":"org.finos.waltz.service.SlowQueryListener","event":"call","id":80214,"lineno":66,"method_id":"executeEnd","parameters":[{"class":"org.jooq.impl.DefaultExecuteContext","kind":"req","name":"ctx","object_id":706949819,"value":"org.jooq.impl.DefaultExecuteContext@2a2332bb"}],"path":"waltz-service/src/main/java/org/finos/waltz/service/SlowQueryListener.java","receiver":{"class":"org.finos.waltz.service.SlowQueryListener","object_id":1388633466,"value":"org.finos.waltz.service.SlowQueryListener@52c4dd7a"},"static":false,"thread_id":42},{"elapsed":1.38E-5,"event":"return","id":80215,"parent_id":80214,"thread_id":42},{"elapsed":4.075E-4,"event":"return","id":80216,"parent_id":80182,"thread_id":42},{"elapsed":4.301E-4,"event":"return","id":80217,"parent_id":80181,"thread_id":42},{"elapsed":4.388E-4,"event":"return","id":80218,"parent_id":80180,"return_value":{"class":"java.util.Optional","object_id":1970448387,"value":"Optional.empty"},"thread_id":42},{"defined_class":"org.finos.waltz.model.notification.ImmutableNotificationResponse","event":"call","id":80220,"lineno":213,"method_id":"builder","path":"org/finos/waltz/model/notification/ImmutableNotificationResponse.java","static":true,"thread_id":42},{"elapsed":0.0010926,"event":"return","id":80239,"parent_id":80220,"return_value":{"class":"org.finos.waltz.model.notification.ImmutableNotificationResponse$Builder","object_id":1641779861,"value":"org.finos.waltz.model.notification.ImmutableNotificationResponse$Builder@61db9295"},"thread_id":42},{"defined_class":"org.finos.waltz.model.notification.ImmutableNotificationResponse$Builder","event":"call","id":80242,"lineno":279,"method_id":"summary","parameters":[{"class":"java.util.ArrayList","kind":"req","name":"elements","object_id":1357339841,"value":"[NotificationSummary{kind=ATTESTATION, count=0}, NotificationSummary{kind=SURVEY_INSTANCE, count=0}]"}],"path":"org/finos/waltz/model/notification/ImmutableNotificationResponse.java","receiver":{"class":"org.finos.waltz.model.notification.ImmutableNotificationResponse$Builder","object_id":1641779861,"value":"org.finos.waltz.model.notification.ImmutableNotificationResponse$Builder@61db9295"},"static":false,"thread_id":42},{"defined_class":"org.finos.waltz.model.notification.ImmutableNotificationResponse$Builder","event":"call","id":80244,"lineno":289,"method_id":"addAllSummary","parameters":[{"class":"java.util.ArrayList","kind":"req","name":"elements","object_id":1357339841,"value":"[NotificationSummary{kind=ATTESTATION, count=0}, NotificationSummary{kind=SURVEY_INSTANCE, count=0}]"}],"path":"org/finos/waltz/model/notification/ImmutableNotificationResponse.java","receiver":{"class":"org.finos.waltz.model.notification.ImmutableNotificationResponse$Builder","object_id":1641779861,"value":"org.finos.waltz.model.notification.ImmutableNotificationResponse$Builder@61db9295"},"static":false,"thread_id":42},{"elapsed":4.3E-5,"event":"return","id":80249,"parent_id":80244,"return_value":{"class":"org.finos.waltz.model.notification.ImmutableNotificationResponse$Builder","object_id":1641779861,"value":"org.finos.waltz.model.notification.ImmutableNotificationResponse$Builder@61db9295"},"thread_id":42},{"elapsed":5.32E-5,"event":"return","id":80250,"parent_id":80242,"return_value":{"class":"org.finos.waltz.model.notification.ImmutableNotificationResponse$Builder","object_id":1641779861,"value":"org.finos.waltz.model.notification.ImmutableNotificationResponse$Builder@61db9295"},"thread_id":42},{"defined_class":"org.finos.waltz.model.notification.ImmutableNotificationResponse$Builder","event":"call","id":80252,"lineno":312,"method_id":"message","parameters":[{"class":"java.util.Optional","kind":"req","name":"message","object_id":1970448387,"value":"Optional.empty"}],"path":"org/finos/waltz/model/notification/ImmutableNotificationResponse.java","receiver":{"class":"org.finos.waltz.model.notification.ImmutableNotificationResponse$Builder","object_id":1641779861,"value":"org.finos.waltz.model.notification.ImmutableNotificationResponse$Builder@61db9295"},"static":false,"thread_id":42},{"elapsed":3.35E-5,"event":"return","id":80255,"parent_id":80252,"return_value":{"class":"org.finos.waltz.model.notification.ImmutableNotificationResponse$Builder","object_id":1641779861,"value":"org.finos.waltz.model.notification.ImmutableNotificationResponse$Builder@61db9295"},"thread_id":42},{"defined_class":"org.finos.waltz.model.notification.ImmutableNotificationResponse$Builder","event":"call","id":80257,"lineno":322,"method_id":"build","path":"org/finos/waltz/model/notification/ImmutableNotificationResponse.java","receiver":{"class":"org.finos.waltz.model.notification.ImmutableNotificationResponse$Builder","object_id":1641779861,"value":"org.finos.waltz.model.notification.ImmutableNotificationResponse$Builder@61db9295"},"static":false,"thread_id":42},{"defined_class":"org.finos.waltz.model.notification.ImmutableNotificationResponse","event":"call","id":80262,"lineno":344,"method_id":"createUnmodifiableList","parameters":[{"class":"java.lang.Boolean","kind":"req","name":"clone","object_id":1741409773,"value":"true"},{"class":"java.util.ArrayList","kind":"req","name":"list","object_id":730389043,"value":"[NotificationSummary{kind=ATTESTATION, count=0}, NotificationSummary{kind=SURVEY_INSTANCE, count=0}]"}],"path":"org/finos/waltz/model/notification/ImmutableNotificationResponse.java","static":true,"thread_id":42},{"elapsed":5.839E-4,"event":"return","id":80294,"parent_id":80262,"return_value":{"class":"java.util.Collections$UnmodifiableRandomAccessList","object_id":953768720,"value":"[NotificationSummary{kind=ATTESTATION, count=0}, NotificationSummary{kind=SURVEY_INSTANCE, count=0}]"},"thread_id":42},{"elapsed":6.418E-4,"event":"return","id":80295,"parent_id":80257,"return_value":{"class":"org.finos.waltz.model.notification.ImmutableNotificationResponse","object_id":1068671080,"value":"NotificationResponse{summary=[NotificationSummary{kind=ATTESTATION, count=0}, NotificationSummary{kind=SURVEY_INSTANCE, count=0}]}"},"thread_id":42},{"elapsed":0.0127272,"event":"return","id":80297,"parent_id":79873,"return_value":{"class":"org.finos.waltz.model.notification.ImmutableNotificationResponse","object_id":1068671080,"value":"NotificationResponse{summary=[NotificationSummary{kind=ATTESTATION, count=0}, NotificationSummary{kind=SURVEY_INSTANCE, count=0}]}"},"thread_id":42},{"defined_class":"org.finos.waltz.model.notification.ImmutableNotificationResponse","event":"call","id":80319,"lineno":43,"method_id":"summary","path":"org/finos/waltz/model/notification/ImmutableNotificationResponse.java","receiver":{"class":"org.finos.waltz.model.notification.ImmutableNotificationResponse","object_id":1068671080,"value":"NotificationResponse{summary=[NotificationSummary{kind=ATTESTATION, count=0}, NotificationSummary{kind=SURVEY_INSTANCE, count=0}]}"},"static":false,"thread_id":42},{"elapsed":5.1E-5,"event":"return","id":80323,"parent_id":80319,"return_value":{"class":"java.util.Collections$UnmodifiableRandomAccessList","object_id":953768720,"value":"[NotificationSummary{kind=ATTESTATION, count=0}, NotificationSummary{kind=SURVEY_INSTANCE, count=0}]"},"thread_id":42},{"defined_class":"org.finos.waltz.model.notification.ImmutableNotificationSummary","event":"call","id":80406,"lineno":37,"method_id":"kind","path":"org/finos/waltz/model/notification/ImmutableNotificationSummary.java","receiver":{"class":"org.finos.waltz.model.notification.ImmutableNotificationSummary","object_id":324387778,"value":"NotificationSummary{kind=ATTESTATION, count=0}"},"static":false,"thread_id":42},{"elapsed":2.02E-5,"event":"return","id":80410,"parent_id":80406,"return_value":{"class":"org.finos.waltz.model.EntityKind","object_id":296804442,"value":"ATTESTATION"},"thread_id":42},{"defined_class":"org.finos.waltz.model.notification.ImmutableNotificationSummary","event":"call","id":80411,"lineno":46,"method_id":"count","path":"org/finos/waltz/model/notification/ImmutableNotificationSummary.java","receiver":{"class":"org.finos.waltz.model.notification.ImmutableNotificationSummary","object_id":324387778,"value":"NotificationSummary{kind=ATTESTATION, count=0}"},"static":false,"thread_id":42},{"elapsed":4.3E-6,"event":"return","id":80413,"parent_id":80411,"return_value":{"class":"java.lang.Integer","object_id":359580915,"value":"0"},"thread_id":42},{"defined_class":"org.finos.waltz.model.notification.ImmutableNotificationSummary","event":"call","id":80421,"lineno":37,"method_id":"kind","path":"org/finos/waltz/model/notification/ImmutableNotificationSummary.java","receiver":{"class":"org.finos.waltz.model.notification.ImmutableNotificationSummary","object_id":1838270818,"value":"NotificationSummary{kind=SURVEY_INSTANCE, count=0}"},"static":false,"thread_id":42},{"elapsed":3.19E-5,"event":"return","id":80424,"parent_id":80421,"return_value":{"class":"org.finos.waltz.model.EntityKind","object_id":2071526485,"value":"SURVEY_INSTANCE"},"thread_id":42},{"defined_class":"org.finos.waltz.model.notification.ImmutableNotificationSummary","event":"call","id":80426,"lineno":46,"method_id":"count","path":"org/finos/waltz/model/notification/ImmutableNotificationSummary.java","receiver":{"class":"org.finos.waltz.model.notification.ImmutableNotificationSummary","object_id":1838270818,"value":"NotificationSummary{kind=SURVEY_INSTANCE, count=0}"},"static":false,"thread_id":42},{"elapsed":6.12E-5,"event":"return","id":80429,"parent_id":80426,"return_value":{"class":"java.lang.Integer","object_id":359580915,"value":"0"},"thread_id":42},{"defined_class":"org.finos.waltz.model.notification.ImmutableNotificationResponse","event":"call","id":80434,"lineno":52,"method_id":"message","path":"org/finos/waltz/model/notification/ImmutableNotificationResponse.java","receiver":{"class":"org.finos.waltz.model.notification.ImmutableNotificationResponse","object_id":1068671080,"value":"NotificationResponse{summary=[NotificationSummary{kind=ATTESTATION, count=0}, NotificationSummary{kind=SURVEY_INSTANCE, count=0}]}"},"static":false,"thread_id":42},{"elapsed":1.83E-5,"event":"return","id":80437,"parent_id":80434,"return_value":{"class":"java.util.Optional","object_id":1970448387,"value":"Optional.empty"},"thread_id":42},{"elapsed":0.0146314,"event":"return","http_server_response":{"headers":{"Access-Control-Expose-Headers":"*","Access-Control-Allow-Origin":"*","Date":"Tue, 23 Jul 2024 16:28:08 GMT","Content-Type":"application/json"},"status":200},"id":80452,"parent_id":79862,"thread_id":42}],"classMap":[{"children":[{"children":[{"children":[{"children":[{"children":[{"children":[{"labels":[],"location":"waltz-data/src/main/java/org/finos/waltz/data/notification/NotificationDao.java:69","name":"findNotificationsByUserId","static":false,"type":"function"}],"location":"waltz-data/src/main/java/org/finos/waltz/data/notification/NotificationDao.java","name":"NotificationDao","static":false,"type":"class"}],"name":"notification","type":"package"},{"children":[{"children":[{"labels":[],"location":"waltz-data/src/main/java/org/finos/waltz/data/settings/SettingsDao.java:70","name":"getByName","static":false,"type":"function"}],"location":"waltz-data/src/main/java/org/finos/waltz/data/settings/SettingsDao.java","name":"SettingsDao","static":false,"type":"class"}],"name":"settings","type":"package"}],"name":"data","type":"package"},{"children":[{"children":[{"labels":[],"location":"waltz-common/src/main/java/org/finos/waltz/common/ListUtilities.java:44","name":"newArrayList","static":true,"type":"function"},{"labels":[],"location":"waltz-common/src/main/java/org/finos/waltz/common/ListUtilities.java:59","name":"asList","static":true,"type":"function"}],"location":"waltz-common/src/main/java/org/finos/waltz/common/ListUtilities.java","name":"ListUtilities","static":false,"type":"class"}],"name":"common","type":"package"},{"children":[{"children":[{"children":[{"labels":[],"location":"org/finos/waltz/model/notification/ImmutableNotificationResponse.java:213","name":"builder","static":true,"type":"function"},{"labels":[],"location":"org/finos/waltz/model/notification/ImmutableNotificationResponse.java:344","name":"createUnmodifiableList","static":true,"type":"function"},{"labels":[],"location":"org/finos/waltz/model/notification/ImmutableNotificationResponse.java:52","name":"message","static":false,"type":"function"},{"labels":[],"location":"org/finos/waltz/model/notification/ImmutableNotificationResponse.java:43","name":"summary","static":false,"type":"function"}],"location":"org/finos/waltz/model/notification/ImmutableNotificationResponse.java","name":"ImmutableNotificationResponse","static":false,"type":"class"},{"children":[{"labels":[],"location":"org/finos/waltz/model/notification/ImmutableNotificationResponse.java:289","name":"addAllSummary","static":false,"type":"function"},{"labels":[],"location":"org/finos/waltz/model/notification/ImmutableNotificationResponse.java:312","name":"message","static":false,"type":"function"},{"labels":[],"location":"org/finos/waltz/model/notification/ImmutableNotificationResponse.java:322","name":"build","static":false,"type":"function"},{"labels":[],"location":"org/finos/waltz/model/notification/ImmutableNotificationResponse.java:279","name":"summary","static":false,"type":"function"}],"location":"org/finos/waltz/model/notification/ImmutableNotificationResponse.java","name":"ImmutableNotificationResponse$Builder","static":true,"type":"class"},{"children":[{"labels":[],"location":"org/finos/waltz/model/notification/ImmutableNotificationSummary.java:183","name":"builder","static":true,"type":"function"},{"labels":[],"location":"org/finos/waltz/model/notification/ImmutableNotificationSummary.java:46","name":"count","static":false,"type":"function"},{"labels":[],"location":"org/finos/waltz/model/notification/ImmutableNotificationSummary.java:37","name":"kind","static":false,"type":"function"}],"location":"org/finos/waltz/model/notification/ImmutableNotificationSummary.java","name":"ImmutableNotificationSummary","static":false,"type":"class"},{"children":[{"labels":[],"location":"org/finos/waltz/model/notification/ImmutableNotificationSummary.java:226","name":"kind","static":false,"type":"function"},{"labels":[],"location":"org/finos/waltz/model/notification/ImmutableNotificationSummary.java:238","name":"count","static":false,"type":"function"},{"labels":[],"location":"org/finos/waltz/model/notification/ImmutableNotificationSummary.java:249","name":"build","static":false,"type":"function"}],"location":"org/finos/waltz/model/notification/ImmutableNotificationSummary.java","name":"ImmutableNotificationSummary$Builder","static":true,"type":"class"}],"name":"notification","type":"package"},{"children":[{"labels":[],"location":"waltz-model/src/main/java/org/finos/waltz/model/EntityKind.java:21","name":"valueOf","static":true,"type":"function"}],"location":"waltz-model/src/main/java/org/finos/waltz/model/EntityKind.java","name":"EntityKind","static":false,"type":"class"}],"name":"model","type":"package"},{"children":[{"children":[{"children":[{"labels":[],"location":"waltz-service/src/main/java/org/finos/waltz/service/notification/NotificationService.java:53","name":"getNotificationsByUserId","static":false,"type":"function"}],"location":"waltz-service/src/main/java/org/finos/waltz/service/notification/NotificationService.java","name":"NotificationService","static":false,"type":"class"}],"name":"notification","type":"package"},{"children":[{"children":[{"labels":[],"location":"waltz-service/src/main/java/org/finos/waltz/service/settings/SettingsService.java:71","name":"getByName","static":false,"type":"function"},{"labels":[],"location":"waltz-service/src/main/java/org/finos/waltz/service/settings/SettingsService.java:83","name":"getValue","static":false,"type":"function"}],"location":"waltz-service/src/main/java/org/finos/waltz/service/settings/SettingsService.java","name":"SettingsService","static":false,"type":"class"}],"name":"settings","type":"package"},{"children":[{"labels":[],"location":"waltz-service/src/main/java/org/finos/waltz/service/SlowQueryListener.java:59","name":"executeStart","static":false,"type":"function"},{"labels":[],"location":"waltz-service/src/main/java/org/finos/waltz/service/SlowQueryListener.java:66","name":"executeEnd","static":false,"type":"function"}],"location":"waltz-service/src/main/java/org/finos/waltz/service/SlowQueryListener.java","name":"SlowQueryListener","static":false,"type":"class"}],"name":"service","type":"package"},{"children":[{"children":[{"children":[{"children":[{"labels":[],"location":"waltz-web/src/main/java/org/finos/waltz/web/endpoints/auth/JWTAuthenticationFilter.java:62","name":"handle","static":false,"type":"function"}],"location":"waltz-web/src/main/java/org/finos/waltz/web/endpoints/auth/JWTAuthenticationFilter.java","name":"JWTAuthenticationFilter","static":false,"type":"class"},{"children":[{"labels":[],"location":"waltz-web/src/main/java/org/finos/waltz/web/endpoints/auth/AuthenticationUtilities.java:37","name":"getUsername","static":true,"type":"function"}],"location":"waltz-web/src/main/java/org/finos/waltz/web/endpoints/auth/AuthenticationUtilities.java","name":"AuthenticationUtilities","static":false,"type":"class"}],"name":"auth","type":"package"}],"name":"endpoints","type":"package"},{"children":[{"labels":[],"location":"waltz-web/src/main/java/org/finos/waltz/web/WebUtilities.java:171","name":"getUsername","static":true,"type":"function"}],"location":"waltz-web/src/main/java/org/finos/waltz/web/WebUtilities.java","name":"WebUtilities","static":false,"type":"class"}],"name":"web","type":"package"},{"children":[{"children":[{"children":[{"labels":[],"location":"org/finos/waltz/schema/tables/Settings.java:148","name":"fieldsRow","static":false,"type":"function"}],"location":"org/finos/waltz/schema/tables/Settings.java","name":"Settings","static":false,"type":"class"}],"name":"tables","type":"package"}],"name":"schema","type":"package"}],"name":"waltz","type":"package"}],"name":"finos","type":"package"}],"name":"org","type":"package"}],"version":"1.2","metadata":{"name":"GET /api/notification (200) - 16:28:08.257","app":"waltz","language":{"name":"java","version":"17.0.8+9-LTS-211","engine":"Java HotSpot(TM) 64-Bit Server VM"},"client":{"name":"appmap-java","url":"https://github.com/appland/appmap-java"},"recorder":{"name":"request_recording","type":"requests"},"recording":{},"git":{"repository":"git@github.com:land-of-apps/waltz.git","branch":"master","commit":"dde8a3935468f53fce15c81945a61208a9a291f3"}},"eventUpdates":{}}