{"events":[{"event":"call","http_server_request":{"headers":{"Cookie":"appland_session=bFU5p0cvqrcXlz2oQfgEZG3%2BQjfds2AwmlOA%2Fx5fhQLjPvVHIKrHyvnbeq5nw8c5sME56znPsnpSSzB3nr%2BHfdk9sEC9MgOgNKjgjD8qlzGqDVuwRPr30ch96LWGIDwuITrAUwQGqlUw7%2Fdsq0tjrfHFPTlemq71kQtCAIi9JTRWo5tLPJlG%2F9JtfTuiWIfWg8X67ZkAOuaapIHdaA5w5QtwMr7h34LfseImCERQpzoz9xTqJYqSi2SJ9RE1eVw2jyYFG9IGPA4d1USUIXvAmeaMOQ9Z%2BDmKhiIRXve6%2BzO47%2F2RW1kaH2PND2r0EKz%2BaWMbrXswEaj2kjwx09pTJANR5arO0I9c2RelyrURJyvI%2FZ8OwnG99VyxbE2scovqFvxwhmhXr1KDOxpRle3VOJSpxXtFaDjv2TSSbtqGkIj4T51u58xasM4KbZUpapu5OQ5ENf%2FSMADW4DHmCrSQJ14SgVbNtrazlgwdph5p0AKax1l0Bw7j0jz2SGT9C5HMnzVyZdV59G6paFrgLqvtGuXdWr4VeJt2tPVftjki2S0LpmpTAacYMTeiz0JRvAUI2MTy5coFmozGwP2tYolztMsGb%2Bss8Pp0ZRYy8EsEs78L1J1nDMR5VCJ5yVhSq8JXZA7Misee05vblyt4OMHf9CA4AMzWpe2NbExRxiHuW%2Bkx%2F83vj%2Btrqn1QRG33cQUOn3jl8nfSuSLj5p0K5PYVYnXJu8E7RhAyqpC6J23a%2F8B4qsDAOrIrUYPQAWaYOsjd0i3Q5y49d77RlVc7zyyLJxFNVWLlYCD5BrfOMpyF2f9InowPEQei23xjT4UE0W3dXZP1xhk5wDvQ--zbb2b%2Flld908TQxF--8LcY2kn8%2BBw8bSaDiyP6LQ%3D%3D","Accept":"application/json, text/plain, */*","Connection":"keep-alive","User-Agent":"Mozilla/5.0 (Macintosh; Intel Mac OS X 10_15_7) AppleWebKit/537.36 (KHTML, like Gecko) Chrome/126.0.0.0 Safari/537.36","Referer":"http://localhost:8080/org-units/10","Sec-Fetch-Site":"same-origin","Sec-Fetch-Dest":"empty","Host":"localhost:8080","Accept-Encoding":"gzip, deflate, br, zstd","Sec-Fetch-Mode":"cors","sec-ch-ua":"\"Not/A)Brand\";v=\"8\", \"Chromium\";v=\"126\", \"Google Chrome\";v=\"126\"","sec-ch-ua-mobile":"?0","Cache-Control":"max-age=0","sec-ch-ua-platform":"\"macOS\"","If-Modified-Since":"0","Accept-Language":"en-US,en;q=0.9"},"path_info":"/api/end-user-application/count-by/org-unit","protocol":"HTTP/1.1","request_method":"GET"},"id":172213,"thread_id":56},{"defined_class":"org.finos.waltz.web.endpoints.auth.JWTAuthenticationFilter","event":"call","id":172215,"lineno":62,"method_id":"handle","parameters":[{"class":"spark.http.matching.RequestWrapper","kind":"req","name":"request","object_id":1183946707,"value":"spark.Request@4c69fca3"},{"class":"spark.http.matching.ResponseWrapper","kind":"req","name":"response","object_id":1213620593,"value":"spark.Response@96b6b4a"}],"path":"waltz-web/src/main/java/org/finos/waltz/web/endpoints/auth/JWTAuthenticationFilter.java","receiver":{"class":"org.finos.waltz.web.endpoints.auth.JWTAuthenticationFilter","object_id":1016985344,"value":"org.finos.waltz.web.endpoints.auth.JWTAuthenticationFilter@3c9df700"},"static":false,"thread_id":56},{"elapsed":1.76E-5,"event":"return","id":172216,"parent_id":172215,"thread_id":56},{"defined_class":"org.finos.waltz.service.end_user_app.EndUserAppService","event":"call","id":172220,"lineno":102,"method_id":"countByOrgUnitId","path":"waltz-service/src/main/java/org/finos/waltz/service/end_user_app/EndUserAppService.java","receiver":{"class":"org.finos.waltz.service.end_user_app.EndUserAppService","object_id":1114763153,"value":"org.finos.waltz.service.end_user_app.EndUserAppService@4271ef91"},"static":false,"thread_id":56},{"defined_class":"org.finos.waltz.data.end_user_app.EndUserAppDao","event":"call","id":172221,"lineno":77,"method_id":"countByOrganisationalUnit","path":"waltz-data/src/main/java/org/finos/waltz/data/end_user_app/EndUserAppDao.java","receiver":{"class":"org.finos.waltz.data.end_user_app.EndUserAppDao","object_id":482555410,"value":"org.finos.waltz.data.end_user_app.EndUserAppDao@1cc33612"},"static":false,"thread_id":56},{"defined_class":"org.finos.waltz.data.JooqUtilities","event":"call","id":172222,"lineno":218,"method_id":"calculateLongTallies","parameters":[{"class":"org.jooq.impl.DefaultDSLContext","kind":"req","name":"dsl","object_id":1638679238,"value":"DefaultConfiguration [\n\tconnected=true,\n\ttransactional=false,\n\tdialect=POSTGRES,\n\tdata={DATA_CACHE_RECORD_MAPPERS={[\n  \"ou\".\"id\", \n  \"ou\".\"name\", \n  \"ou\".\"description\", \n  \"ou\".\"parent_id\", \n  \"ou\".\"created_at\", \n  \"ou\".\"last_updated_at\", \n  \"ou\".\"external_id\", \n  \"ou\".\"created_by\", \n  \"ou\".\"last_updated_by\", \n  \"ou\".\"provenance\"\n, class org.finos.waltz.schema.tables.records.OrganisationalUnitRecord]=org.jooq.impl.DefaultRecordMapper@4aec07b6, [\n  \"person\".\"id\", \n  \"person\".\"employee_id\", \n  \"person\".\"display_name\", \n  \"person\".\"email\", \n  \"person\".\"user_principal_name\", \n  \"person\".\"department_name\", \n  \"person\".\"kind\", \n  \"person\".\"manager_employee_id\", \n  \"person\".\"title\", \n  \"person\".\"office_phone\", \n  \"person\".\"mobile_phone\", \n  \"person\".\"organisational_unit_id\", \n  \"person\".\"is_removed\"\n, class org.finos.waltz.schema.tables.records.PersonRecord]=org.jooq.impl.DefaultRecordMapper@3d7c0d52, [\n  \"inv_kind\".\"id\", \n  \"inv_kind\".\"description\", \n  \"inv_kind\".\"last_updated_at\", \n  \"inv_kind\".\"last_updated_by..."},{"class":"org.finos.waltz.schema.tables.EndUserApplication","kind":"req","name":"table","object_id":976658207,"value":"\"end_user_application\""},{"class":"org.jooq.impl.TableFieldImpl","kind":"req","name":"fieldToTally","object_id":1728024659,"value":"\"end_user_application\".\"organisational_unit_id\""},{"class":"org.jooq.impl.CombinedCondition","kind":"req","name":"recordsInScopeCondition","object_id":821409905,"value":"(\n  \"end_user_application\".\"is_promoted\" = false\n  and \"end_user_application\".\"lifecycle_phase\" in (\n    'PRODUCTION', 'DEVELOPMENT'\n  )\n)"}],"path":"waltz-data/src/main/java/org/finos/waltz/data/JooqUtilities.java","static":true,"thread_id":56},{"defined_class":"org.finos.waltz.data.JooqUtilities","event":"call","id":172223,"lineno":300,"method_id":"makeTallyQuery","parameters":[{"class":"org.jooq.impl.DefaultDSLContext","kind":"req","name":"dsl","object_id":1638679238,"value":"DefaultConfiguration [\n\tconnected=true,\n\ttransactional=false,\n\tdialect=POSTGRES,\n\tdata={DATA_CACHE_RECORD_MAPPERS={[\n  \"ou\".\"id\", \n  \"ou\".\"name\", \n  \"ou\".\"description\", \n  \"ou\".\"parent_id\", \n  \"ou\".\"created_at\", \n  \"ou\".\"last_updated_at\", \n  \"ou\".\"external_id\", \n  \"ou\".\"created_by\", \n  \"ou\".\"last_updated_by\", \n  \"ou\".\"provenance\"\n, class org.finos.waltz.schema.tables.records.OrganisationalUnitRecord]=org.jooq.impl.DefaultRecordMapper@4aec07b6, [\n  \"person\".\"id\", \n  \"person\".\"employee_id\", \n  \"person\".\"display_name\", \n  \"person\".\"email\", \n  \"person\".\"user_principal_name\", \n  \"person\".\"department_name\", \n  \"person\".\"kind\", \n  \"person\".\"manager_employee_id\", \n  \"person\".\"title\", \n  \"person\".\"office_phone\", \n  \"person\".\"mobile_phone\", \n  \"person\".\"organisational_unit_id\", \n  \"person\".\"is_removed\"\n, class org.finos.waltz.schema.tables.records.PersonRecord]=org.jooq.impl.DefaultRecordMapper@3d7c0d52, [\n  \"inv_kind\".\"id\", \n  \"inv_kind\".\"description\", \n  \"inv_kind\".\"last_updated_at\", \n  \"inv_kind\".\"last_updated_by..."},{"class":"org.finos.waltz.schema.tables.EndUserApplication","kind":"req","name":"table","object_id":976658207,"value":"\"end_user_application\""},{"class":"org.jooq.impl.TableFieldImpl","kind":"req","name":"fieldToTally","object_id":1728024659,"value":"\"end_user_application\".\"organisational_unit_id\""},{"class":"org.jooq.impl.CombinedCondition","kind":"req","name":"recordsInScopeCondition","object_id":821409905,"value":"(\n  \"end_user_application\".\"is_promoted\" = false\n  and \"end_user_application\".\"lifecycle_phase\" in (\n    'PRODUCTION', 'DEVELOPMENT'\n  )\n)"}],"path":"waltz-data/src/main/java/org/finos/waltz/data/JooqUtilities.java","static":true,"thread_id":56},{"elapsed":5.16E-5,"event":"return","id":172224,"parent_id":172223,"return_value":{"class":"org.jooq.impl.SelectImpl","object_id":1133402811,"value":"select \n  \"end_user_application\".\"organisational_unit_id\", \n  count(\"end_user_application\".\"organisational_unit_id\") as \"count\"\nfrom \"end_user_application\"\nwhere ((\"end_user_application\".\"is_promoted\" = false and \"end_user_application\".\"lifecycle_phase\" in ('PRODUCTION', 'DEVELOPMENT')))\ngroup by \"end_user_application\".\"organisational_unit_id\""},"thread_id":56},{"event":"call","id":172249,"sql_query":{"database_type":"PostgreSQL","sql":"select \"end_user_application\".\"organisational_unit_id\", count(\"end_user_application\".\"organisational_unit_id\") as \"count\" from \"end_user_application\" where ((\"end_user_application\".\"is_promoted\" = false and \"end_user_application\".\"lifecycle_phase\" in ('PRODUCTION', 'DEVELOPMENT'))) group by \"end_user_application\".\"organisational_unit_id\""},"thread_id":56},{"elapsed":3.98E-5,"event":"return","id":172261,"parent_id":172249,"thread_id":56},{"defined_class":"org.finos.waltz.service.SlowQueryListener","event":"call","id":172263,"lineno":59,"method_id":"executeStart","parameters":[{"class":"org.jooq.impl.DefaultExecuteContext","kind":"req","name":"ctx","object_id":950593106,"value":"org.jooq.impl.DefaultExecuteContext@38a8e652"}],"path":"waltz-service/src/main/java/org/finos/waltz/service/SlowQueryListener.java","receiver":{"class":"org.finos.waltz.service.SlowQueryListener","object_id":1388633466,"value":"org.finos.waltz.service.SlowQueryListener@52c4dd7a"},"static":false,"thread_id":56},{"elapsed":2.7E-6,"event":"return","id":172264,"parent_id":172263,"thread_id":56},{"defined_class":"org.finos.waltz.service.SlowQueryListener","event":"call","id":172334,"lineno":66,"method_id":"executeEnd","parameters":[{"class":"org.jooq.impl.DefaultExecuteContext","kind":"req","name":"ctx","object_id":950593106,"value":"org.jooq.impl.DefaultExecuteContext@38a8e652"}],"path":"waltz-service/src/main/java/org/finos/waltz/service/SlowQueryListener.java","receiver":{"class":"org.finos.waltz.service.SlowQueryListener","object_id":1388633466,"value":"org.finos.waltz.service.SlowQueryListener@52c4dd7a"},"static":false,"thread_id":56},{"elapsed":1.06E-5,"event":"return","id":172337,"parent_id":172334,"thread_id":56},{"defined_class":"org.finos.waltz.model.tally.ImmutableTally","event":"call","id":172344,"lineno":186,"method_id":"builder","path":"org/finos/waltz/model/tally/ImmutableTally.java","static":true,"thread_id":56},{"elapsed":5.9E-6,"event":"return","id":172347,"parent_id":172344,"return_value":{"class":"org.finos.waltz.model.tally.ImmutableTally$Builder","object_id":1000835328,"value":"org.finos.waltz.model.tally.ImmutableTally$Builder@3ba78900"},"thread_id":56},{"defined_class":"org.finos.waltz.model.tally.ImmutableTally$Builder","event":"call","id":172349,"lineno":241,"method_id":"count","parameters":[{"class":"java.lang.Double","kind":"req","name":"count","object_id":1766102021,"value":"1.0"}],"path":"org/finos/waltz/model/tally/ImmutableTally.java","receiver":{"class":"org.finos.waltz.model.tally.ImmutableTally$Builder","object_id":1000835328,"value":"org.finos.waltz.model.tally.ImmutableTally$Builder@3ba78900"},"static":false,"thread_id":56},{"elapsed":6.2E-6,"event":"return","id":172351,"parent_id":172349,"return_value":{"class":"org.finos.waltz.model.tally.ImmutableTally$Builder","object_id":1000835328,"value":"org.finos.waltz.model.tally.ImmutableTally$Builder@3ba78900"},"thread_id":56},{"defined_class":"org.finos.waltz.model.tally.ImmutableTally$Builder","event":"call","id":172353,"lineno":229,"method_id":"id","parameters":[{"class":"java.lang.Long","kind":"req","name":"id","object_id":1479426068,"value":"230"}],"path":"org/finos/waltz/model/tally/ImmutableTally.java","receiver":{"class":"org.finos.waltz.model.tally.ImmutableTally$Builder","object_id":1000835328,"value":"org.finos.waltz.model.tally.ImmutableTally$Builder@3ba78900"},"static":false,"thread_id":56},{"elapsed":3.7E-6,"event":"return","id":172354,"parent_id":172353,"return_value":{"class":"org.finos.waltz.model.tally.ImmutableTally$Builder","object_id":1000835328,"value":"org.finos.waltz.model.tally.ImmutableTally$Builder@3ba78900"},"thread_id":56},{"defined_class":"org.finos.waltz.model.tally.ImmutableTally$Builder","event":"call","id":172362,"lineno":252,"method_id":"build","path":"org/finos/waltz/model/tally/ImmutableTally.java","receiver":{"class":"org.finos.waltz.model.tally.ImmutableTally$Builder","object_id":1000835328,"value":"org.finos.waltz.model.tally.ImmutableTally$Builder@3ba78900"},"static":false,"thread_id":56},{"elapsed":6.6E-6,"event":"return","id":172364,"parent_id":172362,"return_value":{"class":"org.finos.waltz.model.tally.ImmutableTally","object_id":667658037,"value":"Tally{id=230, count=1.0}"},"thread_id":56},{"defined_class":"org.finos.waltz.model.tally.ImmutableTally","event":"call","id":172366,"lineno":186,"method_id":"builder","path":"org/finos/waltz/model/tally/ImmutableTally.java","static":true,"thread_id":56},{"elapsed":6.1E-6,"event":"return","id":172368,"parent_id":172366,"return_value":{"class":"org.finos.waltz.model.tally.ImmutableTally$Builder","object_id":547603781,"value":"org.finos.waltz.model.tally.ImmutableTally$Builder@20a3c545"},"thread_id":56},{"defined_class":"org.finos.waltz.model.tally.ImmutableTally$Builder","event":"call","id":172370,"lineno":241,"method_id":"count","parameters":[{"class":"java.lang.Double","kind":"req","name":"count","object_id":1829407208,"value":"2.0"}],"path":"org/finos/waltz/model/tally/ImmutableTally.java","receiver":{"class":"org.finos.waltz.model.tally.ImmutableTally$Builder","object_id":547603781,"value":"org.finos.waltz.model.tally.ImmutableTally$Builder@20a3c545"},"static":false,"thread_id":56},{"elapsed":5.9E-6,"event":"return","id":172372,"parent_id":172370,"return_value":{"class":"org.finos.waltz.model.tally.ImmutableTally$Builder","object_id":547603781,"value":"org.finos.waltz.model.tally.ImmutableTally$Builder@20a3c545"},"thread_id":56},{"defined_class":"org.finos.waltz.model.tally.ImmutableTally$Builder","event":"call","id":172374,"lineno":229,"method_id":"id","parameters":[{"class":"java.lang.Long","kind":"req","name":"id","object_id":1192123069,"value":"160"}],"path":"org/finos/waltz/model/tally/ImmutableTally.java","receiver":{"class":"org.finos.waltz.model.tally.ImmutableTally$Builder","object_id":547603781,"value":"org.finos.waltz.model.tally.ImmutableTally$Builder@20a3c545"},"static":false,"thread_id":56},{"elapsed":5.9E-6,"event":"return","id":172376,"parent_id":172374,"return_value":{"class":"org.finos.waltz.model.tally.ImmutableTally$Builder","object_id":547603781,"value":"org.finos.waltz.model.tally.ImmutableTally$Builder@20a3c545"},"thread_id":56},{"defined_class":"org.finos.waltz.model.tally.ImmutableTally$Builder","event":"call","id":172378,"lineno":252,"method_id":"build","path":"org/finos/waltz/model/tally/ImmutableTally.java","receiver":{"class":"org.finos.waltz.model.tally.ImmutableTally$Builder","object_id":547603781,"value":"org.finos.waltz.model.tally.ImmutableTally$Builder@20a3c545"},"static":false,"thread_id":56},{"elapsed":2.576E-4,"event":"return","id":172430,"parent_id":172378,"return_value":{"class":"org.finos.waltz.model.tally.ImmutableTally","object_id":1032240998,"value":"Tally{id=160, count=2.0}"},"thread_id":56},{"defined_class":"org.finos.waltz.model.tally.ImmutableTally","event":"call","id":172431,"lineno":186,"method_id":"builder","path":"org/finos/waltz/model/tally/ImmutableTally.java","static":true,"thread_id":56},{"elapsed":3.1E-6,"event":"return","id":172432,"parent_id":172431,"return_value":{"class":"org.finos.waltz.model.tally.ImmutableTally$Builder","object_id":61983870,"value":"org.finos.waltz.model.tally.ImmutableTally$Builder@3b1cc7e"},"thread_id":56},{"defined_class":"org.finos.waltz.model.tally.ImmutableTally$Builder","event":"call","id":172433,"lineno":241,"method_id":"count","parameters":[{"class":"java.lang.Double","kind":"req","name":"count","object_id":978141225,"value":"1.0"}],"path":"org/finos/waltz/model/tally/ImmutableTally.java","receiver":{"class":"org.finos.waltz.model.tally.ImmutableTally$Builder","object_id":61983870,"value":"org.finos.waltz.model.tally.ImmutableTally$Builder@3b1cc7e"},"static":false,"thread_id":56},{"elapsed":2.2E-6,"event":"return","id":172434,"parent_id":172433,"return_value":{"class":"org.finos.waltz.model.tally.ImmutableTally$Builder","object_id":61983870,"value":"org.finos.waltz.model.tally.ImmutableTally$Builder@3b1cc7e"},"thread_id":56},{"defined_class":"org.finos.waltz.model.tally.ImmutableTally$Builder","event":"call","id":172435,"lineno":229,"method_id":"id","parameters":[{"class":"java.lang.Long","kind":"req","name":"id","object_id":253967983,"value":"280"}],"path":"org/finos/waltz/model/tally/ImmutableTally.java","receiver":{"class":"org.finos.waltz.model.tally.ImmutableTally$Builder","object_id":61983870,"value":"org.finos.waltz.model.tally.ImmutableTally$Builder@3b1cc7e"},"static":false,"thread_id":56},{"elapsed":2.0E-6,"event":"return","id":172436,"parent_id":172435,"return_value":{"class":"org.finos.waltz.model.tally.ImmutableTally$Builder","object_id":61983870,"value":"org.finos.waltz.model.tally.ImmutableTally$Builder@3b1cc7e"},"thread_id":56},{"defined_class":"org.finos.waltz.model.tally.ImmutableTally$Builder","event":"call","id":172437,"lineno":252,"method_id":"build","path":"org/finos/waltz/model/tally/ImmutableTally.java","receiver":{"class":"org.finos.waltz.model.tally.ImmutableTally$Builder","object_id":61983870,"value":"org.finos.waltz.model.tally.ImmutableTally$Builder@3b1cc7e"},"static":false,"thread_id":56},{"elapsed":2.8E-6,"event":"return","id":172438,"parent_id":172437,"return_value":{"class":"org.finos.waltz.model.tally.ImmutableTally","object_id":131517794,"value":"Tally{id=280, count=1.0}"},"thread_id":56},{"defined_class":"org.finos.waltz.model.tally.ImmutableTally","event":"call","id":172439,"lineno":186,"method_id":"builder","path":"org/finos/waltz/model/tally/ImmutableTally.java","static":true,"thread_id":56},{"elapsed":1.05E-5,"event":"return","id":172441,"parent_id":172439,"return_value":{"class":"org.finos.waltz.model.tally.ImmutableTally$Builder","object_id":176763866,"value":"org.finos.waltz.model.tally.ImmutableTally$Builder@a8933da"},"thread_id":56},{"defined_class":"org.finos.waltz.model.tally.ImmutableTally$Builder","event":"call","id":172443,"lineno":241,"method_id":"count","parameters":[{"class":"java.lang.Double","kind":"req","name":"count","object_id":1511356074,"value":"1.0"}],"path":"org/finos/waltz/model/tally/ImmutableTally.java","receiver":{"class":"org.finos.waltz.model.tally.ImmutableTally$Builder","object_id":176763866,"value":"org.finos.waltz.model.tally.ImmutableTally$Builder@a8933da"},"static":false,"thread_id":56},{"elapsed":2.9E-6,"event":"return","id":172444,"parent_id":172443,"return_value":{"class":"org.finos.waltz.model.tally.ImmutableTally$Builder","object_id":176763866,"value":"org.finos.waltz.model.tally.ImmutableTally$Builder@a8933da"},"thread_id":56},{"defined_class":"org.finos.waltz.model.tally.ImmutableTally$Builder","event":"call","id":172452,"lineno":229,"method_id":"id","parameters":[{"class":"java.lang.Long","kind":"req","name":"id","object_id":1288960961,"value":"260"}],"path":"org/finos/waltz/model/tally/ImmutableTally.java","receiver":{"class":"org.finos.waltz.model.tally.ImmutableTally$Builder","object_id":176763866,"value":"org.finos.waltz.model.tally.ImmutableTally$Builder@a8933da"},"static":false,"thread_id":56},{"elapsed":7.5E-6,"event":"return","id":172455,"parent_id":172452,"return_value":{"class":"org.finos.waltz.model.tally.ImmutableTally$Builder","object_id":176763866,"value":"org.finos.waltz.model.tally.ImmutableTally$Builder@a8933da"},"thread_id":56},{"defined_class":"org.finos.waltz.model.tally.ImmutableTally$Builder","event":"call","id":172456,"lineno":252,"method_id":"build","path":"org/finos/waltz/model/tally/ImmutableTally.java","receiver":{"class":"org.finos.waltz.model.tally.ImmutableTally$Builder","object_id":176763866,"value":"org.finos.waltz.model.tally.ImmutableTally$Builder@a8933da"},"static":false,"thread_id":56},{"elapsed":1.27E-5,"event":"return","id":172458,"parent_id":172456,"return_value":{"class":"org.finos.waltz.model.tally.ImmutableTally","object_id":2103411428,"value":"Tally{id=260, count=1.0}"},"thread_id":56},{"defined_class":"org.finos.waltz.model.tally.ImmutableTally","event":"call","id":172460,"lineno":186,"method_id":"builder","path":"org/finos/waltz/model/tally/ImmutableTally.java","static":true,"thread_id":56},{"elapsed":7.3E-6,"event":"return","id":172462,"parent_id":172460,"return_value":{"class":"org.finos.waltz.model.tally.ImmutableTally$Builder","object_id":1040935286,"value":"org.finos.waltz.model.tally.ImmutableTally$Builder@3e0b6976"},"thread_id":56},{"defined_class":"org.finos.waltz.model.tally.ImmutableTally$Builder","event":"call","id":172464,"lineno":241,"method_id":"count","parameters":[{"class":"java.lang.Double","kind":"req","name":"count","object_id":1339750459,"value":"2.0"}],"path":"org/finos/waltz/model/tally/ImmutableTally.java","receiver":{"class":"org.finos.waltz.model.tally.ImmutableTally$Builder","object_id":1040935286,"value":"org.finos.waltz.model.tally.ImmutableTally$Builder@3e0b6976"},"static":false,"thread_id":56},{"elapsed":9.8E-6,"event":"return","id":172467,"parent_id":172464,"return_value":{"class":"org.finos.waltz.model.tally.ImmutableTally$Builder","object_id":1040935286,"value":"org.finos.waltz.model.tally.ImmutableTally$Builder@3e0b6976"},"thread_id":56},{"defined_class":"org.finos.waltz.model.tally.ImmutableTally$Builder","event":"call","id":172469,"lineno":229,"method_id":"id","parameters":[{"class":"java.lang.Long","kind":"req","name":"id","object_id":15041014,"value":"120"}],"path":"org/finos/waltz/model/tally/ImmutableTally.java","receiver":{"class":"org.finos.waltz.model.tally.ImmutableTally$Builder","object_id":1040935286,"value":"org.finos.waltz.model.tally.ImmutableTally$Builder@3e0b6976"},"static":false,"thread_id":56},{"elapsed":1.62E-5,"event":"return","id":172471,"parent_id":172469,"return_value":{"class":"org.finos.waltz.model.tally.ImmutableTally$Builder","object_id":1040935286,"value":"org.finos.waltz.model.tally.ImmutableTally$Builder@3e0b6976"},"thread_id":56},{"defined_class":"org.finos.waltz.model.tally.ImmutableTally$Builder","event":"call","id":172473,"lineno":252,"method_id":"build","path":"org/finos/waltz/model/tally/ImmutableTally.java","receiver":{"class":"org.finos.waltz.model.tally.ImmutableTally$Builder","object_id":1040935286,"value":"org.finos.waltz.model.tally.ImmutableTally$Builder@3e0b6976"},"static":false,"thread_id":56},{"elapsed":4.9E-6,"event":"return","id":172474,"parent_id":172473,"return_value":{"class":"org.finos.waltz.model.tally.ImmutableTally","object_id":478420978,"value":"Tally{id=120, count=2.0}"},"thread_id":56},{"defined_class":"org.finos.waltz.model.tally.ImmutableTally","event":"call","id":172475,"lineno":186,"method_id":"builder","path":"org/finos/waltz/model/tally/ImmutableTally.java","static":true,"thread_id":56},{"elapsed":3.0E-6,"event":"return","id":172476,"parent_id":172475,"return_value":{"class":"org.finos.waltz.model.tally.ImmutableTally$Builder","object_id":500033060,"value":"org.finos.waltz.model.tally.ImmutableTally$Builder@1dcde624"},"thread_id":56},{"defined_class":"org.finos.waltz.model.tally.ImmutableTally$Builder","event":"call","id":172477,"lineno":241,"method_id":"count","parameters":[{"class":"java.lang.Double","kind":"req","name":"count","object_id":2020109362,"value":"1.0"}],"path":"org/finos/waltz/model/tally/ImmutableTally.java","receiver":{"class":"org.finos.waltz.model.tally.ImmutableTally$Builder","object_id":500033060,"value":"org.finos.waltz.model.tally.ImmutableTally$Builder@1dcde624"},"static":false,"thread_id":56},{"elapsed":2.6E-6,"event":"return","id":172478,"parent_id":172477,"return_value":{"class":"org.finos.waltz.model.tally.ImmutableTally$Builder","object_id":500033060,"value":"org.finos.waltz.model.tally.ImmutableTally$Builder@1dcde624"},"thread_id":56},{"defined_class":"org.finos.waltz.model.tally.ImmutableTally$Builder","event":"call","id":172479,"lineno":229,"method_id":"id","parameters":[{"class":"java.lang.Long","kind":"req","name":"id","object_id":1363329029,"value":"40"}],"path":"org/finos/waltz/model/tally/ImmutableTally.java","receiver":{"class":"org.finos.waltz.model.tally.ImmutableTally$Builder","object_id":500033060,"value":"org.finos.waltz.model.tally.ImmutableTally$Builder@1dcde624"},"static":false,"thread_id":56},{"elapsed":2.5E-6,"event":"return","id":172480,"parent_id":172479,"return_value":{"class":"org.finos.waltz.model.tally.ImmutableTally$Builder","object_id":500033060,"value":"org.finos.waltz.model.tally.ImmutableTally$Builder@1dcde624"},"thread_id":56},{"defined_class":"org.finos.waltz.model.tally.ImmutableTally$Builder","event":"call","id":172481,"lineno":252,"method_id":"build","path":"org/finos/waltz/model/tally/ImmutableTally.java","receiver":{"class":"org.finos.waltz.model.tally.ImmutableTally$Builder","object_id":500033060,"value":"org.finos.waltz.model.tally.ImmutableTally$Builder@1dcde624"},"static":false,"thread_id":56},{"elapsed":4.9E-6,"event":"return","id":172482,"parent_id":172481,"return_value":{"class":"org.finos.waltz.model.tally.ImmutableTally","object_id":1617647652,"value":"Tally{id=40, count=1.0}"},"thread_id":56},{"defined_class":"org.finos.waltz.model.tally.ImmutableTally","event":"call","id":172483,"lineno":186,"method_id":"builder","path":"org/finos/waltz/model/tally/ImmutableTally.java","static":true,"thread_id":56},{"elapsed":8.1E-6,"event":"return","id":172485,"parent_id":172483,"return_value":{"class":"org.finos.waltz.model.tally.ImmutableTally$Builder","object_id":1554817108,"value":"org.finos.waltz.model.tally.ImmutableTally$Builder@5caca054"},"thread_id":56},{"defined_class":"org.finos.waltz.model.tally.ImmutableTally$Builder","event":"call","id":172529,"lineno":241,"method_id":"count","parameters":[{"class":"java.lang.Double","kind":"req","name":"count","object_id":782401827,"value":"1.0"}],"path":"org/finos/waltz/model/tally/ImmutableTally.java","receiver":{"class":"org.finos.waltz.model.tally.ImmutableTally$Builder","object_id":1554817108,"value":"org.finos.waltz.model.tally.ImmutableTally$Builder@5caca054"},"static":false,"thread_id":56},{"elapsed":8.8E-6,"event":"return","id":172530,"parent_id":172529,"return_value":{"class":"org.finos.waltz.model.tally.ImmutableTally$Builder","object_id":1554817108,"value":"org.finos.waltz.model.tally.ImmutableTally$Builder@5caca054"},"thread_id":56},{"defined_class":"org.finos.waltz.model.tally.ImmutableTally$Builder","event":"call","id":172531,"lineno":229,"method_id":"id","parameters":[{"class":"java.lang.Long","kind":"req","name":"id","object_id":361787705,"value":"210"}],"path":"org/finos/waltz/model/tally/ImmutableTally.java","receiver":{"class":"org.finos.waltz.model.tally.ImmutableTally$Builder","object_id":1554817108,"value":"org.finos.waltz.model.tally.ImmutableTally$Builder@5caca054"},"static":false,"thread_id":56},{"elapsed":8.1E-6,"event":"return","id":172533,"parent_id":172531,"return_value":{"class":"org.finos.waltz.model.tally.ImmutableTally$Builder","object_id":1554817108,"value":"org.finos.waltz.model.tally.ImmutableTally$Builder@5caca054"},"thread_id":56},{"defined_class":"org.finos.waltz.model.tally.ImmutableTally$Builder","event":"call","id":172534,"lineno":252,"method_id":"build","path":"org/finos/waltz/model/tally/ImmutableTally.java","receiver":{"class":"org.finos.waltz.model.tally.ImmutableTally$Builder","object_id":1554817108,"value":"org.finos.waltz.model.tally.ImmutableTally$Builder@5caca054"},"static":false,"thread_id":56},{"elapsed":6.1E-6,"event":"return","id":172536,"parent_id":172534,"return_value":{"class":"org.finos.waltz.model.tally.ImmutableTally","object_id":788570583,"value":"Tally{id=210, count=1.0}"},"thread_id":56},{"defined_class":"org.finos.waltz.model.tally.ImmutableTally","event":"call","id":172538,"lineno":186,"method_id":"builder","path":"org/finos/waltz/model/tally/ImmutableTally.java","static":true,"thread_id":56},{"elapsed":1.9E-6,"event":"return","id":172539,"parent_id":172538,"return_value":{"class":"org.finos.waltz.model.tally.ImmutableTally$Builder","object_id":370608739,"value":"org.finos.waltz.model.tally.ImmutableTally$Builder@16170a63"},"thread_id":56},{"defined_class":"org.finos.waltz.model.tally.ImmutableTally$Builder","event":"call","id":172540,"lineno":241,"method_id":"count","parameters":[{"class":"java.lang.Double","kind":"req","name":"count","object_id":746990107,"value":"1.0"}],"path":"org/finos/waltz/model/tally/ImmutableTally.java","receiver":{"class":"org.finos.waltz.model.tally.ImmutableTally$Builder","object_id":370608739,"value":"org.finos.waltz.model.tally.ImmutableTally$Builder@16170a63"},"static":false,"thread_id":56},{"elapsed":2.2E-6,"event":"return","id":172541,"parent_id":172540,"return_value":{"class":"org.finos.waltz.model.tally.ImmutableTally$Builder","object_id":370608739,"value":"org.finos.waltz.model.tally.ImmutableTally$Builder@16170a63"},"thread_id":56},{"defined_class":"org.finos.waltz.model.tally.ImmutableTally$Builder","event":"call","id":172542,"lineno":229,"method_id":"id","parameters":[{"class":"java.lang.Long","kind":"req","name":"id","object_id":973709067,"value":"220"}],"path":"org/finos/waltz/model/tally/ImmutableTally.java","receiver":{"class":"org.finos.waltz.model.tally.ImmutableTally$Builder","object_id":370608739,"value":"org.finos.waltz.model.tally.ImmutableTally$Builder@16170a63"},"static":false,"thread_id":56},{"elapsed":6.3E-6,"event":"return","id":172543,"parent_id":172542,"return_value":{"class":"org.finos.waltz.model.tally.ImmutableTally$Builder","object_id":370608739,"value":"org.finos.waltz.model.tally.ImmutableTally$Builder@16170a63"},"thread_id":56},{"defined_class":"org.finos.waltz.model.tally.ImmutableTally$Builder","event":"call","id":172545,"lineno":252,"method_id":"build","path":"org/finos/waltz/model/tally/ImmutableTally.java","receiver":{"class":"org.finos.waltz.model.tally.ImmutableTally$Builder","object_id":370608739,"value":"org.finos.waltz.model.tally.ImmutableTally$Builder@16170a63"},"static":false,"thread_id":56},{"elapsed":2.9E-6,"event":"return","id":172546,"parent_id":172545,"return_value":{"class":"org.finos.waltz.model.tally.ImmutableTally","object_id":271421316,"value":"Tally{id=220, count=1.0}"},"thread_id":56},{"defined_class":"org.finos.waltz.model.tally.ImmutableTally","event":"call","id":172547,"lineno":186,"method_id":"builder","path":"org/finos/waltz/model/tally/ImmutableTally.java","static":true,"thread_id":56},{"elapsed":2.8E-6,"event":"return","id":172548,"parent_id":172547,"return_value":{"class":"org.finos.waltz.model.tally.ImmutableTally$Builder","object_id":1044896752,"value":"org.finos.waltz.model.tally.ImmutableTally$Builder@3e47dbf0"},"thread_id":56},{"defined_class":"org.finos.waltz.model.tally.ImmutableTally$Builder","event":"call","id":172549,"lineno":241,"method_id":"count","parameters":[{"class":"java.lang.Double","kind":"req","name":"count","object_id":588052689,"value":"2.0"}],"path":"org/finos/waltz/model/tally/ImmutableTally.java","receiver":{"class":"org.finos.waltz.model.tally.ImmutableTally$Builder","object_id":1044896752,"value":"org.finos.waltz.model.tally.ImmutableTally$Builder@3e47dbf0"},"static":false,"thread_id":56},{"elapsed":5.4E-6,"event":"return","id":172550,"parent_id":172549,"return_value":{"class":"org.finos.waltz.model.tally.ImmutableTally$Builder","object_id":1044896752,"value":"org.finos.waltz.model.tally.ImmutableTally$Builder@3e47dbf0"},"thread_id":56},{"defined_class":"org.finos.waltz.model.tally.ImmutableTally$Builder","event":"call","id":172553,"lineno":229,"method_id":"id","parameters":[{"class":"java.lang.Long","kind":"req","name":"id","object_id":1435228796,"value":"130"}],"path":"org/finos/waltz/model/tally/ImmutableTally.java","receiver":{"class":"org.finos.waltz.model.tally.ImmutableTally$Builder","object_id":1044896752,"value":"org.finos.waltz.model.tally.ImmutableTally$Builder@3e47dbf0"},"static":false,"thread_id":56},{"elapsed":2.8E-6,"event":"return","id":172554,"parent_id":172553,"return_value":{"class":"org.finos.waltz.model.tally.ImmutableTally$Builder","object_id":1044896752,"value":"org.finos.waltz.model.tally.ImmutableTally$Builder@3e47dbf0"},"thread_id":56},{"defined_class":"org.finos.waltz.model.tally.ImmutableTally$Builder","event":"call","id":172555,"lineno":252,"method_id":"build","path":"org/finos/waltz/model/tally/ImmutableTally.java","receiver":{"class":"org.finos.waltz.model.tally.ImmutableTally$Builder","object_id":1044896752,"value":"org.finos.waltz.model.tally.ImmutableTally$Builder@3e47dbf0"},"static":false,"thread_id":56},{"elapsed":9.9E-6,"event":"return","id":172557,"parent_id":172555,"return_value":{"class":"org.finos.waltz.model.tally.ImmutableTally","object_id":698760934,"value":"Tally{id=130, count=2.0}"},"thread_id":56},{"defined_class":"org.finos.waltz.model.tally.ImmutableTally","event":"call","id":172558,"lineno":186,"method_id":"builder","path":"org/finos/waltz/model/tally/ImmutableTally.java","static":true,"thread_id":56},{"elapsed":5.9E-6,"event":"return","id":172560,"parent_id":172558,"return_value":{"class":"org.finos.waltz.model.tally.ImmutableTally$Builder","object_id":691988601,"value":"org.finos.waltz.model.tally.ImmutableTally$Builder@293ee879"},"thread_id":56},{"defined_class":"org.finos.waltz.model.tally.ImmutableTally$Builder","event":"call","id":172564,"lineno":241,"method_id":"count","parameters":[{"class":"java.lang.Double","kind":"req","name":"count","object_id":1831880703,"value":"1.0"}],"path":"org/finos/waltz/model/tally/ImmutableTally.java","receiver":{"class":"org.finos.waltz.model.tally.ImmutableTally$Builder","object_id":691988601,"value":"org.finos.waltz.model.tally.ImmutableTally$Builder@293ee879"},"static":false,"thread_id":56},{"elapsed":7.6E-6,"event":"return","id":172566,"parent_id":172564,"return_value":{"class":"org.finos.waltz.model.tally.ImmutableTally$Builder","object_id":691988601,"value":"org.finos.waltz.model.tally.ImmutableTally$Builder@293ee879"},"thread_id":56},{"defined_class":"org.finos.waltz.model.tally.ImmutableTally$Builder","event":"call","id":172568,"lineno":229,"method_id":"id","parameters":[{"class":"java.lang.Long","kind":"req","name":"id","object_id":1726162975,"value":"170"}],"path":"org/finos/waltz/model/tally/ImmutableTally.java","receiver":{"class":"org.finos.waltz.model.tally.ImmutableTally$Builder","object_id":691988601,"value":"org.finos.waltz.model.tally.ImmutableTally$Builder@293ee879"},"static":false,"thread_id":56},{"elapsed":7.6E-6,"event":"return","id":172570,"parent_id":172568,"return_value":{"class":"org.finos.waltz.model.tally.ImmutableTally$Builder","object_id":691988601,"value":"org.finos.waltz.model.tally.ImmutableTally$Builder@293ee879"},"thread_id":56},{"defined_class":"org.finos.waltz.model.tally.ImmutableTally$Builder","event":"call","id":172572,"lineno":252,"method_id":"build","path":"org/finos/waltz/model/tally/ImmutableTally.java","receiver":{"class":"org.finos.waltz.model.tally.ImmutableTally$Builder","object_id":691988601,"value":"org.finos.waltz.model.tally.ImmutableTally$Builder@293ee879"},"static":false,"thread_id":56},{"elapsed":7.5E-6,"event":"return","id":172574,"parent_id":172572,"return_value":{"class":"org.finos.waltz.model.tally.ImmutableTally","object_id":2116709163,"value":"Tally{id=170, count=1.0}"},"thread_id":56},{"defined_class":"org.finos.waltz.model.tally.ImmutableTally","event":"call","id":172576,"lineno":186,"method_id":"builder","path":"org/finos/waltz/model/tally/ImmutableTally.java","static":true,"thread_id":56},{"elapsed":6.8E-6,"event":"return","id":172578,"parent_id":172576,"return_value":{"class":"org.finos.waltz.model.tally.ImmutableTally$Builder","object_id":537475511,"value":"org.finos.waltz.model.tally.ImmutableTally$Builder@200939b7"},"thread_id":56},{"defined_class":"org.finos.waltz.model.tally.ImmutableTally$Builder","event":"call","id":172580,"lineno":241,"method_id":"count","parameters":[{"class":"java.lang.Double","kind":"req","name":"count","object_id":1340706294,"value":"1.0"}],"path":"org/finos/waltz/model/tally/ImmutableTally.java","receiver":{"class":"org.finos.waltz.model.tally.ImmutableTally$Builder","object_id":537475511,"value":"org.finos.waltz.model.tally.ImmutableTally$Builder@200939b7"},"static":false,"thread_id":56},{"elapsed":7.2E-6,"event":"return","id":172582,"parent_id":172580,"return_value":{"class":"org.finos.waltz.model.tally.ImmutableTally$Builder","object_id":537475511,"value":"org.finos.waltz.model.tally.ImmutableTally$Builder@200939b7"},"thread_id":56},{"defined_class":"org.finos.waltz.model.tally.ImmutableTally$Builder","event":"call","id":172584,"lineno":229,"method_id":"id","parameters":[{"class":"java.lang.Long","kind":"req","name":"id","object_id":817227716,"value":"270"}],"path":"org/finos/waltz/model/tally/ImmutableTally.java","receiver":{"class":"org.finos.waltz.model.tally.ImmutableTally$Builder","object_id":537475511,"value":"org.finos.waltz.model.tally.ImmutableTally$Builder@200939b7"},"static":false,"thread_id":56},{"elapsed":8.6E-6,"event":"return","id":172586,"parent_id":172584,"return_value":{"class":"org.finos.waltz.model.tally.ImmutableTally$Builder","object_id":537475511,"value":"org.finos.waltz.model.tally.ImmutableTally$Builder@200939b7"},"thread_id":56},{"defined_class":"org.finos.waltz.model.tally.ImmutableTally$Builder","event":"call","id":172588,"lineno":252,"method_id":"build","path":"org/finos/waltz/model/tally/ImmutableTally.java","receiver":{"class":"org.finos.waltz.model.tally.ImmutableTally$Builder","object_id":537475511,"value":"org.finos.waltz.model.tally.ImmutableTally$Builder@200939b7"},"static":false,"thread_id":56},{"elapsed":7.1E-6,"event":"return","id":172590,"parent_id":172588,"return_value":{"class":"org.finos.waltz.model.tally.ImmutableTally","object_id":501981642,"value":"Tally{id=270, count=1.0}"},"thread_id":56},{"defined_class":"org.finos.waltz.model.tally.ImmutableTally","event":"call","id":172592,"lineno":186,"method_id":"builder","path":"org/finos/waltz/model/tally/ImmutableTally.java","static":true,"thread_id":56},{"elapsed":6.2E-6,"event":"return","id":172594,"parent_id":172592,"return_value":{"class":"org.finos.waltz.model.tally.ImmutableTally$Builder","object_id":1950803777,"value":"org.finos.waltz.model.tally.ImmutableTally$Builder@7446e741"},"thread_id":56},{"defined_class":"org.finos.waltz.model.tally.ImmutableTally$Builder","event":"call","id":172596,"lineno":241,"method_id":"count","parameters":[{"class":"java.lang.Double","kind":"req","name":"count","object_id":2000900610,"value":"1.0"}],"path":"org/finos/waltz/model/tally/ImmutableTally.java","receiver":{"class":"org.finos.waltz.model.tally.ImmutableTally$Builder","object_id":1950803777,"value":"org.finos.waltz.model.tally.ImmutableTally$Builder@7446e741"},"static":false,"thread_id":56},{"elapsed":6.1E-6,"event":"return","id":172598,"parent_id":172596,"return_value":{"class":"org.finos.waltz.model.tally.ImmutableTally$Builder","object_id":1950803777,"value":"org.finos.waltz.model.tally.ImmutableTally$Builder@7446e741"},"thread_id":56},{"defined_class":"org.finos.waltz.model.tally.ImmutableTally$Builder","event":"call","id":172600,"lineno":229,"method_id":"id","parameters":[{"class":"java.lang.Long","kind":"req","name":"id","object_id":1750532329,"value":"190"}],"path":"org/finos/waltz/model/tally/ImmutableTally.java","receiver":{"class":"org.finos.waltz.model.tally.ImmutableTally$Builder","object_id":1950803777,"value":"org.finos.waltz.model.tally.ImmutableTally$Builder@7446e741"},"static":false,"thread_id":56},{"elapsed":6.5E-6,"event":"return","id":172602,"parent_id":172600,"return_value":{"class":"org.finos.waltz.model.tally.ImmutableTally$Builder","object_id":1950803777,"value":"org.finos.waltz.model.tally.ImmutableTally$Builder@7446e741"},"thread_id":56},{"defined_class":"org.finos.waltz.model.tally.ImmutableTally$Builder","event":"call","id":172604,"lineno":252,"method_id":"build","path":"org/finos/waltz/model/tally/ImmutableTally.java","receiver":{"class":"org.finos.waltz.model.tally.ImmutableTally$Builder","object_id":1950803777,"value":"org.finos.waltz.model.tally.ImmutableTally$Builder@7446e741"},"static":false,"thread_id":56},{"elapsed":6.7E-6,"event":"return","id":172606,"parent_id":172604,"return_value":{"class":"org.finos.waltz.model.tally.ImmutableTally","object_id":686954968,"value":"Tally{id=190, count=1.0}"},"thread_id":56},{"elapsed":0.001651,"event":"return","id":172608,"parent_id":172222,"return_value":{"class":"java.util.ArrayList","object_id":1808633704,"value":"[Tally{id=230, count=1.0}, Tally{id=160, count=2.0}, Tally{id=280, count=1.0}, Tally{id=260, count=1.0}, Tally{id=120, count=2.0}, Tally{id=40, count=1.0}, Tally{id=210, count=1.0}, Tally{id=220, count=1.0}, Tally{id=130, count=2.0}, Tally{id=170, count=1.0}, Tally{id=270, count=1.0}, Tally{id=190, count=1.0}]"},"thread_id":56},{"elapsed":0.0016684,"event":"return","id":172610,"parent_id":172221,"return_value":{"class":"java.util.ArrayList","object_id":1808633704,"value":"[Tally{id=230, count=1.0}, Tally{id=160, count=2.0}, Tally{id=280, count=1.0}, Tally{id=260, count=1.0}, Tally{id=120, count=2.0}, Tally{id=40, count=1.0}, Tally{id=210, count=1.0}, Tally{id=220, count=1.0}, Tally{id=130, count=2.0}, Tally{id=170, count=1.0}, Tally{id=270, count=1.0}, Tally{id=190, count=1.0}]"},"thread_id":56},{"elapsed":0.0016888,"event":"return","id":172613,"parent_id":172220,"return_value":{"class":"java.util.ArrayList","object_id":1808633704,"value":"[Tally{id=230, count=1.0}, Tally{id=160, count=2.0}, Tally{id=280, count=1.0}, Tally{id=260, count=1.0}, Tally{id=120, count=2.0}, Tally{id=40, count=1.0}, Tally{id=210, count=1.0}, Tally{id=220, count=1.0}, Tally{id=130, count=2.0}, Tally{id=170, count=1.0}, Tally{id=270, count=1.0}, Tally{id=190, count=1.0}]"},"thread_id":56},{"defined_class":"org.finos.waltz.model.tally.ImmutableTally","event":"call","id":172679,"lineno":36,"method_id":"id","path":"org/finos/waltz/model/tally/ImmutableTally.java","receiver":{"class":"org.finos.waltz.model.tally.ImmutableTally","object_id":667658037,"value":"Tally{id=230, count=1.0}"},"static":false,"thread_id":56},{"elapsed":1.28E-5,"event":"return","id":172683,"parent_id":172679,"return_value":{"class":"java.lang.Long","object_id":1479426068,"value":"230"},"thread_id":56},{"defined_class":"org.finos.waltz.model.tally.ImmutableTally","event":"call","id":172685,"lineno":45,"method_id":"count","path":"org/finos/waltz/model/tally/ImmutableTally.java","receiver":{"class":"org.finos.waltz.model.tally.ImmutableTally","object_id":667658037,"value":"Tally{id=230, count=1.0}"},"static":false,"thread_id":56},{"elapsed":5.8E-6,"event":"return","id":172686,"parent_id":172685,"return_value":{"class":"java.lang.Double","object_id":116593489,"value":"1.0"},"thread_id":56},{"defined_class":"org.finos.waltz.model.tally.ImmutableTally","event":"call","id":172687,"lineno":36,"method_id":"id","path":"org/finos/waltz/model/tally/ImmutableTally.java","receiver":{"class":"org.finos.waltz.model.tally.ImmutableTally","object_id":1032240998,"value":"Tally{id=160, count=2.0}"},"static":false,"thread_id":56},{"elapsed":2.0E-6,"event":"return","id":172688,"parent_id":172687,"return_value":{"class":"java.lang.Long","object_id":1192123069,"value":"160"},"thread_id":56},{"defined_class":"org.finos.waltz.model.tally.ImmutableTally","event":"call","id":172689,"lineno":45,"method_id":"count","path":"org/finos/waltz/model/tally/ImmutableTally.java","receiver":{"class":"org.finos.waltz.model.tally.ImmutableTally","object_id":1032240998,"value":"Tally{id=160, count=2.0}"},"static":false,"thread_id":56},{"elapsed":1.8E-6,"event":"return","id":172690,"parent_id":172689,"return_value":{"class":"java.lang.Double","object_id":1450384174,"value":"2.0"},"thread_id":56},{"defined_class":"org.finos.waltz.model.tally.ImmutableTally","event":"call","id":172691,"lineno":36,"method_id":"id","path":"org/finos/waltz/model/tally/ImmutableTally.java","receiver":{"class":"org.finos.waltz.model.tally.ImmutableTally","object_id":131517794,"value":"Tally{id=280, count=1.0}"},"static":false,"thread_id":56},{"elapsed":1.8E-6,"event":"return","id":172692,"parent_id":172691,"return_value":{"class":"java.lang.Long","object_id":253967983,"value":"280"},"thread_id":56},{"defined_class":"org.finos.waltz.model.tally.ImmutableTally","event":"call","id":172693,"lineno":45,"method_id":"count","path":"org/finos/waltz/model/tally/ImmutableTally.java","receiver":{"class":"org.finos.waltz.model.tally.ImmutableTally","object_id":131517794,"value":"Tally{id=280, count=1.0}"},"static":false,"thread_id":56},{"elapsed":1.7E-6,"event":"return","id":172694,"parent_id":172693,"return_value":{"class":"java.lang.Double","object_id":1861743841,"value":"1.0"},"thread_id":56},{"defined_class":"org.finos.waltz.model.tally.ImmutableTally","event":"call","id":172695,"lineno":36,"method_id":"id","path":"org/finos/waltz/model/tally/ImmutableTally.java","receiver":{"class":"org.finos.waltz.model.tally.ImmutableTally","object_id":2103411428,"value":"Tally{id=260, count=1.0}"},"static":false,"thread_id":56},{"elapsed":1.8E-6,"event":"return","id":172696,"parent_id":172695,"return_value":{"class":"java.lang.Long","object_id":1288960961,"value":"260"},"thread_id":56},{"defined_class":"org.finos.waltz.model.tally.ImmutableTally","event":"call","id":172697,"lineno":45,"method_id":"count","path":"org/finos/waltz/model/tally/ImmutableTally.java","receiver":{"class":"org.finos.waltz.model.tally.ImmutableTally","object_id":2103411428,"value":"Tally{id=260, count=1.0}"},"static":false,"thread_id":56},{"elapsed":5.6E-6,"event":"return","id":172698,"parent_id":172697,"return_value":{"class":"java.lang.Double","object_id":1766232216,"value":"1.0"},"thread_id":56},{"defined_class":"org.finos.waltz.model.tally.ImmutableTally","event":"call","id":172700,"lineno":36,"method_id":"id","path":"org/finos/waltz/model/tally/ImmutableTally.java","receiver":{"class":"org.finos.waltz.model.tally.ImmutableTally","object_id":478420978,"value":"Tally{id=120, count=2.0}"},"static":false,"thread_id":56},{"elapsed":1.9E-6,"event":"return","id":172701,"parent_id":172700,"return_value":{"class":"java.lang.Long","object_id":15041014,"value":"120"},"thread_id":56},{"defined_class":"org.finos.waltz.model.tally.ImmutableTally","event":"call","id":172702,"lineno":45,"method_id":"count","path":"org/finos/waltz/model/tally/ImmutableTally.java","receiver":{"class":"org.finos.waltz.model.tally.ImmutableTally","object_id":478420978,"value":"Tally{id=120, count=2.0}"},"static":false,"thread_id":56},{"elapsed":1.8E-6,"event":"return","id":172703,"parent_id":172702,"return_value":{"class":"java.lang.Double","object_id":1999732602,"value":"2.0"},"thread_id":56},{"defined_class":"org.finos.waltz.model.tally.ImmutableTally","event":"call","id":172704,"lineno":36,"method_id":"id","path":"org/finos/waltz/model/tally/ImmutableTally.java","receiver":{"class":"org.finos.waltz.model.tally.ImmutableTally","object_id":1617647652,"value":"Tally{id=40, count=1.0}"},"static":false,"thread_id":56},{"elapsed":5.8E-6,"event":"return","id":172705,"parent_id":172704,"return_value":{"class":"java.lang.Long","object_id":1363329029,"value":"40"},"thread_id":56},{"defined_class":"org.finos.waltz.model.tally.ImmutableTally","event":"call","id":172706,"lineno":45,"method_id":"count","path":"org/finos/waltz/model/tally/ImmutableTally.java","receiver":{"class":"org.finos.waltz.model.tally.ImmutableTally","object_id":1617647652,"value":"Tally{id=40, count=1.0}"},"static":false,"thread_id":56},{"elapsed":1.8E-6,"event":"return","id":172707,"parent_id":172706,"return_value":{"class":"java.lang.Double","object_id":961913049,"value":"1.0"},"thread_id":56},{"defined_class":"org.finos.waltz.model.tally.ImmutableTally","event":"call","id":172708,"lineno":36,"method_id":"id","path":"org/finos/waltz/model/tally/ImmutableTally.java","receiver":{"class":"org.finos.waltz.model.tally.ImmutableTally","object_id":788570583,"value":"Tally{id=210, count=1.0}"},"static":false,"thread_id":56},{"elapsed":3.0E-6,"event":"return","id":172709,"parent_id":172708,"return_value":{"class":"java.lang.Long","object_id":361787705,"value":"210"},"thread_id":56},{"defined_class":"org.finos.waltz.model.tally.ImmutableTally","event":"call","id":172710,"lineno":45,"method_id":"count","path":"org/finos/waltz/model/tally/ImmutableTally.java","receiver":{"class":"org.finos.waltz.model.tally.ImmutableTally","object_id":788570583,"value":"Tally{id=210, count=1.0}"},"static":false,"thread_id":56},{"elapsed":2.4E-6,"event":"return","id":172711,"parent_id":172710,"return_value":{"class":"java.lang.Double","object_id":1750338542,"value":"1.0"},"thread_id":56},{"defined_class":"org.finos.waltz.model.tally.ImmutableTally","event":"call","id":172712,"lineno":36,"method_id":"id","path":"org/finos/waltz/model/tally/ImmutableTally.java","receiver":{"class":"org.finos.waltz.model.tally.ImmutableTally","object_id":271421316,"value":"Tally{id=220, count=1.0}"},"static":false,"thread_id":56},{"elapsed":2.1E-6,"event":"return","id":172713,"parent_id":172712,"return_value":{"class":"java.lang.Long","object_id":973709067,"value":"220"},"thread_id":56},{"defined_class":"org.finos.waltz.model.tally.ImmutableTally","event":"call","id":172714,"lineno":45,"method_id":"count","path":"org/finos/waltz/model/tally/ImmutableTally.java","receiver":{"class":"org.finos.waltz.model.tally.ImmutableTally","object_id":271421316,"value":"Tally{id=220, count=1.0}"},"static":false,"thread_id":56},{"elapsed":4.0E-6,"event":"return","id":172715,"parent_id":172714,"return_value":{"class":"java.lang.Double","object_id":894145580,"value":"1.0"},"thread_id":56},{"defined_class":"org.finos.waltz.model.tally.ImmutableTally","event":"call","id":172716,"lineno":36,"method_id":"id","path":"org/finos/waltz/model/tally/ImmutableTally.java","receiver":{"class":"org.finos.waltz.model.tally.ImmutableTally","object_id":698760934,"value":"Tally{id=130, count=2.0}"},"static":false,"thread_id":56},{"elapsed":2.1E-6,"event":"return","id":172717,"parent_id":172716,"return_value":{"class":"java.lang.Long","object_id":1435228796,"value":"130"},"thread_id":56},{"defined_class":"org.finos.waltz.model.tally.ImmutableTally","event":"call","id":172718,"lineno":45,"method_id":"count","path":"org/finos/waltz/model/tally/ImmutableTally.java","receiver":{"class":"org.finos.waltz.model.tally.ImmutableTally","object_id":698760934,"value":"Tally{id=130, count=2.0}"},"static":false,"thread_id":56},{"elapsed":1.9E-6,"event":"return","id":172719,"parent_id":172718,"return_value":{"class":"java.lang.Double","object_id":1241376592,"value":"2.0"},"thread_id":56},{"defined_class":"org.finos.waltz.model.tally.ImmutableTally","event":"call","id":172720,"lineno":36,"method_id":"id","path":"org/finos/waltz/model/tally/ImmutableTally.java","receiver":{"class":"org.finos.waltz.model.tally.ImmutableTally","object_id":2116709163,"value":"Tally{id=170, count=1.0}"},"static":false,"thread_id":56},{"elapsed":2.1E-6,"event":"return","id":172721,"parent_id":172720,"return_value":{"class":"java.lang.Long","object_id":1726162975,"value":"170"},"thread_id":56},{"defined_class":"org.finos.waltz.model.tally.ImmutableTally","event":"call","id":172722,"lineno":45,"method_id":"count","path":"org/finos/waltz/model/tally/ImmutableTally.java","receiver":{"class":"org.finos.waltz.model.tally.ImmutableTally","object_id":2116709163,"value":"Tally{id=170, count=1.0}"},"static":false,"thread_id":56},{"elapsed":2.1E-6,"event":"return","id":172723,"parent_id":172722,"return_value":{"class":"java.lang.Double","object_id":1564132830,"value":"1.0"},"thread_id":56},{"defined_class":"org.finos.waltz.model.tally.ImmutableTally","event":"call","id":172724,"lineno":36,"method_id":"id","path":"org/finos/waltz/model/tally/ImmutableTally.java","receiver":{"class":"org.finos.waltz.model.tally.ImmutableTally","object_id":501981642,"value":"Tally{id=270, count=1.0}"},"static":false,"thread_id":56},{"elapsed":2.6E-6,"event":"return","id":172725,"parent_id":172724,"return_value":{"class":"java.lang.Long","object_id":817227716,"value":"270"},"thread_id":56},{"defined_class":"org.finos.waltz.model.tally.ImmutableTally","event":"call","id":172726,"lineno":45,"method_id":"count","path":"org/finos/waltz/model/tally/ImmutableTally.java","receiver":{"class":"org.finos.waltz.model.tally.ImmutableTally","object_id":501981642,"value":"Tally{id=270, count=1.0}"},"static":false,"thread_id":56},{"elapsed":2.2E-6,"event":"return","id":172727,"parent_id":172726,"return_value":{"class":"java.lang.Double","object_id":368688876,"value":"1.0"},"thread_id":56},{"defined_class":"org.finos.waltz.model.tally.ImmutableTally","event":"call","id":172728,"lineno":36,"method_id":"id","path":"org/finos/waltz/model/tally/ImmutableTally.java","receiver":{"class":"org.finos.waltz.model.tally.ImmutableTally","object_id":686954968,"value":"Tally{id=190, count=1.0}"},"static":false,"thread_id":56},{"elapsed":2.1E-6,"event":"return","id":172729,"parent_id":172728,"return_value":{"class":"java.lang.Long","object_id":1750532329,"value":"190"},"thread_id":56},{"defined_class":"org.finos.waltz.model.tally.ImmutableTally","event":"call","id":172730,"lineno":45,"method_id":"count","path":"org/finos/waltz/model/tally/ImmutableTally.java","receiver":{"class":"org.finos.waltz.model.tally.ImmutableTally","object_id":686954968,"value":"Tally{id=190, count=1.0}"},"static":false,"thread_id":56},{"elapsed":2.2E-6,"event":"return","id":172731,"parent_id":172730,"return_value":{"class":"java.lang.Double","object_id":2096804491,"value":"1.0"},"thread_id":56},{"elapsed":0.002134,"event":"return","http_server_response":{"headers":{"Access-Control-Expose-Headers":"*","Access-Control-Allow-Origin":"*","Date":"Tue, 23 Jul 2024 16:43:58 GMT","Content-Type":"application/json"},"status":200},"id":172732,"parent_id":172213,"thread_id":56}],"classMap":[{"children":[{"children":[{"children":[{"children":[{"children":[{"children":[{"labels":[],"location":"org/finos/waltz/model/tally/ImmutableTally.java:45","name":"count","static":false,"type":"function"},{"labels":[],"location":"org/finos/waltz/model/tally/ImmutableTally.java:186","name":"builder","static":true,"type":"function"},{"labels":[],"location":"org/finos/waltz/model/tally/ImmutableTally.java:36","name":"id","static":false,"type":"function"}],"location":"org/finos/waltz/model/tally/ImmutableTally.java","name":"ImmutableTally","static":false,"type":"class"},{"children":[{"labels":[],"location":"org/finos/waltz/model/tally/ImmutableTally.java:229","name":"id","static":false,"type":"function"},{"labels":[],"location":"org/finos/waltz/model/tally/ImmutableTally.java:241","name":"count","static":false,"type":"function"},{"labels":[],"location":"org/finos/waltz/model/tally/ImmutableTally.java:252","name":"build","static":false,"type":"function"}],"location":"org/finos/waltz/model/tally/ImmutableTally.java","name":"ImmutableTally$Builder","static":true,"type":"class"}],"name":"tally","type":"package"}],"name":"model","type":"package"},{"children":[{"children":[{"children":[{"labels":[],"location":"waltz-service/src/main/java/org/finos/waltz/service/end_user_app/EndUserAppService.java:102","name":"countByOrgUnitId","static":false,"type":"function"}],"location":"waltz-service/src/main/java/org/finos/waltz/service/end_user_app/EndUserAppService.java","name":"EndUserAppService","static":false,"type":"class"}],"name":"end_user_app","type":"package"},{"children":[{"labels":[],"location":"waltz-service/src/main/java/org/finos/waltz/service/SlowQueryListener.java:66","name":"executeEnd","static":false,"type":"function"},{"labels":[],"location":"waltz-service/src/main/java/org/finos/waltz/service/SlowQueryListener.java:59","name":"executeStart","static":false,"type":"function"}],"location":"waltz-service/src/main/java/org/finos/waltz/service/SlowQueryListener.java","name":"SlowQueryListener","static":false,"type":"class"}],"name":"service","type":"package"},{"children":[{"children":[{"children":[{"labels":[],"location":"waltz-data/src/main/java/org/finos/waltz/data/end_user_app/EndUserAppDao.java:77","name":"countByOrganisationalUnit","static":false,"type":"function"}],"location":"waltz-data/src/main/java/org/finos/waltz/data/end_user_app/EndUserAppDao.java","name":"EndUserAppDao","static":false,"type":"class"}],"name":"end_user_app","type":"package"},{"children":[{"labels":[],"location":"waltz-data/src/main/java/org/finos/waltz/data/JooqUtilities.java:300","name":"makeTallyQuery","static":true,"type":"function"},{"labels":[],"location":"waltz-data/src/main/java/org/finos/waltz/data/JooqUtilities.java:218","name":"calculateLongTallies","static":true,"type":"function"}],"location":"waltz-data/src/main/java/org/finos/waltz/data/JooqUtilities.java","name":"JooqUtilities","static":false,"type":"class"}],"name":"data","type":"package"},{"children":[{"children":[{"children":[{"children":[{"labels":[],"location":"waltz-web/src/main/java/org/finos/waltz/web/endpoints/auth/JWTAuthenticationFilter.java:62","name":"handle","static":false,"type":"function"}],"location":"waltz-web/src/main/java/org/finos/waltz/web/endpoints/auth/JWTAuthenticationFilter.java","name":"JWTAuthenticationFilter","static":false,"type":"class"}],"name":"auth","type":"package"}],"name":"endpoints","type":"package"}],"name":"web","type":"package"}],"name":"waltz","type":"package"}],"name":"finos","type":"package"}],"name":"org","type":"package"}],"version":"1.2","metadata":{"name":"GET /api/end-user-application/count-by/org-unit (200) - 16:43:58.215","app":"waltz","language":{"name":"java","version":"17.0.8+9-LTS-211","engine":"Java HotSpot(TM) 64-Bit Server VM"},"client":{"name":"appmap-java","url":"https://github.com/appland/appmap-java"},"recorder":{"name":"request_recording","type":"requests"},"recording":{},"git":{"repository":"git@github.com:land-of-apps/waltz.git","branch":"master","commit":"dde8a3935468f53fce15c81945a61208a9a291f3"}},"eventUpdates":{}}