{"events":[{"event":"call","http_server_request":{"headers":{"Cookie":"appland_session=bFU5p0cvqrcXlz2oQfgEZG3%2BQjfds2AwmlOA%2Fx5fhQLjPvVHIKrHyvnbeq5nw8c5sME56znPsnpSSzB3nr%2BHfdk9sEC9MgOgNKjgjD8qlzGqDVuwRPr30ch96LWGIDwuITrAUwQGqlUw7%2Fdsq0tjrfHFPTlemq71kQtCAIi9JTRWo5tLPJlG%2F9JtfTuiWIfWg8X67ZkAOuaapIHdaA5w5QtwMr7h34LfseImCERQpzoz9xTqJYqSi2SJ9RE1eVw2jyYFG9IGPA4d1USUIXvAmeaMOQ9Z%2BDmKhiIRXve6%2BzO47%2F2RW1kaH2PND2r0EKz%2BaWMbrXswEaj2kjwx09pTJANR5arO0I9c2RelyrURJyvI%2FZ8OwnG99VyxbE2scovqFvxwhmhXr1KDOxpRle3VOJSpxXtFaDjv2TSSbtqGkIj4T51u58xasM4KbZUpapu5OQ5ENf%2FSMADW4DHmCrSQJ14SgVbNtrazlgwdph5p0AKax1l0Bw7j0jz2SGT9C5HMnzVyZdV59G6paFrgLqvtGuXdWr4VeJt2tPVftjki2S0LpmpTAacYMTeiz0JRvAUI2MTy5coFmozGwP2tYolztMsGb%2Bss8Pp0ZRYy8EsEs78L1J1nDMR5VCJ5yVhSq8JXZA7Misee05vblyt4OMHf9CA4AMzWpe2NbExRxiHuW%2Bkx%2F83vj%2Btrqn1QRG33cQUOn3jl8nfSuSLj5p0K5PYVYnXJu8E7RhAyqpC6J23a%2F8B4qsDAOrIrUYPQAWaYOsjd0i3Q5y49d77RlVc7zyyLJxFNVWLlYCD5BrfOMpyF2f9InowPEQei23xjT4UE0W3dXZP1xhk5wDvQ--zbb2b%2Flld908TQxF--8LcY2kn8%2BBw8bSaDiyP6LQ%3D%3D","Accept":"*/*","Connection":"keep-alive","User-Agent":"Mozilla/5.0 (Macintosh; Intel Mac OS X 10_15_7) AppleWebKit/537.36 (KHTML, like Gecko) Chrome/126.0.0.0 Safari/537.36","Referer":"http://localhost:8080/","Sec-Fetch-Site":"same-origin","Sec-Fetch-Dest":"script","Host":"localhost:8080","Accept-Encoding":"gzip, deflate, br, zstd","Sec-Fetch-Mode":"no-cors","sec-ch-ua":"\"Not/A)Brand\";v=\"8\", \"Chromium\";v=\"126\", \"Google Chrome\";v=\"126\"","sec-ch-ua-mobile":"?0","sec-ch-ua-platform":"\"macOS\"","Accept-Language":"en-US,en;q=0.9"},"path_info":"/482.c206239e1c5056cec1ce.js","protocol":"HTTP/1.1","request_method":"GET"},"id":67387,"thread_id":31},{"defined_class":"org.finos.waltz.web.endpoints.api.StaticResourcesEndpoint","event":"call","id":67399,"lineno":170,"method_id":"resolvePath","parameters":[{"class":"spark.http.matching.RequestWrapper","kind":"req","name":"request","object_id":1846848745,"value":"spark.Request@b318ee0"}],"path":"waltz-web/src/main/java/org/finos/waltz/web/endpoints/api/StaticResourcesEndpoint.java","receiver":{"class":"org.finos.waltz.web.endpoints.api.StaticResourcesEndpoint","object_id":551183701,"value":"org.finos.waltz.web.endpoints.api.StaticResourcesEndpoint@20da6555"},"static":false,"thread_id":31},{"elapsed":6.52E-5,"event":"return","id":67400,"parent_id":67399,"return_value":{"class":"java.lang.String","object_id":1051501569,"value":"static/482.c206239e1c5056cec1ce.js"},"thread_id":31},{"defined_class":"org.finos.waltz.web.WebUtilities","event":"call","id":67404,"lineno":337,"method_id":"getMimeType","parameters":[{"class":"java.lang.String","kind":"req","name":"path","object_id":1051501569,"value":"static/482.c206239e1c5056cec1ce.js"}],"path":"waltz-web/src/main/java/org/finos/waltz/web/WebUtilities.java","static":true,"thread_id":31},{"defined_class":"org.finos.waltz.common.ObjectUtilities","event":"call","id":67406,"lineno":34,"method_id":"firstNotNull","parameters":[{"class":"[Ljava.lang.String;","kind":"req","name":"ts","object_id":950383413,"value":"[Ljava.lang.String;@38a5b335"}],"path":"waltz-common/src/main/java/org/finos/waltz/common/ObjectUtilities.java","static":true,"thread_id":31},{"elapsed":8.49E-5,"event":"return","id":67407,"parent_id":67406,"return_value":{"class":"java.lang.String","object_id":1117401480,"value":"text/javascript"},"thread_id":31},{"elapsed":2.405E-4,"event":"return","id":67408,"parent_id":67404,"return_value":{"class":"java.lang.String","object_id":1117401480,"value":"text/javascript"},"thread_id":31},{"defined_class":"org.finos.waltz.web.endpoints.api.StaticResourcesEndpoint","event":"call","id":67409,"lineno":107,"method_id":"addCacheHeadersIfNeeded","parameters":[{"class":"spark.http.matching.ResponseWrapper","kind":"req","name":"response","object_id":1931289388,"value":"spark.Response@28ca1de2"},{"class":"java.lang.String","kind":"req","name":"resolvedPath","object_id":1051501569,"value":"static/482.c206239e1c5056cec1ce.js"}],"path":"waltz-web/src/main/java/org/finos/waltz/web/endpoints/api/StaticResourcesEndpoint.java","receiver":{"class":"org.finos.waltz.web.endpoints.api.StaticResourcesEndpoint","object_id":551183701,"value":"org.finos.waltz.web.endpoints.api.StaticResourcesEndpoint@20da6555"},"static":false,"thread_id":31},{"elapsed":1.26E-5,"event":"return","id":67410,"parent_id":67409,"thread_id":31},{"defined_class":"org.finos.waltz.web.endpoints.api.StaticResourcesEndpoint","event":"call","id":67411,"lineno":126,"method_id":"modifyIndexBaseTagIfNeeded","parameters":[{"class":"spark.http.matching.RequestWrapper","kind":"req","name":"request","object_id":1846848745,"value":"spark.Request@b318ee0"},{"class":"java.lang.String","kind":"req","name":"resolvedPath","object_id":1051501569,"value":"static/482.c206239e1c5056cec1ce.js"},{"class":"java.io.BufferedInputStream","kind":"req","name":"resourceStream","object_id":789299349,"value":"java.io.BufferedInputStream@2f0bc095"}],"path":"waltz-web/src/main/java/org/finos/waltz/web/endpoints/api/StaticResourcesEndpoint.java","receiver":{"class":"org.finos.waltz.web.endpoints.api.StaticResourcesEndpoint","object_id":551183701,"value":"org.finos.waltz.web.endpoints.api.StaticResourcesEndpoint@20da6555"},"static":false,"thread_id":31},{"elapsed":5.15E-5,"event":"return","id":67412,"parent_id":67411,"return_value":{"class":"java.io.BufferedInputStream","object_id":789299349,"value":"java.io.BufferedInputStream@2f0bc095"},"thread_id":31},{"defined_class":"org.finos.waltz.common.IOUtilities","event":"call","id":67413,"lineno":54,"method_id":"copyStream","parameters":[{"class":"java.io.BufferedInputStream","kind":"req","name":"input","object_id":789299349,"value":"java.io.BufferedInputStream@2f0bc095"},{"class":"org.eclipse.jetty.server.HttpOutput","kind":"req","name":"output","object_id":975364698,"value":"HttpOutput@3a22e25a{s=OPEN,api=BLOCKING,sc=false,e=null}"}],"path":"waltz-common/src/main/java/org/finos/waltz/common/IOUtilities.java","static":true,"thread_id":31},{"defined_class":"org.finos.waltz.common.Checks","event":"call","id":67414,"lineno":37,"method_id":"checkNotNull","parameters":[{"class":"java.io.BufferedInputStream","kind":"req","name":"t","object_id":789299349,"value":"java.io.BufferedInputStream@2f0bc095"},{"class":"java.lang.String","kind":"req","name":"message","object_id":384607547,"value":"Input stream cannot be null"},{"class":"[Ljava.lang.Object;","kind":"req","name":"args","object_id":540844657,"value":"[Ljava.lang.Object;@203ca271"}],"path":"waltz-common/src/main/java/org/finos/waltz/common/Checks.java","static":true,"thread_id":31},{"defined_class":"org.finos.waltz.common.Checks","event":"call","id":67415,"lineno":85,"method_id":"checkTrue","parameters":[{"class":"java.lang.Boolean","kind":"req","name":"b","object_id":1741409773,"value":"true"},{"class":"java.lang.String","kind":"req","name":"msg","object_id":384607547,"value":"Input stream cannot be null"},{"class":"[Ljava.lang.Object;","kind":"req","name":"args","object_id":540844657,"value":"[Ljava.lang.Object;@203ca271"}],"path":"waltz-common/src/main/java/org/finos/waltz/common/Checks.java","static":true,"thread_id":31},{"elapsed":1.97E-5,"event":"return","id":67416,"parent_id":67415,"thread_id":31},{"elapsed":5.88E-5,"event":"return","id":67417,"parent_id":67414,"return_value":{"class":"java.io.BufferedInputStream","object_id":789299349,"value":"java.io.BufferedInputStream@2f0bc095"},"thread_id":31},{"defined_class":"org.finos.waltz.common.Checks","event":"call","id":67418,"lineno":37,"method_id":"checkNotNull","parameters":[{"class":"org.eclipse.jetty.server.HttpOutput","kind":"req","name":"t","object_id":975364698,"value":"HttpOutput@3a22e25a{s=OPEN,api=BLOCKING,sc=false,e=null}"},{"class":"java.lang.String","kind":"req","name":"message","object_id":558176083,"value":"Output stream cannot be null"},{"class":"[Ljava.lang.Object;","kind":"req","name":"args","object_id":1491177113,"value":"[Ljava.lang.Object;@58e18e99"}],"path":"waltz-common/src/main/java/org/finos/waltz/common/Checks.java","static":true,"thread_id":31},{"defined_class":"org.finos.waltz.common.Checks","event":"call","id":67419,"lineno":85,"method_id":"checkTrue","parameters":[{"class":"java.lang.Boolean","kind":"req","name":"b","object_id":1741409773,"value":"true"},{"class":"java.lang.String","kind":"req","name":"msg","object_id":558176083,"value":"Output stream cannot be null"},{"class":"[Ljava.lang.Object;","kind":"req","name":"args","object_id":1491177113,"value":"[Ljava.lang.Object;@58e18e99"}],"path":"waltz-common/src/main/java/org/finos/waltz/common/Checks.java","static":true,"thread_id":31},{"elapsed":1.97E-5,"event":"return","id":67420,"parent_id":67419,"thread_id":31},{"elapsed":6.92E-5,"event":"return","id":67421,"parent_id":67418,"return_value":{"class":"org.eclipse.jetty.server.HttpOutput","object_id":975364698,"value":"HttpOutput@3a22e25a{s=OPEN,api=BLOCKING,sc=false,e=null}"},"thread_id":31},{"elapsed":0.0014437,"event":"return","id":67427,"parent_id":67413,"thread_id":31},{"elapsed":0.0037138,"event":"return","http_server_response":{"headers":{"Access-Control-Expose-Headers":"*","Cache-Control":"max-age=2592000","Access-Control-Allow-Origin":"*","Date":"Tue, 23 Jul 2024 16:28:04 GMT","Content-Type":"text/javascript"},"status":200},"id":67437,"parent_id":67387,"thread_id":31}],"classMap":[{"children":[{"children":[{"children":[{"children":[{"children":[{"labels":[],"location":"waltz-common/src/main/java/org/finos/waltz/common/IOUtilities.java:54","name":"copyStream","static":true,"type":"function"}],"location":"waltz-common/src/main/java/org/finos/waltz/common/IOUtilities.java","name":"IOUtilities","static":false,"type":"class"},{"children":[{"labels":[],"location":"waltz-common/src/main/java/org/finos/waltz/common/Checks.java:85","name":"checkTrue","static":true,"type":"function"},{"labels":[],"location":"waltz-common/src/main/java/org/finos/waltz/common/Checks.java:37","name":"checkNotNull","static":true,"type":"function"}],"location":"waltz-common/src/main/java/org/finos/waltz/common/Checks.java","name":"Checks","static":false,"type":"class"},{"children":[{"labels":[],"location":"waltz-common/src/main/java/org/finos/waltz/common/ObjectUtilities.java:34","name":"firstNotNull","static":true,"type":"function"}],"location":"waltz-common/src/main/java/org/finos/waltz/common/ObjectUtilities.java","name":"ObjectUtilities","static":false,"type":"class"}],"name":"common","type":"package"},{"children":[{"children":[{"children":[{"children":[{"labels":[],"location":"waltz-web/src/main/java/org/finos/waltz/web/endpoints/api/StaticResourcesEndpoint.java:170","name":"resolvePath","static":false,"type":"function"},{"labels":[],"location":"waltz-web/src/main/java/org/finos/waltz/web/endpoints/api/StaticResourcesEndpoint.java:107","name":"addCacheHeadersIfNeeded","static":false,"type":"function"},{"labels":[],"location":"waltz-web/src/main/java/org/finos/waltz/web/endpoints/api/StaticResourcesEndpoint.java:126","name":"modifyIndexBaseTagIfNeeded","static":false,"type":"function"}],"location":"waltz-web/src/main/java/org/finos/waltz/web/endpoints/api/StaticResourcesEndpoint.java","name":"StaticResourcesEndpoint","static":false,"type":"class"}],"name":"api","type":"package"}],"name":"endpoints","type":"package"},{"children":[{"labels":[],"location":"waltz-web/src/main/java/org/finos/waltz/web/WebUtilities.java:337","name":"getMimeType","static":true,"type":"function"}],"location":"waltz-web/src/main/java/org/finos/waltz/web/WebUtilities.java","name":"WebUtilities","static":false,"type":"class"}],"name":"web","type":"package"}],"name":"waltz","type":"package"}],"name":"finos","type":"package"}],"name":"org","type":"package"}],"version":"1.2","metadata":{"name":"GET /482.c206239e1c5056cec1ce.js (200) - 16:28:04.990","app":"waltz","language":{"name":"java","version":"17.0.8+9-LTS-211","engine":"Java HotSpot(TM) 64-Bit Server VM"},"client":{"name":"appmap-java","url":"https://github.com/appland/appmap-java"},"recorder":{"name":"request_recording","type":"requests"},"recording":{},"git":{"repository":"git@github.com:land-of-apps/waltz.git","branch":"master","commit":"dde8a3935468f53fce15c81945a61208a9a291f3"}},"eventUpdates":{}}