{"events":[{"event":"call","http_server_request":{"headers":{"Origin":"http://localhost:8080","Cookie":"appland_session=bFU5p0cvqrcXlz2oQfgEZG3%2BQjfds2AwmlOA%2Fx5fhQLjPvVHIKrHyvnbeq5nw8c5sME56znPsnpSSzB3nr%2BHfdk9sEC9MgOgNKjgjD8qlzGqDVuwRPr30ch96LWGIDwuITrAUwQGqlUw7%2Fdsq0tjrfHFPTlemq71kQtCAIi9JTRWo5tLPJlG%2F9JtfTuiWIfWg8X67ZkAOuaapIHdaA5w5QtwMr7h34LfseImCERQpzoz9xTqJYqSi2SJ9RE1eVw2jyYFG9IGPA4d1USUIXvAmeaMOQ9Z%2BDmKhiIRXve6%2BzO47%2F2RW1kaH2PND2r0EKz%2BaWMbrXswEaj2kjwx09pTJANR5arO0I9c2RelyrURJyvI%2FZ8OwnG99VyxbE2scovqFvxwhmhXr1KDOxpRle3VOJSpxXtFaDjv2TSSbtqGkIj4T51u58xasM4KbZUpapu5OQ5ENf%2FSMADW4DHmCrSQJ14SgVbNtrazlgwdph5p0AKax1l0Bw7j0jz2SGT9C5HMnzVyZdV59G6paFrgLqvtGuXdWr4VeJt2tPVftjki2S0LpmpTAacYMTeiz0JRvAUI2MTy5coFmozGwP2tYolztMsGb%2Bss8Pp0ZRYy8EsEs78L1J1nDMR5VCJ5yVhSq8JXZA7Misee05vblyt4OMHf9CA4AMzWpe2NbExRxiHuW%2Bkx%2F83vj%2Btrqn1QRG33cQUOn3jl8nfSuSLj5p0K5PYVYnXJu8E7RhAyqpC6J23a%2F8B4qsDAOrIrUYPQAWaYOsjd0i3Q5y49d77RlVc7zyyLJxFNVWLlYCD5BrfOMpyF2f9InowPEQei23xjT4UE0W3dXZP1xhk5wDvQ--zbb2b%2Flld908TQxF--8LcY2kn8%2BBw8bSaDiyP6LQ%3D%3D","Accept":"application/json, text/plain, */*","Connection":"keep-alive","User-Agent":"Mozilla/5.0 (Macintosh; Intel Mac OS X 10_15_7) AppleWebKit/537.36 (KHTML, like Gecko) Chrome/126.0.0.0 Safari/537.36","Referer":"http://localhost:8080/org-units/10","Sec-Fetch-Site":"same-origin","Sec-Fetch-Dest":"empty","Host":"localhost:8080","Accept-Encoding":"gzip, deflate, br, zstd","Sec-Fetch-Mode":"cors","sec-ch-ua":"\"Not/A)Brand\";v=\"8\", \"Chromium\";v=\"126\", \"Google Chrome\";v=\"126\"","sec-ch-ua-mobile":"?0","sec-ch-ua-platform":"\"macOS\"","Accept-Language":"en-US,en;q=0.9","Content-Length":"18","Content-Type":"application/json;charset=UTF-8"},"path_info":"/api/access-log/main.org-unit.view%7Ctechnology-summary-section","protocol":"HTTP/1.1","request_method":"POST"},"id":124059,"thread_id":29},{"defined_class":"org.finos.waltz.web.endpoints.auth.JWTAuthenticationFilter","event":"call","id":124145,"lineno":62,"method_id":"handle","parameters":[{"class":"spark.http.matching.RequestWrapper","kind":"req","name":"request","object_id":2010732129,"value":"spark.Request@1ec775c0"},{"class":"spark.http.matching.ResponseWrapper","kind":"req","name":"response","object_id":234078260,"value":"spark.Response@114df5b2"}],"path":"waltz-web/src/main/java/org/finos/waltz/web/endpoints/auth/JWTAuthenticationFilter.java","receiver":{"class":"org.finos.waltz.web.endpoints.auth.JWTAuthenticationFilter","object_id":1016985344,"value":"org.finos.waltz.web.endpoints.auth.JWTAuthenticationFilter@3c9df700"},"static":false,"thread_id":29},{"elapsed":5.51E-4,"event":"return","id":124148,"parent_id":124145,"thread_id":29},{"defined_class":"org.finos.waltz.web.endpoints.api.AccessLogEndpoint","event":"call","id":124158,"lineno":79,"method_id":"writeRoute","parameters":[{"class":"spark.http.matching.RequestWrapper","kind":"req","name":"request","object_id":2010732129,"value":"spark.Request@2c9ad3a4"},{"class":"spark.http.matching.ResponseWrapper","kind":"req","name":"response","object_id":234078260,"value":"spark.Response@114df5b2"}],"path":"waltz-web/src/main/java/org/finos/waltz/web/endpoints/api/AccessLogEndpoint.java","receiver":{"class":"org.finos.waltz.web.endpoints.api.AccessLogEndpoint","object_id":1236404201,"value":"org.finos.waltz.web.endpoints.api.AccessLogEndpoint@49b207e9"},"static":false,"thread_id":29},{"defined_class":"org.finos.waltz.model.accesslog.ImmutableAccessLog","event":"call","id":124160,"lineno":270,"method_id":"builder","path":"org/finos/waltz/model/accesslog/ImmutableAccessLog.java","static":true,"thread_id":29},{"elapsed":3.61E-5,"event":"return","id":124164,"parent_id":124160,"return_value":{"class":"org.finos.waltz.model.accesslog.ImmutableAccessLog$Builder","object_id":1065043043,"value":"org.finos.waltz.model.accesslog.ImmutableAccessLog$Builder@3f7b4463"},"thread_id":29},{"defined_class":"org.finos.waltz.web.WebUtilities","event":"call","id":124165,"lineno":171,"method_id":"getUsername","parameters":[{"class":"spark.http.matching.RequestWrapper","kind":"req","name":"request","object_id":2010732129,"value":"spark.Request@2c9ad3a4"}],"path":"waltz-web/src/main/java/org/finos/waltz/web/WebUtilities.java","static":true,"thread_id":29},{"defined_class":"org.finos.waltz.web.endpoints.auth.AuthenticationUtilities","event":"call","id":124183,"lineno":37,"method_id":"getUsername","parameters":[{"class":"spark.http.matching.RequestWrapper","kind":"req","name":"request","object_id":2010732129,"value":"spark.Request@2c9ad3a4"}],"path":"waltz-web/src/main/java/org/finos/waltz/web/endpoints/auth/AuthenticationUtilities.java","static":true,"thread_id":29},{"elapsed":8.3E-6,"event":"return","id":124186,"parent_id":124183,"return_value":{"class":"java.lang.String","object_id":2095922165,"value":"anonymous"},"thread_id":29},{"elapsed":1.301E-4,"event":"return","id":124195,"parent_id":124165,"return_value":{"class":"java.lang.String","object_id":2095922165,"value":"anonymous"},"thread_id":29},{"defined_class":"org.finos.waltz.model.accesslog.ImmutableAccessLog$Builder","event":"call","id":124196,"lineno":342,"method_id":"userId","parameters":[{"class":"java.lang.String","kind":"req","name":"userId","object_id":2095922165,"value":"anonymous"}],"path":"org/finos/waltz/model/accesslog/ImmutableAccessLog.java","receiver":{"class":"org.finos.waltz.model.accesslog.ImmutableAccessLog$Builder","object_id":1065043043,"value":"org.finos.waltz.model.accesslog.ImmutableAccessLog$Builder@3f7b4463"},"static":false,"thread_id":29},{"elapsed":2.6E-6,"event":"return","id":124197,"parent_id":124196,"return_value":{"class":"org.finos.waltz.model.accesslog.ImmutableAccessLog$Builder","object_id":1065043043,"value":"org.finos.waltz.model.accesslog.ImmutableAccessLog$Builder@3f7b4463"},"thread_id":29},{"defined_class":"org.finos.waltz.model.accesslog.ImmutableAccessLog$Builder","event":"call","id":124198,"lineno":318,"method_id":"state","parameters":[{"class":"java.lang.String","kind":"req","name":"state","object_id":448225081,"value":"main.org-unit.view|technology-summary-section"}],"path":"org/finos/waltz/model/accesslog/ImmutableAccessLog.java","receiver":{"class":"org.finos.waltz.model.accesslog.ImmutableAccessLog$Builder","object_id":1065043043,"value":"org.finos.waltz.model.accesslog.ImmutableAccessLog$Builder@3f7b4463"},"static":false,"thread_id":29},{"elapsed":3.71E-5,"event":"return","id":124208,"parent_id":124198,"return_value":{"class":"org.finos.waltz.model.accesslog.ImmutableAccessLog$Builder","object_id":1065043043,"value":"org.finos.waltz.model.accesslog.ImmutableAccessLog$Builder@3f7b4463"},"thread_id":29},{"defined_class":"org.finos.waltz.model.accesslog.ImmutableAccessLog$Builder","event":"call","id":124223,"lineno":330,"method_id":"params","parameters":[{"class":"java.lang.String","kind":"req","name":"params","object_id":1688848824,"value":"{\"#\":null,\"id\":10}"}],"path":"org/finos/waltz/model/accesslog/ImmutableAccessLog.java","receiver":{"class":"org.finos.waltz.model.accesslog.ImmutableAccessLog$Builder","object_id":1065043043,"value":"org.finos.waltz.model.accesslog.ImmutableAccessLog$Builder@3f7b4463"},"static":false,"thread_id":29},{"elapsed":4.1E-6,"event":"return","id":124225,"parent_id":124223,"return_value":{"class":"org.finos.waltz.model.accesslog.ImmutableAccessLog$Builder","object_id":1065043043,"value":"org.finos.waltz.model.accesslog.ImmutableAccessLog$Builder@3f7b4463"},"thread_id":29},{"defined_class":"org.finos.waltz.model.accesslog.ImmutableAccessLog$Builder","event":"call","id":124226,"lineno":365,"method_id":"build","path":"org/finos/waltz/model/accesslog/ImmutableAccessLog.java","receiver":{"class":"org.finos.waltz.model.accesslog.ImmutableAccessLog$Builder","object_id":1065043043,"value":"org.finos.waltz.model.accesslog.ImmutableAccessLog$Builder@3f7b4463"},"static":false,"thread_id":29},{"defined_class":"org.finos.waltz.model.accesslog.AccessLog","event":"call","id":124227,"lineno":40,"method_id":"createdAt","path":"waltz-model/src/main/java/org/finos/waltz/model/accesslog/AccessLog.java","receiver":{"class":"org.finos.waltz.model.accesslog.ImmutableAccessLog","object_id":508834170,"value":"AccessLog{state=main.org-unit.view|technology-summary-section, params={\"#\":null,\"id\":10}, userId=anonymous, createdAt=null}"},"static":false,"thread_id":29},{"elapsed":3.86E-5,"event":"return","id":124236,"parent_id":124227,"return_value":{"class":"java.time.LocalDateTime","object_id":2078877327,"value":"2024-07-23T16:43:27.865932"},"thread_id":29},{"elapsed":6.35E-5,"event":"return","id":124240,"parent_id":124226,"return_value":{"class":"org.finos.waltz.model.accesslog.ImmutableAccessLog","object_id":508834170,"value":"AccessLog{state=main.org-unit.view|technology-summary-section, params={\"#\":null,\"id\":10}, userId=anonymous, createdAt=2024-07-23T16:43:27.865932}"},"thread_id":29},{"defined_class":"org.finos.waltz.service.access_log.AccessLogService","event":"call","id":124243,"lineno":49,"method_id":"write","parameters":[{"class":"org.finos.waltz.model.accesslog.ImmutableAccessLog","kind":"req","name":"logEntry","object_id":508834170,"value":"AccessLog{state=main.org-unit.view|technology-summary-section, params={\"#\":null,\"id\":10}, userId=anonymous, createdAt=2024-07-23T16:43:27.865932}"}],"path":"waltz-service/src/main/java/org/finos/waltz/service/access_log/AccessLogService.java","receiver":{"class":"org.finos.waltz.service.access_log.AccessLogService","object_id":933369216,"value":"org.finos.waltz.service.access_log.AccessLogService@37a21580"},"static":false,"thread_id":29},{"defined_class":"org.finos.waltz.common.Checks","event":"call","id":124251,"lineno":37,"method_id":"checkNotNull","parameters":[{"class":"org.finos.waltz.model.accesslog.ImmutableAccessLog","kind":"req","name":"t","object_id":508834170,"value":"AccessLog{state=main.org-unit.view|technology-summary-section, params={\"#\":null,\"id\":10}, userId=anonymous, createdAt=2024-07-23T16:43:27.865932}"},{"class":"java.lang.String","kind":"req","name":"message","object_id":1235795672,"value":"logEntry must not be null"},{"class":"[Ljava.lang.Object;","kind":"req","name":"args","object_id":1535635548,"value":"[Ljava.lang.Object;@5b87f05c"}],"path":"waltz-common/src/main/java/org/finos/waltz/common/Checks.java","static":true,"thread_id":29},{"defined_class":"org.finos.waltz.common.Checks","event":"call","id":124254,"lineno":85,"method_id":"checkTrue","parameters":[{"class":"java.lang.Boolean","kind":"req","name":"b","object_id":1741409773,"value":"true"},{"class":"java.lang.String","kind":"req","name":"msg","object_id":1235795672,"value":"logEntry must not be null"},{"class":"[Ljava.lang.Object;","kind":"req","name":"args","object_id":1535635548,"value":"[Ljava.lang.Object;@5b87f05c"}],"path":"waltz-common/src/main/java/org/finos/waltz/common/Checks.java","static":true,"thread_id":29},{"elapsed":1.24E-5,"event":"return","id":124257,"parent_id":124254,"thread_id":29},{"elapsed":5.21E-5,"event":"return","id":124266,"parent_id":124251,"return_value":{"class":"org.finos.waltz.model.accesslog.ImmutableAccessLog","object_id":508834170,"value":"AccessLog{state=main.org-unit.view|technology-summary-section, params={\"#\":null,\"id\":10}, userId=anonymous, createdAt=2024-07-23T16:43:27.865932}"},"thread_id":29},{"defined_class":"org.finos.waltz.data.access_log.AccessLogDao","event":"call","id":124274,"lineno":74,"method_id":"write","parameters":[{"class":"org.finos.waltz.model.accesslog.ImmutableAccessLog","kind":"req","name":"logEntry","object_id":508834170,"value":"AccessLog{state=main.org-unit.view|technology-summary-section, params={\"#\":null,\"id\":10}, userId=anonymous, createdAt=2024-07-23T16:43:27.865932}"}],"path":"waltz-data/src/main/java/org/finos/waltz/data/access_log/AccessLogDao.java","receiver":{"class":"org.finos.waltz.data.access_log.AccessLogDao","object_id":685924558,"value":"org.finos.waltz.data.access_log.AccessLogDao@28e260ce"},"static":false,"thread_id":29},{"defined_class":"org.finos.waltz.schema.tables.AccessLog","event":"call","id":124278,"lineno":160,"method_id":"fieldsRow","path":"org/finos/waltz/schema/tables/AccessLog.java","receiver":{"class":"org.finos.waltz.schema.tables.AccessLog","object_id":1544628934,"value":"\"access_log\""},"static":false,"thread_id":29},{"elapsed":8.8E-6,"event":"return","id":124279,"parent_id":124278,"return_value":{"class":"org.jooq.impl.RowImpl","object_id":1900615325,"value":"(\"access_log\".\"id\", \"access_log\".\"user_id\", \"access_log\".\"state\", \"access_log\".\"params\", \"access_log\".\"created_at\")"},"thread_id":29},{"defined_class":"org.finos.waltz.model.accesslog.ImmutableAccessLog","event":"call","id":124280,"lineno":63,"method_id":"params","path":"org/finos/waltz/model/accesslog/ImmutableAccessLog.java","receiver":{"class":"org.finos.waltz.model.accesslog.ImmutableAccessLog","object_id":508834170,"value":"AccessLog{state=main.org-unit.view|technology-summary-section, params={\"#\":null,\"id\":10}, userId=anonymous, createdAt=2024-07-23T16:43:27.865932}"},"static":false,"thread_id":29},{"elapsed":4.3E-6,"event":"return","id":124281,"parent_id":124280,"return_value":{"class":"java.lang.String","object_id":1688848824,"value":"{\"#\":null,\"id\":10}"},"thread_id":29},{"defined_class":"org.finos.waltz.model.accesslog.ImmutableAccessLog","event":"call","id":124283,"lineno":54,"method_id":"state","path":"org/finos/waltz/model/accesslog/ImmutableAccessLog.java","receiver":{"class":"org.finos.waltz.model.accesslog.ImmutableAccessLog","object_id":508834170,"value":"AccessLog{state=main.org-unit.view|technology-summary-section, params={\"#\":null,\"id\":10}, userId=anonymous, createdAt=2024-07-23T16:43:27.865932}"},"static":false,"thread_id":29},{"elapsed":9.05E-5,"event":"return","id":124300,"parent_id":124283,"return_value":{"class":"java.lang.String","object_id":448225081,"value":"main.org-unit.view|technology-summary-section"},"thread_id":29},{"defined_class":"org.finos.waltz.model.accesslog.ImmutableAccessLog","event":"call","id":124302,"lineno":72,"method_id":"userId","path":"org/finos/waltz/model/accesslog/ImmutableAccessLog.java","receiver":{"class":"org.finos.waltz.model.accesslog.ImmutableAccessLog","object_id":508834170,"value":"AccessLog{state=main.org-unit.view|technology-summary-section, params={\"#\":null,\"id\":10}, userId=anonymous, createdAt=2024-07-23T16:43:27.865932}"},"static":false,"thread_id":29},{"elapsed":3.0E-6,"event":"return","id":124304,"parent_id":124302,"return_value":{"class":"java.lang.String","object_id":2095922165,"value":"anonymous"},"thread_id":29},{"defined_class":"org.finos.waltz.model.accesslog.ImmutableAccessLog","event":"call","id":124307,"lineno":81,"method_id":"createdAt","path":"org/finos/waltz/model/accesslog/ImmutableAccessLog.java","receiver":{"class":"org.finos.waltz.model.accesslog.ImmutableAccessLog","object_id":508834170,"value":"AccessLog{state=main.org-unit.view|technology-summary-section, params={\"#\":null,\"id\":10}, userId=anonymous, createdAt=2024-07-23T16:43:27.865932}"},"static":false,"thread_id":29},{"elapsed":3.0E-6,"event":"return","id":124309,"parent_id":124307,"return_value":{"class":"java.time.LocalDateTime","object_id":2078877327,"value":"2024-07-23T16:43:27.865932"},"thread_id":29},{"event":"call","id":124349,"sql_query":{"database_type":"PostgreSQL","sql":"insert into \"access_log\" (\"params\", \"state\", \"user_id\", \"created_at\") values (?, ?, ?, cast(? as timestamp))"},"thread_id":29},{"elapsed":1.65E-5,"event":"return","id":124351,"parent_id":124349,"thread_id":29},{"defined_class":"org.finos.waltz.service.SlowQueryListener","event":"call","id":124352,"lineno":59,"method_id":"executeStart","parameters":[{"class":"org.jooq.impl.DefaultExecuteContext","kind":"req","name":"ctx","object_id":1319708207,"value":"org.jooq.impl.DefaultExecuteContext@4ea9262f"}],"path":"waltz-service/src/main/java/org/finos/waltz/service/SlowQueryListener.java","receiver":{"class":"org.finos.waltz.service.SlowQueryListener","object_id":1388633466,"value":"org.finos.waltz.service.SlowQueryListener@52c4dd7a"},"static":false,"thread_id":29},{"elapsed":3.9E-6,"event":"return","id":124353,"parent_id":124352,"thread_id":29},{"defined_class":"org.finos.waltz.service.SlowQueryListener","event":"call","id":124471,"lineno":66,"method_id":"executeEnd","parameters":[{"class":"org.jooq.impl.DefaultExecuteContext","kind":"req","name":"ctx","object_id":1319708207,"value":"org.jooq.impl.DefaultExecuteContext@4ea9262f"}],"path":"waltz-service/src/main/java/org/finos/waltz/service/SlowQueryListener.java","receiver":{"class":"org.finos.waltz.service.SlowQueryListener","object_id":1388633466,"value":"org.finos.waltz.service.SlowQueryListener@52c4dd7a"},"static":false,"thread_id":29},{"elapsed":5.5E-6,"event":"return","id":124472,"parent_id":124471,"thread_id":29},{"elapsed":0.0020521,"event":"return","id":124473,"parent_id":124274,"return_value":{"class":"java.lang.Integer","object_id":1220839829,"value":"1"},"thread_id":29},{"elapsed":0.0021796,"event":"return","id":124474,"parent_id":124243,"return_value":{"class":"java.lang.Integer","object_id":1220839829,"value":"1"},"thread_id":29},{"elapsed":0.0025575,"event":"return","id":124475,"parent_id":124158,"return_value":{"class":"org.finos.waltz.model.ImmutableWaltzVersionInfo","object_id":2033199478,"value":"WaltzVersionInfo{pomVersion=1.62-SNAPSHOT, timestamp=1721751508710, revision=dde8a3935468f53fce15c81945a61208a9a291f3}"},"thread_id":29},{"defined_class":"org.finos.waltz.model.ImmutableWaltzVersionInfo","event":"call","id":124476,"lineno":38,"method_id":"pomVersion","path":"org/finos/waltz/model/ImmutableWaltzVersionInfo.java","receiver":{"class":"org.finos.waltz.model.ImmutableWaltzVersionInfo","object_id":2033199478,"value":"WaltzVersionInfo{pomVersion=1.62-SNAPSHOT, timestamp=1721751508710, revision=dde8a3935468f53fce15c81945a61208a9a291f3}"},"static":false,"thread_id":29},{"elapsed":3.3E-6,"event":"return","id":124477,"parent_id":124476,"return_value":{"class":"java.lang.String","object_id":2052038071,"value":"1.62-SNAPSHOT"},"thread_id":29},{"defined_class":"org.finos.waltz.model.ImmutableWaltzVersionInfo","event":"call","id":124478,"lineno":47,"method_id":"timestamp","path":"org/finos/waltz/model/ImmutableWaltzVersionInfo.java","receiver":{"class":"org.finos.waltz.model.ImmutableWaltzVersionInfo","object_id":2033199478,"value":"WaltzVersionInfo{pomVersion=1.62-SNAPSHOT, timestamp=1721751508710, revision=dde8a3935468f53fce15c81945a61208a9a291f3}"},"static":false,"thread_id":29},{"elapsed":1.9E-6,"event":"return","id":124479,"parent_id":124478,"return_value":{"class":"java.lang.String","object_id":222255400,"value":"1721751508710"},"thread_id":29},{"defined_class":"org.finos.waltz.model.ImmutableWaltzVersionInfo","event":"call","id":124480,"lineno":56,"method_id":"revision","path":"org/finos/waltz/model/ImmutableWaltzVersionInfo.java","receiver":{"class":"org.finos.waltz.model.ImmutableWaltzVersionInfo","object_id":2033199478,"value":"WaltzVersionInfo{pomVersion=1.62-SNAPSHOT, timestamp=1721751508710, revision=dde8a3935468f53fce15c81945a61208a9a291f3}"},"static":false,"thread_id":29},{"elapsed":2.1E-6,"event":"return","id":124481,"parent_id":124480,"return_value":{"class":"java.lang.String","object_id":227384442,"value":"dde8a3935468f53fce15c81945a61208a9a291f3"},"thread_id":29},{"elapsed":0.0037971,"event":"return","http_server_response":{"headers":{"Access-Control-Expose-Headers":"*","Access-Control-Allow-Origin":"*","Date":"Tue, 23 Jul 2024 16:43:27 GMT","Content-Type":"application/json"},"status":200},"id":124482,"parent_id":124059,"thread_id":29}],"classMap":[{"children":[{"children":[{"children":[{"children":[{"children":[{"children":[{"labels":[],"location":"waltz-model/src/main/java/org/finos/waltz/model/accesslog/AccessLog.java:40","name":"createdAt","static":false,"type":"function"}],"location":"waltz-model/src/main/java/org/finos/waltz/model/accesslog/AccessLog.java","name":"AccessLog","static":false,"type":"class"},{"children":[{"labels":[],"location":"org/finos/waltz/model/accesslog/ImmutableAccessLog.java:270","name":"builder","static":true,"type":"function"},{"labels":[],"location":"org/finos/waltz/model/accesslog/ImmutableAccessLog.java:81","name":"createdAt","static":false,"type":"function"},{"labels":[],"location":"org/finos/waltz/model/accesslog/ImmutableAccessLog.java:63","name":"params","static":false,"type":"function"},{"labels":[],"location":"org/finos/waltz/model/accesslog/ImmutableAccessLog.java:72","name":"userId","static":false,"type":"function"},{"labels":[],"location":"org/finos/waltz/model/accesslog/ImmutableAccessLog.java:54","name":"state","static":false,"type":"function"}],"location":"org/finos/waltz/model/accesslog/ImmutableAccessLog.java","name":"ImmutableAccessLog","static":false,"type":"class"},{"children":[{"labels":[],"location":"org/finos/waltz/model/accesslog/ImmutableAccessLog.java:365","name":"build","static":false,"type":"function"},{"labels":[],"location":"org/finos/waltz/model/accesslog/ImmutableAccessLog.java:330","name":"params","static":false,"type":"function"},{"labels":[],"location":"org/finos/waltz/model/accesslog/ImmutableAccessLog.java:318","name":"state","static":false,"type":"function"},{"labels":[],"location":"org/finos/waltz/model/accesslog/ImmutableAccessLog.java:342","name":"userId","static":false,"type":"function"}],"location":"org/finos/waltz/model/accesslog/ImmutableAccessLog.java","name":"ImmutableAccessLog$Builder","static":true,"type":"class"}],"name":"accesslog","type":"package"},{"children":[{"labels":[],"location":"org/finos/waltz/model/ImmutableWaltzVersionInfo.java:56","name":"revision","static":false,"type":"function"},{"labels":[],"location":"org/finos/waltz/model/ImmutableWaltzVersionInfo.java:38","name":"pomVersion","static":false,"type":"function"},{"labels":[],"location":"org/finos/waltz/model/ImmutableWaltzVersionInfo.java:47","name":"timestamp","static":false,"type":"function"}],"location":"org/finos/waltz/model/ImmutableWaltzVersionInfo.java","name":"ImmutableWaltzVersionInfo","static":false,"type":"class"}],"name":"model","type":"package"},{"children":[{"children":[{"children":[{"labels":[],"location":"org/finos/waltz/schema/tables/AccessLog.java:160","name":"fieldsRow","static":false,"type":"function"}],"location":"org/finos/waltz/schema/tables/AccessLog.java","name":"AccessLog","static":false,"type":"class"}],"name":"tables","type":"package"}],"name":"schema","type":"package"},{"children":[{"children":[{"children":[{"children":[{"labels":[],"location":"waltz-web/src/main/java/org/finos/waltz/web/endpoints/api/AccessLogEndpoint.java:79","name":"writeRoute","static":false,"type":"function"}],"location":"waltz-web/src/main/java/org/finos/waltz/web/endpoints/api/AccessLogEndpoint.java","name":"AccessLogEndpoint","static":false,"type":"class"}],"name":"api","type":"package"},{"children":[{"children":[{"labels":[],"location":"waltz-web/src/main/java/org/finos/waltz/web/endpoints/auth/JWTAuthenticationFilter.java:62","name":"handle","static":false,"type":"function"}],"location":"waltz-web/src/main/java/org/finos/waltz/web/endpoints/auth/JWTAuthenticationFilter.java","name":"JWTAuthenticationFilter","static":false,"type":"class"},{"children":[{"labels":[],"location":"waltz-web/src/main/java/org/finos/waltz/web/endpoints/auth/AuthenticationUtilities.java:37","name":"getUsername","static":true,"type":"function"}],"location":"waltz-web/src/main/java/org/finos/waltz/web/endpoints/auth/AuthenticationUtilities.java","name":"AuthenticationUtilities","static":false,"type":"class"}],"name":"auth","type":"package"}],"name":"endpoints","type":"package"},{"children":[{"labels":[],"location":"waltz-web/src/main/java/org/finos/waltz/web/WebUtilities.java:171","name":"getUsername","static":true,"type":"function"}],"location":"waltz-web/src/main/java/org/finos/waltz/web/WebUtilities.java","name":"WebUtilities","static":false,"type":"class"}],"name":"web","type":"package"},{"children":[{"children":[{"children":[{"labels":[],"location":"waltz-service/src/main/java/org/finos/waltz/service/access_log/AccessLogService.java:49","name":"write","static":false,"type":"function"}],"location":"waltz-service/src/main/java/org/finos/waltz/service/access_log/AccessLogService.java","name":"AccessLogService","static":false,"type":"class"}],"name":"access_log","type":"package"},{"children":[{"labels":[],"location":"waltz-service/src/main/java/org/finos/waltz/service/SlowQueryListener.java:66","name":"executeEnd","static":false,"type":"function"},{"labels":[],"location":"waltz-service/src/main/java/org/finos/waltz/service/SlowQueryListener.java:59","name":"executeStart","static":false,"type":"function"}],"location":"waltz-service/src/main/java/org/finos/waltz/service/SlowQueryListener.java","name":"SlowQueryListener","static":false,"type":"class"}],"name":"service","type":"package"},{"children":[{"children":[{"children":[{"labels":[],"location":"waltz-data/src/main/java/org/finos/waltz/data/access_log/AccessLogDao.java:74","name":"write","static":false,"type":"function"}],"location":"waltz-data/src/main/java/org/finos/waltz/data/access_log/AccessLogDao.java","name":"AccessLogDao","static":false,"type":"class"}],"name":"access_log","type":"package"}],"name":"data","type":"package"},{"children":[{"children":[{"labels":[],"location":"waltz-common/src/main/java/org/finos/waltz/common/Checks.java:85","name":"checkTrue","static":true,"type":"function"},{"labels":[],"location":"waltz-common/src/main/java/org/finos/waltz/common/Checks.java:37","name":"checkNotNull","static":true,"type":"function"}],"location":"waltz-common/src/main/java/org/finos/waltz/common/Checks.java","name":"Checks","static":false,"type":"class"}],"name":"common","type":"package"}],"name":"waltz","type":"package"}],"name":"finos","type":"package"}],"name":"org","type":"package"}],"version":"1.2","metadata":{"name":"POST /api/access-log/main.org-unit.view%7Ctechnology-summary-section (200) - 16:43:27.850","app":"waltz","language":{"name":"java","version":"17.0.8+9-LTS-211","engine":"Java HotSpot(TM) 64-Bit Server VM"},"client":{"name":"appmap-java","url":"https://github.com/appland/appmap-java"},"recorder":{"name":"request_recording","type":"requests"},"recording":{},"git":{"repository":"git@github.com:land-of-apps/waltz.git","branch":"master","commit":"dde8a3935468f53fce15c81945a61208a9a291f3"}},"eventUpdates":{}}