{"events":[{"event":"call","http_server_request":{"headers":{"Cookie":"appland_session=bFU5p0cvqrcXlz2oQfgEZG3%2BQjfds2AwmlOA%2Fx5fhQLjPvVHIKrHyvnbeq5nw8c5sME56znPsnpSSzB3nr%2BHfdk9sEC9MgOgNKjgjD8qlzGqDVuwRPr30ch96LWGIDwuITrAUwQGqlUw7%2Fdsq0tjrfHFPTlemq71kQtCAIi9JTRWo5tLPJlG%2F9JtfTuiWIfWg8X67ZkAOuaapIHdaA5w5QtwMr7h34LfseImCERQpzoz9xTqJYqSi2SJ9RE1eVw2jyYFG9IGPA4d1USUIXvAmeaMOQ9Z%2BDmKhiIRXve6%2BzO47%2F2RW1kaH2PND2r0EKz%2BaWMbrXswEaj2kjwx09pTJANR5arO0I9c2RelyrURJyvI%2FZ8OwnG99VyxbE2scovqFvxwhmhXr1KDOxpRle3VOJSpxXtFaDjv2TSSbtqGkIj4T51u58xasM4KbZUpapu5OQ5ENf%2FSMADW4DHmCrSQJ14SgVbNtrazlgwdph5p0AKax1l0Bw7j0jz2SGT9C5HMnzVyZdV59G6paFrgLqvtGuXdWr4VeJt2tPVftjki2S0LpmpTAacYMTeiz0JRvAUI2MTy5coFmozGwP2tYolztMsGb%2Bss8Pp0ZRYy8EsEs78L1J1nDMR5VCJ5yVhSq8JXZA7Misee05vblyt4OMHf9CA4AMzWpe2NbExRxiHuW%2Bkx%2F83vj%2Btrqn1QRG33cQUOn3jl8nfSuSLj5p0K5PYVYnXJu8E7RhAyqpC6J23a%2F8B4qsDAOrIrUYPQAWaYOsjd0i3Q5y49d77RlVc7zyyLJxFNVWLlYCD5BrfOMpyF2f9InowPEQei23xjT4UE0W3dXZP1xhk5wDvQ--zbb2b%2Flld908TQxF--8LcY2kn8%2BBw8bSaDiyP6LQ%3D%3D","Accept":"*/*","Connection":"keep-alive","User-Agent":"Mozilla/5.0 (Macintosh; Intel Mac OS X 10_15_7) AppleWebKit/537.36 (KHTML, like Gecko) Chrome/126.0.0.0 Safari/537.36","Referer":"http://localhost:8080/","Sec-Fetch-Site":"same-origin","Sec-Fetch-Dest":"script","Host":"localhost:8080","Accept-Encoding":"gzip, deflate, br, zstd","Sec-Fetch-Mode":"no-cors","sec-ch-ua":"\"Not/A)Brand\";v=\"8\", \"Chromium\";v=\"126\", \"Google Chrome\";v=\"126\"","sec-ch-ua-mobile":"?0","sec-ch-ua-platform":"\"macOS\"","Accept-Language":"en-US,en;q=0.9"},"path_info":"/app-91ce39bd.ae6e5d7ef6880e1c6b26.js","protocol":"HTTP/1.1","request_method":"GET"},"id":67807,"thread_id":29},{"defined_class":"org.finos.waltz.web.endpoints.api.StaticResourcesEndpoint","event":"call","id":67819,"lineno":170,"method_id":"resolvePath","parameters":[{"class":"spark.http.matching.RequestWrapper","kind":"req","name":"request","object_id":224066143,"value":"spark.Request@7cb0bc10"}],"path":"waltz-web/src/main/java/org/finos/waltz/web/endpoints/api/StaticResourcesEndpoint.java","receiver":{"class":"org.finos.waltz.web.endpoints.api.StaticResourcesEndpoint","object_id":551183701,"value":"org.finos.waltz.web.endpoints.api.StaticResourcesEndpoint@20da6555"},"static":false,"thread_id":29},{"elapsed":7.48E-5,"event":"return","id":67822,"parent_id":67819,"return_value":{"class":"java.lang.String","object_id":1886999068,"value":"static/app-91ce39bd.ae6e5d7ef6880e1c6b26.js"},"thread_id":29},{"defined_class":"org.finos.waltz.web.WebUtilities","event":"call","id":67830,"lineno":337,"method_id":"getMimeType","parameters":[{"class":"java.lang.String","kind":"req","name":"path","object_id":1886999068,"value":"static/app-91ce39bd.ae6e5d7ef6880e1c6b26.js"}],"path":"waltz-web/src/main/java/org/finos/waltz/web/WebUtilities.java","static":true,"thread_id":29},{"defined_class":"org.finos.waltz.common.ObjectUtilities","event":"call","id":67832,"lineno":34,"method_id":"firstNotNull","parameters":[{"class":"[Ljava.lang.String;","kind":"req","name":"ts","object_id":1780447209,"value":"[Ljava.lang.String;@6a1f77e9"}],"path":"waltz-common/src/main/java/org/finos/waltz/common/ObjectUtilities.java","static":true,"thread_id":29},{"elapsed":1.21E-5,"event":"return","id":67833,"parent_id":67832,"return_value":{"class":"java.lang.String","object_id":1117401480,"value":"text/javascript"},"thread_id":29},{"elapsed":5.15E-5,"event":"return","id":67834,"parent_id":67830,"return_value":{"class":"java.lang.String","object_id":1117401480,"value":"text/javascript"},"thread_id":29},{"defined_class":"org.finos.waltz.web.endpoints.api.StaticResourcesEndpoint","event":"call","id":67836,"lineno":107,"method_id":"addCacheHeadersIfNeeded","parameters":[{"class":"spark.http.matching.ResponseWrapper","kind":"req","name":"response","object_id":810414327,"value":"spark.Response@a1ebd50"},{"class":"java.lang.String","kind":"req","name":"resolvedPath","object_id":1886999068,"value":"static/app-91ce39bd.ae6e5d7ef6880e1c6b26.js"}],"path":"waltz-web/src/main/java/org/finos/waltz/web/endpoints/api/StaticResourcesEndpoint.java","receiver":{"class":"org.finos.waltz.web.endpoints.api.StaticResourcesEndpoint","object_id":551183701,"value":"org.finos.waltz.web.endpoints.api.StaticResourcesEndpoint@20da6555"},"static":false,"thread_id":29},{"elapsed":7.21E-5,"event":"return","id":67842,"parent_id":67836,"thread_id":29},{"defined_class":"org.finos.waltz.web.endpoints.api.StaticResourcesEndpoint","event":"call","id":67843,"lineno":126,"method_id":"modifyIndexBaseTagIfNeeded","parameters":[{"class":"spark.http.matching.RequestWrapper","kind":"req","name":"request","object_id":224066143,"value":"spark.Request@7cb0bc10"},{"class":"java.lang.String","kind":"req","name":"resolvedPath","object_id":1886999068,"value":"static/app-91ce39bd.ae6e5d7ef6880e1c6b26.js"},{"class":"java.io.BufferedInputStream","kind":"req","name":"resourceStream","object_id":1933037631,"value":"java.io.BufferedInputStream@7337d03f"}],"path":"waltz-web/src/main/java/org/finos/waltz/web/endpoints/api/StaticResourcesEndpoint.java","receiver":{"class":"org.finos.waltz.web.endpoints.api.StaticResourcesEndpoint","object_id":551183701,"value":"org.finos.waltz.web.endpoints.api.StaticResourcesEndpoint@20da6555"},"static":false,"thread_id":29},{"elapsed":7.1E-6,"event":"return","id":67845,"parent_id":67843,"return_value":{"class":"java.io.BufferedInputStream","object_id":1933037631,"value":"java.io.BufferedInputStream@7337d03f"},"thread_id":29},{"defined_class":"org.finos.waltz.common.IOUtilities","event":"call","id":67847,"lineno":54,"method_id":"copyStream","parameters":[{"class":"java.io.BufferedInputStream","kind":"req","name":"input","object_id":1933037631,"value":"java.io.BufferedInputStream@7337d03f"},{"class":"org.eclipse.jetty.server.HttpOutput","kind":"req","name":"output","object_id":975364698,"value":"HttpOutput@3a22e25a{s=OPEN,api=BLOCKING,sc=false,e=null}"}],"path":"waltz-common/src/main/java/org/finos/waltz/common/IOUtilities.java","static":true,"thread_id":29},{"defined_class":"org.finos.waltz.common.Checks","event":"call","id":67850,"lineno":37,"method_id":"checkNotNull","parameters":[{"class":"java.io.BufferedInputStream","kind":"req","name":"t","object_id":1933037631,"value":"java.io.BufferedInputStream@7337d03f"},{"class":"java.lang.String","kind":"req","name":"message","object_id":384607547,"value":"Input stream cannot be null"},{"class":"[Ljava.lang.Object;","kind":"req","name":"args","object_id":1644577167,"value":"[Ljava.lang.Object;@6206418f"}],"path":"waltz-common/src/main/java/org/finos/waltz/common/Checks.java","static":true,"thread_id":29},{"defined_class":"org.finos.waltz.common.Checks","event":"call","id":67851,"lineno":85,"method_id":"checkTrue","parameters":[{"class":"java.lang.Boolean","kind":"req","name":"b","object_id":1741409773,"value":"true"},{"class":"java.lang.String","kind":"req","name":"msg","object_id":384607547,"value":"Input stream cannot be null"},{"class":"[Ljava.lang.Object;","kind":"req","name":"args","object_id":1644577167,"value":"[Ljava.lang.Object;@6206418f"}],"path":"waltz-common/src/main/java/org/finos/waltz/common/Checks.java","static":true,"thread_id":29},{"elapsed":1.05E-5,"event":"return","id":67852,"parent_id":67851,"thread_id":29},{"elapsed":4.2E-5,"event":"return","id":67853,"parent_id":67850,"return_value":{"class":"java.io.BufferedInputStream","object_id":1933037631,"value":"java.io.BufferedInputStream@7337d03f"},"thread_id":29},{"defined_class":"org.finos.waltz.common.Checks","event":"call","id":67854,"lineno":37,"method_id":"checkNotNull","parameters":[{"class":"org.eclipse.jetty.server.HttpOutput","kind":"req","name":"t","object_id":975364698,"value":"HttpOutput@3a22e25a{s=OPEN,api=BLOCKING,sc=false,e=null}"},{"class":"java.lang.String","kind":"req","name":"message","object_id":558176083,"value":"Output stream cannot be null"},{"class":"[Ljava.lang.Object;","kind":"req","name":"args","object_id":1024712560,"value":"[Ljava.lang.Object;@3d13df70"}],"path":"waltz-common/src/main/java/org/finos/waltz/common/Checks.java","static":true,"thread_id":29},{"defined_class":"org.finos.waltz.common.Checks","event":"call","id":67855,"lineno":85,"method_id":"checkTrue","parameters":[{"class":"java.lang.Boolean","kind":"req","name":"b","object_id":1741409773,"value":"true"},{"class":"java.lang.String","kind":"req","name":"msg","object_id":558176083,"value":"Output stream cannot be null"},{"class":"[Ljava.lang.Object;","kind":"req","name":"args","object_id":1024712560,"value":"[Ljava.lang.Object;@3d13df70"}],"path":"waltz-common/src/main/java/org/finos/waltz/common/Checks.java","static":true,"thread_id":29},{"elapsed":3.12E-5,"event":"return","id":67856,"parent_id":67855,"thread_id":29},{"elapsed":5.26E-5,"event":"return","id":67857,"parent_id":67854,"return_value":{"class":"org.eclipse.jetty.server.HttpOutput","object_id":975364698,"value":"HttpOutput@3a22e25a{s=OPEN,api=BLOCKING,sc=false,e=null}"},"thread_id":29},{"elapsed":2.469E-4,"event":"return","id":67859,"parent_id":67847,"thread_id":29},{"elapsed":0.0014935,"event":"return","http_server_response":{"headers":{"Access-Control-Expose-Headers":"*","Cache-Control":"max-age=2592000","Access-Control-Allow-Origin":"*","Date":"Tue, 23 Jul 2024 16:28:05 GMT","Content-Type":"text/javascript"},"status":200},"id":67862,"parent_id":67807,"thread_id":29}],"classMap":[{"children":[{"children":[{"children":[{"children":[{"children":[{"labels":[],"location":"waltz-common/src/main/java/org/finos/waltz/common/IOUtilities.java:54","name":"copyStream","static":true,"type":"function"}],"location":"waltz-common/src/main/java/org/finos/waltz/common/IOUtilities.java","name":"IOUtilities","static":false,"type":"class"},{"children":[{"labels":[],"location":"waltz-common/src/main/java/org/finos/waltz/common/Checks.java:85","name":"checkTrue","static":true,"type":"function"},{"labels":[],"location":"waltz-common/src/main/java/org/finos/waltz/common/Checks.java:37","name":"checkNotNull","static":true,"type":"function"}],"location":"waltz-common/src/main/java/org/finos/waltz/common/Checks.java","name":"Checks","static":false,"type":"class"},{"children":[{"labels":[],"location":"waltz-common/src/main/java/org/finos/waltz/common/ObjectUtilities.java:34","name":"firstNotNull","static":true,"type":"function"}],"location":"waltz-common/src/main/java/org/finos/waltz/common/ObjectUtilities.java","name":"ObjectUtilities","static":false,"type":"class"}],"name":"common","type":"package"},{"children":[{"children":[{"children":[{"children":[{"labels":[],"location":"waltz-web/src/main/java/org/finos/waltz/web/endpoints/api/StaticResourcesEndpoint.java:170","name":"resolvePath","static":false,"type":"function"},{"labels":[],"location":"waltz-web/src/main/java/org/finos/waltz/web/endpoints/api/StaticResourcesEndpoint.java:107","name":"addCacheHeadersIfNeeded","static":false,"type":"function"},{"labels":[],"location":"waltz-web/src/main/java/org/finos/waltz/web/endpoints/api/StaticResourcesEndpoint.java:126","name":"modifyIndexBaseTagIfNeeded","static":false,"type":"function"}],"location":"waltz-web/src/main/java/org/finos/waltz/web/endpoints/api/StaticResourcesEndpoint.java","name":"StaticResourcesEndpoint","static":false,"type":"class"}],"name":"api","type":"package"}],"name":"endpoints","type":"package"},{"children":[{"labels":[],"location":"waltz-web/src/main/java/org/finos/waltz/web/WebUtilities.java:337","name":"getMimeType","static":true,"type":"function"}],"location":"waltz-web/src/main/java/org/finos/waltz/web/WebUtilities.java","name":"WebUtilities","static":false,"type":"class"}],"name":"web","type":"package"}],"name":"waltz","type":"package"}],"name":"finos","type":"package"}],"name":"org","type":"package"}],"version":"1.2","metadata":{"name":"GET /app-91ce39bd.ae6e5d7ef6880e1c6b26.js (200) - 16:28:05.351","app":"waltz","language":{"name":"java","version":"17.0.8+9-LTS-211","engine":"Java HotSpot(TM) 64-Bit Server VM"},"client":{"name":"appmap-java","url":"https://github.com/appland/appmap-java"},"recorder":{"name":"request_recording","type":"requests"},"recording":{},"git":{"repository":"git@github.com:land-of-apps/waltz.git","branch":"master","commit":"dde8a3935468f53fce15c81945a61208a9a291f3"}},"eventUpdates":{}}